,btc_open,btc_high,btc_low,btc_close,btc_volume,eth_open,eth_high,eth_low,eth_close,eth_volume,nasdaq_open,nasdaq_high,nasdaq_low,nasdaq_close,nasdaq_volume,sp500_close,btc_return,btc_return_30d,btc_volatility_30d,btc_drawdown,btc_crash_flag,btc_boom_flag,btc_convexity,btc_liquidity_cost,eth_return,eth_return_30d,eth_volatility_30d,eth_drawdown,eth_crash_flag,eth_boom_flag,eth_convexity,eth_liquidity_cost,nasdaq_return,nasdaq_return_30d,nasdaq_volatility_30d,nasdaq_drawdown,nasdaq_crash_flag,nasdaq_boom_flag,nasdaq_convexity,nasdaq_liquidity_cost,corr_btc_nasdaq_30d,corr_eth_nasdaq_30d,risk_ratio_btc_vs_nasdaq
2021-02-03,35472.71,37662.63,35362.38,37618.87,80784.333663,,,,,,13513.4,13596.1,13400.3,13427.2,0.0,3830.17,0.06069518505485805,0.1760045966217456,0.05471611652118607,-0.07303437095656992,0,1,0.061146174778774584,1330984.002769656,,,,,0,0,,,-0.0060110745906249985,0.05717660026769544,0.013402644052181157,-0.010238756901393888,0,0,0.014582340324118289,0.0,0.25759063362421236,,4.08248368630253
2021-02-04,37620.26,38708.27,36161.95,36936.66,92080.735898,,,,,,13442.8,13579.0,13356.6,13571.7,0.0,3871.74,-0.018134781826248392,0.08798737419928959,0.05390761559593823,-0.08984469039970358,0,0,0.06893747296046798,5077573.3617587965,,,,,0,0,,,0.01076173736892283,0.05899014490039556,0.01343789220502097,0.0,0,0,0.016387040680239,0.0,0.2321232218050701,,4.01160945908626
2021-02-05,36936.65,38310.12,36570.0,38290.24,66681.334275,,,,,,13563.3,13646.4,13527.9,13611.8,0.0,3886.83,0.03664597719447271,0.04136269981310514,0.05220629084235337,-0.05649115968066282,0,0,0.04544552345454097,1819608.0766261222,,,,,0,0,,,0.002954677748550294,0.07438394872685361,0.0131971540252696,0.0,0,0,0.008705681834878562,0.0,0.29965433326168317,,3.955871939030997
2021-02-06,38289.32,40955.51,38215.94,39186.94,98757.311183,,,,,,13563.3,13646.4,13527.9,13611.8,0.0,3886.83,0.023418500380253615,-0.006221806093890447,0.050693579175731286,-0.03439559754487172,0,0,0.0699102813335259,4217062.041071226,,,,,0,0,,,0.0,0.052087278460955844,0.01271944760386072,0.0,0,0,0.008705681834878562,0.0,0.24578634698842272,,3.9855142219542703
2021-02-07,39181.01,39700.0,37351.0,38795.69,84363.679763,,,,,,13563.3,13646.4,13527.9,13611.8,0.0,3886.83,-0.009984193713517775,-0.04403637894960932,0.050447800083140044,-0.044036378949609344,0,0,0.06054796293093382,8449715.388797471,,,,,0,0,,,0.0,0.03626840446427204,0.012463832226144776,0.0,0,0,0.008705681834878562,0.0,0.23121168605344283,,4.0475319863499415
2021-02-08,38795.69,46794.45,37988.89,46374.87,138597.536914,,,,,,13627.7,13699.9,13604.2,13693.1,0.0,3915.59,0.1953613919484356,0.15682038264607412,0.06172634745940721,0.0,0,1,0.1898778368543135,709441.7604076262,,,,,0,0,,,0.005972758929752242,0.04245778583065607,0.012490625519043617,0.0,0,0,0.006988921427580235,0.0,0.22723805239863798,,4.941809995600085
2021-02-09,46374.86,48142.19,44961.09,46420.42,115499.861712,,,,,,13687.2,13742.5,13638.9,13705.2,0.0,3911.23,0.0009822129959609072,0.21678625594429568,0.060861489919847064,0.0,0,0,0.06852803141376157,117590264.31569816,,,,,0,0,,,0.0008836567322227928,0.043378960671163425,0.012488098809989844,0.0,0,0,0.007559174619852345,0.0,0.22694655533538916,,4.873555383434921
2021-02-10,46420.42,47310.0,43727.0,44807.58,97154.1822,,,,,,13700.2,13776.8,13525.6,13672.9,0.0,3909.88,-0.03474419231881132,0.2655910397754859,0.05953356690608297,-0.034744192318811346,0,0,0.07996414892301704,2796270.3333499315,,,,,0,0,,,-0.0023567696932551563,0.05842145190506409,0.012042657396907021,-0.0023567696932551944,0,0,0.018372108331078184,0.0,0.17811330872252948,,4.94355319664257
2021-02-11,44807.58,48678.9,43994.02,47969.51,89561.081454,,,,,,13664.9,13750.5,13620.2,13717.9,0.0,3916.38,0.07056685498301851,0.4087448797753035,0.05983626957714408,0.0,0,1,0.0976637034649719,1269166.2223559504,,,,,0,0,,,0.003291181826825307,0.06386493361459245,0.012023150740111137,0.0,0,0,0.009498538406024193,0.0,0.1717706759935449,,4.976750362949151
2021-02-12,47968.66,48985.8,46125.0,47287.6,85870.035697,,,,,,13718.2,13827.6,13653.7,13826.4,0.0,3934.83,-0.014215488129855847,0.2653426231517273,0.05785014499297625,-0.014215488129855892,0,0,0.06049788951014649,6040592.803192242,,,,,0,0,,,0.007909373883757675,0.06446174099822155,0.01203203140812688,0.0,0,0,0.012577388184921573,0.0,0.14804822966029718,,4.808007471940892
2021-02-13,47298.15,48150.0,46202.53,47153.69,63768.097399,,,,,,13718.2,13827.6,13653.7,13826.4,0.0,3934.83,-0.0028318206041328953,0.2046057555978491,0.05743811544998678,-0.017007053021804885,0,0,0.04130047934742755,22518330.47708931,,,,,0,0,,,0.0,0.07075979462079962,0.011944160345359162,0.0,0,0,0.012577388184921573,0.0,0.16738240371212001,,4.808882809705073
2021-02-14,47156.78,49707.43,47014.17,48577.79,73735.475533,,,,,,13718.2,13827.6,13653.7,13826.4,0.0,3934.83,0.03020124193885998,0.3221245205107366,0.05605367901344559,0.0,0,0,0.055442209289471626,2441470.8265164495,,,,,0,0,,,0.0,0.08236067729738616,0.011697517044620994,0.0,0,0,0.012577388184921573,0.0,0.12311994164916255,,4.791925575348115
2021-02-15,48580.47,49010.92,45570.79,47911.1,79398.156784,,,,,,13830.9,13885.9,13813.9,13879.4,0.0,3934.83,-0.013724173125208128,0.33104949634643477,0.055939802820847165,-0.01372417312520809,0,0,0.07180235895230953,5785273.77984079,,,,,0,0,,,0.0038332465428456697,0.08650963262174849,0.011687847400359662,0.0,0,0,0.005187544130149719,0.0,0.11752108375219916,,4.786146930499492
2021-02-16,47911.1,50689.18,47003.62,49133.45,88813.266298,,,,,,13872.0,13907.8,13724.1,13762.3,0.0,3932.59,0.025512876974229215,0.37134680915614626,0.0559193805504064,0.0,0,0,0.07501121944418716,3481113.9322535717,,,,,0,0,,,-0.008436964133896274,0.07734278982018594,0.011858693387859427,-0.008436964133896304,0,0,0.013348059553998889,0.0,0.10551858069422308,,4.715471727512379
2021-02-17,49133.45,52618.74,48947.0,52119.71,85743.637818,,,,,,13756.9,13789.3,13548.5,13702.7,0.0,3931.33,0.060778553103842725,0.4228201752218803,0.05659925044254015,0.0,0,1,0.07044820471948132,1410754.605558927,,,,,0,0,,,-0.004330671472064895,0.06846997177299885,0.011921360150100568,-0.012731097886075689,0,0,0.017573179008516515,0.0,0.08636417203013366,,4.747713537110722
2021-02-18,52117.67,52530.0,50901.9,51552.6,60758.046954,,,,,,13699.6,13726.2,13472.8,13643.7,0.0,3913.97,-0.01088091242257494,0.43634605306160323,0.056434332455833514,-0.010880912422574888,0,0,0.03158133634385072,5583905.903781068,,,,,0,0,,,-0.004305720770359178,0.046023276139656843,0.01164278999122544,-0.016982002103837265,0,0,0.018572674567749324,0.0,0.12340727782493977,,4.8471443723472944
2021-02-19,51552.61,56368.0,50710.2,55906.0,79659.77802,,,,,,13638.3,13732.3,13539.0,13575.7,0.0,3906.71,0.08444578934913083,0.5762275140315711,0.05766094560093935,0.0,0,1,0.10120201767252178,943324.3409853508,,,,,0,0,,,-0.004983985282584591,0.020453110436272848,0.011165490501541878,-0.021881349337867555,0,0,0.014238676458672427,0.0,0.1304210278297018,,5.164206082206237
2021-02-20,55906.0,57700.46,53863.93,55841.19,80948.205314,,,,,,13638.3,13732.3,13539.0,13575.7,0.0,3906.71,-0.0011592673416090937,0.8100795685463886,0.05070693135547959,-0.0011592673416090879,0,0,0.06870430232593537,69826436.18449639,,,,,0,0,,,0.0,0.012288511583860906,0.011079687397547028,-0.021881349337867555,0,0,0.014238676458672427,0.0,0.21855216335464334,,4.5765628370595905
2021-02-21,55841.19,58352.8,55477.59,57408.57,58166.708511,,,,,,13638.3,13732.3,13539.0,13575.7,0.0,3906.71,0.02806852790923675,0.7425489077761627,0.04995608622752819,0.0,0,0,0.050083288958425655,2072309.883011704,,,,,0,0,,,0.0,0.015651067968428523,0.011057228746787152,-0.021881349337867555,0,0,0.014238676458672427,0.0,0.23338839460603597,,4.517953113931242
2021-02-22,57412.35,57508.47,47622.0,54087.67,134019.434944,,,,,,13596.6,13632.2,13216.9,13224.4,0.0,3876.5,-0.05784676399359889,0.6861297462435314,0.05127428762972249,-0.05784676399359889,1,0,0.18278602128729157,2316800.5005573877,,,,,0,0,,,-0.025877118675280197,-0.010631055250065469,0.012067033742943939,-0.04719224173955647,0,0,0.031404071262212355,0.0,0.3198644246850428,,4.249117573614874
2021-02-23,54087.67,54183.59,44892.56,48891.0,169375.025051,,,,,,13227.2,13339.2,12763.1,13162.5,0.0,3881.37,-0.09607864417158285,0.5155347660718104,0.05537192393917057,-0.14836756951096325,1,0,0.19003558937227708,1762878.8258057844,,,,,0,0,,,-0.004680741659356946,-0.015262035686230524,0.012093448896753711,-0.0516520887070046,0,0,0.043768281101614466,0.0,0.3209159539428623,,4.578667229276667
2021-02-24,48891.0,51374.99,46988.69,49676.2,91881.209252,,,,,,13170.7,13336.1,12959.7,13316.1,0.0,3925.43,0.016060215581599868,0.540146709575807,0.05529396711958871,-0.1346901690810275,0,0,0.08829781666069457,5721041.01434714,,,,,0,0,,,0.011669515669515684,-0.011960852693046697,0.01219293225512428,-0.04058532789601851,0,0,0.02826653449583584,0.0,0.3260216805448444,,4.534915852353072
2021-02-25,49676.21,52041.73,46674.34,47073.73,83310.673121,,,,,,13304.8,13357.4,12768.4,12791.8,0.0,3829.34,-0.05238866902057715,0.44986027682221486,0.05666854818807389,-0.1800225994132931,1,0,0.114020919948345,1590241.91253758,,,,,0,0,,,-0.039373390106713035,-0.057076094087468054,0.01404129267684667,-0.07836073605487272,0,0,0.04604512265670195,0.0,0.39068295592803454,,4.035846921918234
2021-02-26,47073.73,48424.11,44106.78,46276.87,109423.200663,,,,,,12794.1,13091.9,12666.9,12909.9,0.0,3811.15,-0.016927912871998907,0.5239623725760427,0.055028289354181026,-0.19390310540743302,0,0,0.09329347468832705,6464065.407812135,,,,,0,0,,,0.009232477055613808,-0.01252141720719624,0.012574197714101924,-0.06985172269694656,0,0,0.03292047188591701,0.0,0.293533606774496,,4.376282832712157
2021-02-27,46276.88,48394.0,45000.0,46106.43,66060.834292,,,,,,12794.1,13091.9,12666.9,12909.9,0.0,3811.15,-0.0036830494370082567,0.3818859123041427,0.0528209273149599,-0.19687200012123623,0,0,0.07361229225511495,17936401.902235147,,,,,0,0,,,0.0,-0.019578210317671374,0.012493768123910605,-0.06985172269694656,0,0,0.03292047188591701,0.0,0.27335506767976536,,4.227778562344657
2021-02-28,46103.67,46638.46,43000.0,45135.66,83055.369042,,,,,,12794.1,13091.9,12666.9,12909.9,0.0,3811.15,-0.021054980834560366,0.317744845586561,0.05308667083124355,-0.21378184476638237,0,0,0.08061164941423253,3944687.969451411,,,,,0,0,,,0.0,0.002142474558114671,0.011841721855853754,-0.06985172269694656,0,0,0.03292047188591701,0.0,0.30452749610954105,,4.483015784975834
2021-03-01,45134.11,49790.0,44950.53,49587.03,85086.111648,,,,,,12971.1,13322.1,12950.8,13317.7,0.0,3901.82,0.09862202081458427,0.4472522449951668,0.0554166860779664,-0.13624342149612856,0,1,0.0975954801084074,862749.5392785751,,,,,0,0,,,0.03158816102371054,0.03379831241315623,0.013159882976589413,-0.04047004913757071,0,0,0.02788018952221488,0.0,0.3885180735753996,,4.211028628921911
2021-03-02,49595.76,50200.0,47047.6,48440.65,64221.06214,,,,,,13309.9,13332.2,13052.9,13059.5,0.0,3870.29,-0.02311854531315949,0.46377419017568067,0.05512340516149947,-0.15621221709580987,0,0,0.06507757431000619,2777901.182408411,,,,,0,0,,,-0.019387732115905942,0.013755307670214156,0.0136860001796534,-0.059073158782079895,0,0,0.021386729966690998,0.0,0.4080262658704201,,4.027719140779967
2021-03-03,48436.61,52640.0,48100.71,50349.37,81035.913705,,,,,,13057.9,13194.7,12667.3,12682.6,0.0,3819.72,0.03940326977445596,0.5017841179942832,0.05531440631597615,-0.12296421945364598,0,0,0.09015584504830945,2056577.8830810245,,,,,0,0,,,-0.02886021670048622,-0.041969452040307664,0.013717484332842788,-0.08622851131893304,0,0,0.04158453313989256,0.0,0.37557317933043866,,4.032398700070241
2021-03-04,50349.37,51773.88,47500.0,48374.09,82649.716829,,,,,,12678.2,12799.3,12309.7,12434.9,0.0,3768.47,-0.0392314739985824,0.3639475174137432,0.05556374191452071,-0.1573716258739767,0,0,0.08835060256430659,2106719.1042782497,,,,,0,0,,,-0.01953069559869436,-0.07946907109650292,0.01347004440106076,-0.10407510411112872,0,0,0.0393730548697616,0.0,0.37742886160475264,,4.124982740243803
2021-03-05,48374.09,49448.93,46300.0,48751.71,78192.496372,,,,,,12433.3,12701.1,12212.3,12656.2,0.0,3841.94,0.007806245037374371,0.29593765043979237,0.054793403342064236,-0.15079386231010458,0,0,0.06459117023792602,10016646.394158805,,,,,0,0,,,0.01779668513618926,-0.057420757864632965,0.013958746638338385,-0.08813061083332124,0,0,0.03862138714622091,0.0,0.37488543320948914,,3.925378510545242
2021-03-06,48746.81,49200.0,47070.0,48882.2,44399.234242,,,,,,12433.3,12701.1,12212.3,12656.2,0.0,3841.94,0.0026766240609816805,0.32340606865915844,0.0545553279237895,-0.14852085672923054,0,0,0.043574143553277066,16587711.741856923,,,,,0,0,,,0.0,-0.06745654560592995,0.013759678203065307,-0.08813061083332124,0,0,0.03862138714622091,0.0,0.3980429233506044,,3.96486658117994
2021-03-07,48882.2,51450.03,48882.2,50971.75,55235.028032,,,,,,12433.3,12701.1,12212.3,12656.2,0.0,3841.94,0.04274664397265271,0.3311943200147087,0.05466641786770293,-0.11212298094169564,0,0,0.05037751303418073,1292148.575356021,,,,,0,0,,,0.0,-0.07020379376717245,0.013731811067227017,-0.08813061083332124,0,0,0.03862138714622091,0.0,0.3951796360613905,,3.981002781792159
2021-03-08,50959.11,52402.78,49274.67,52375.17,66987.359664,,,,,,12723.2,12764.1,12289.1,12336.8,0.0,3821.35,0.027533290499148988,0.33654656372760905,0.05470390537015417,-0.08767680504844488,0,0,0.05972505673967265,2432957.852839709,,,,,0,0,,,-0.02523664291019434,-0.09366872860312381,0.014343439225036583,-0.11114313298845774,0,0,0.03850269113546463,0.0,0.3602612286552469,,3.813859868145812
2021-03-09,52375.18,54895.0,51789.41,54884.5,71656.737076,,,,,,12336.8,12871.0,12330.1,12792.1,0.0,3875.44,0.04791067981259056,0.41470611812807023,0.05495520401528103,-0.04396678056952123,0,0,0.056584099335878005,1495631.5042904927,,,,,0,0,,,0.03690584268205699,-0.06021980928312187,0.016100034030240143,-0.07833912128766368,0,0,0.042283909600456505,0.0,0.3768216906240607,,3.413357374182369
2021-03-10,54874.67,57387.69,53005.0,55851.59,84749.238943,,,,,,12811.1,12996.3,12707.8,12792.5,0.0,3898.81,0.017620457506217546,0.20435033025429483,0.04287276143278631,-0.027121037852014137,0,0,0.0784702816875939,4809704.334637854,,,,,0,0,,,3.1269299020530994e-05,-0.06577035149089694,0.016035723503021994,-0.07831030159805176,0,0,0.022552276724643345,0.0,0.41125533587903385,,2.67357657351357
2021-03-11,55851.59,58150.0,54272.82,57773.16,81914.812859,,,,,,12789.8,13122.4,12727.6,13046.8,0.0,3939.34,0.034404929206133694,0.2445634916702608,0.043141675938533304,0.0,0,0,0.06711040213137034,2380902.706097393,,,,,0,0,,,0.01987883525503209,-0.048040159939293225,0.016526751732809847,-0.05998818392725913,0,0,0.03026029371186799,0.0,0.42549705625676615,,2.6104131369478174
2021-03-12,57773.15,58081.51,54962.84,57221.72,73405.406047,,,,,,13049.9,13097.1,12774.0,12941.7,0.0,3943.34,-0.009544916705265916,0.27705446266011236,0.042517193287454444,-0.009544916705265945,0,0,0.05450150746954138,7690515.423916497,,,,,0,0,,,-0.008055615170003305,-0.05347804781721499,0.016569546755800513,-0.06756055737279702,0,0,0.024965808201395517,0.0,0.43477250552004737,,2.565982537376591
2021-03-13,57221.72,61844.0,56078.23,61188.39,83245.091346,,,,,,13049.9,13097.1,12774.0,12941.7,0.0,3943.34,0.06932105501197783,0.2755683766625925,0.04245560730998914,0.0,0,1,0.09422980405269687,1200862.844960854,,,,,0,0,,,0.0,-0.05658300468730626,0.01654625748680974,-0.06756055737279702,0,0,0.024965808201395517,0.0,0.42596811456223277,,2.565872172913538
2021-03-14,61188.38,61724.79,58966.78,58968.31,52601.05275,,,,,,13049.9,13097.1,12774.0,12941.7,0.0,3943.34,-0.03628270003508838,0.2470142278313976,0.043058836075094434,-0.036282700035088385,0,0,0.046771053808393054,1449755.3434991608,,,,,0,0,,,0.0,-0.06398628710293341,0.016448823840730122,-0.06756055737279702,0,0,0.024965808201395517,0.0,0.42920882787028863,,2.6177439988768927
2021-03-15,58976.08,60633.43,54600.0,55605.2,102771.427298,,,,,,12949.2,13104.8,12878.5,13091.0,0.0,3968.94,-0.05703249762457163,0.17923326891278268,0.044648826660156994,-0.09124590465609575,1,0,0.10850478012847721,1801979.8107864086,,,,,0,0,,,0.011536351483962592,-0.053188103917144014,0.01663272642832976,-0.05680360822513939,0,0,0.017286685509128354,0.0,0.37011868714007773,,2.684394528377708
2021-03-16,55605.2,56938.29,53271.34,56900.75,77986.694355,,,,,,13089.8,13302.8,13063.7,13169.7,0.0,3962.71,0.023299079942163736,0.1713326192895972,0.04453998539995896,-0.07007277034090943,0,0,0.0644446690069991,3347199.163082742,,,,,0,0,,,0.0060117638071959245,-0.047496094428050584,0.016689859791565308,-0.05113333429398958,0,0,0.01815531105492141,0.0,0.37396988964469674,,2.668683815764008
2021-03-17,56900.74,58974.73,54123.69,58912.97,70421.620841,,,,,,13165.5,13286.8,12950.9,13187.1,0.0,3974.12,0.03536368149804714,0.22963092060086288,0.0446826419540582,-0.037187119974884095,0,0,0.08234247908397761,1991353.7828732848,,,,,0,0,,,0.0013212146062553387,-0.0498796777958701,0.016668541174686118,-0.04987967779587009,0,0,0.02547186265365392,0.0,0.3821446786305362,,2.68065541424596
2021-03-18,58912.97,60129.97,57023.0,57648.16,66580.406675,,,,,,13188.8,13282.6,12777.9,12806.2,0.0,3915.46,-0.021469126407987926,0.17329762107077773,0.04486620552609701,-0.05785787140338218,0,0,0.05389538885542923,3101214.9445483857,,,,,0,0,,,-0.02888428843339319,-0.06947239923559279,0.01736262693390742,-0.07732322722884268,0,0,0.03941059799159787,0.0,0.40479432918222663,,2.5840663314498036
2021-03-19,57641.0,59468.0,56270.74,58030.01,52392.652961,,,,,,12797.4,12912.3,12696.9,12840.9,0.0,3913.1,0.0066238020432916045,0.11339855881776795,0.043672786148573776,-0.05161730844691285,0,0,0.055096664639554635,7909743.304697434,,,,,0,0,,,0.002709625025378193,-0.06289271457449996,0.017381119750210255,-0.07482311915500671,0,0,0.016774525150106273,0.0,0.4212062486614634,,2.5126552057437737
2021-03-20,58030.01,59880.0,57820.17,58102.28,44476.941776,,,,,,12797.4,12912.3,12696.9,12840.9,0.0,3913.1,0.0012453901007425383,0.12704849027983078,0.043581476004453036,-0.05043620203113696,0,0,0.035451792941688376,35712974.28792703,,,,,0,0,,,0.0,-0.058840343894984604,0.017379341665542045,-0.07482311915500671,0,0,0.016774525150106273,0.0,0.4201495293195309,,2.5076583317467365
2021-03-21,58100.02,58589.1,55450.11,57351.56,48564.470274,,,,,,12797.4,12912.3,12696.9,12840.9,0.0,3913.1,-0.012920663354346829,0.025856974206704075,0.04100345019564913,-0.06270519619816768,0,0,0.05473242576139164,3758664.037247078,,,,,0,0,,,0.0,-0.05412612240989423,0.017372397293827436,-0.07482311915500671,0,0,0.016774525150106273,0.0,0.4578885026082514,,2.3602630022505866
2021-03-22,57351.56,58430.73,53650.0,54083.25,62581.626169,,,,,,12825.6,13173.7,12804.5,13080.1,0.0,3940.59,-0.05698729031956584,-0.03148106263494743,0.042379846167361165,-0.11611908729744318,1,0,0.08839576024000043,1098167.9394893781,,,,,0,0,,,0.01862797778971892,-0.036506404826270544,0.017763998479081614,-0.05758894476706481,0,0,0.0282260838984412,0.0,0.38042990233459295,,2.3857141375082347
2021-03-23,54083.25,55830.9,53000.0,54340.89,59789.365427,,,,,,13080.3,13188.6,12996.2,13048.1,0.0,3910.52,0.004763766970365069,-0.05343592428795907,0.04205625563994141,-0.11190848459977457,0,0,0.05209520859890225,12550832.207079183,,,,,0,0,,,-0.002446464476571264,-0.03886355768026695,0.017764457068129434,-0.05989451993602024,0,0,0.014745441865099105,0.0,0.3815314143889231,,2.367436944696921
2021-03-24,54342.8,57200.0,51700.0,52303.65,83537.465021,,,,,,13063.3,13161.5,12800.3,12813.0,0.0,3889.14,-0.03749000062383956,-0.03298385750393751,0.04126372335949773,-0.14520303606615564,0,0,0.10515518515438214,2228259.3051035115,,,,,0,0,,,-0.0180179489734138,-0.03110916185233359,0.01744253091165113,-0.07683329250543969,0,0,0.0281901194099743,0.0,0.357931610038937,,2.3656945148361217
2021-03-25,52303.66,53287.0,50427.56,51293.78,87400.534538,,,,,,12809.6,12875.2,12626.3,12806.7,0.0,3909.52,-0.019307830333064713,0.0491456505287271,0.03730973133771138,-0.1617073108150092,0,0,0.05574633025680701,4526686.207795411,,,,,0,0,,,-0.000491688129243717,-0.02703133903133903,0.017428027596050975,-0.07728720261682774,0,0,0.01943513941921037,0.0,0.3760311491885159,,2.140787861633108
2021-03-26,51293.78,55073.46,51214.6,55025.59,63813.774692,,,,,,12805.6,13004.1,12692.1,12975.0,0.0,3974.54,0.07275365551144786,0.10768516915545079,0.03940927006948529,-0.10071845328827908,0,1,0.07012846204829427,877121.0940836906,,,,,0,0,,,0.013141558715359825,-0.02561560817356434,0.017466276516953823,-0.06516131821260282,0,0,0.024046242774566472,0.0,0.3955949296834673,,2.2563050269003826
2021-03-27,55025.59,56700.36,53950.0,55817.14,50105.475055,,,,,,12805.6,13004.1,12692.1,12975.0,0.0,3974.54,0.014385125175395697,0.18573862746801661,0.03796479711911678,-0.0877821756709075,0,0,0.04927447017170712,3483142.4553243197,,,,,0,0,,,0.0,0.014321674822933561,0.015867508761535407,-0.06516131821260282,0,0,0.024046242774566472,0.0,0.3223068189452641,,2.3926108227549463
2021-03-28,55817.14,56559.75,54691.84,55777.63,39050.387511,,,,,,12805.6,13004.1,12692.1,12975.0,0.0,3974.54,-0.0007078470878300047,0.2053025625976863,0.03773621091488262,-0.08842788640132551,0,0,0.03348851501937253,55167050.21731468,,,,,0,0,,,0.0,0.005042641693584038,0.015783531925060355,-0.06516131821260282,0,0,0.024046242774566472,0.0,0.3381729110595837,,2.3908582176328155
2021-03-29,55777.65,58405.82,54800.01,57635.47,67857.937398,,,,,,12985.5,13018.6,12823.0,12980.1,0.0,3971.09,0.03330797669244823,0.2500527583679759,0.037981300270446376,-0.05806526368809505,0,0,0.06256234225208882,2037287.2736071174,,,,,0,0,,,0.00039306358381496764,0.005437687356214971,0.015783447809447487,-0.06479386717005053,0,0,0.015069221346522782,0.0,0.33594855580568794,,2.4063992015559448
2021-03-30,57635.46,59368.0,57071.35,58746.57,55122.443122,,,,,,12983.6,12999.6,12793.0,12906.3,0.0,3958.55,0.01927805915350378,0.301555577120175,0.037623863316189284,-0.039906590122734065,0,0,0.03909419732930793,2859334.235346983,,,,,0,0,,,-0.005685626458964199,-0.0002788557618571552,0.015821277105804863,-0.07011109990345407,0,0,0.01600768616877032,0.0,0.3344050717511078,,2.3780532560075347
2021-03-31,58746.57,59800.0,56769.0,58740.55,60975.542666,,,,,,12901.5,13173.0,12874.4,13104.9,0.0,3972.89,-0.00010247406784769097,0.18459504430896545,0.03366954406713707,-0.04000497479995791,0,0,0.051599789242695204,594975823.5262499,,,,,0,0,,,0.015387833848585553,-0.01597873506686598,0.014963069210336062,-0.0558021240111244,0,0,0.02278537035765251,0.0,0.1894141831936042,,2.250174819891291
2021-04-01,58739.46,59490.0,57935.45,58720.44,47415.61722,,,,,,13102.5,13347.9,13102.5,13343.5,0.0,4019.87,-0.00034235294017503914,0.2122141218171103,0.03323949876283106,-0.04033363191938858,0,0,0.026473745768935023,138495180.56994697,,,,,0,0,,,0.01820693023220321,0.02174662123358484,0.014894600192851474,-0.03861117915760045,0,0,0.018390976880128876,0.0,0.1435302555345683,,2.2316461010026325
2021-04-02,58720.45,60200.0,58428.57,58950.01,47382.418781,,,,,,13343.6,13403.8,13341.1,13358.8,0.0,4019.87,0.0039095415497567565,0.17081921779756137,0.03267200714464603,-0.036581776379473255,0,0,0.030049698040763694,12119655.71446373,,,,,0,0,,,0.0011466256979053568,0.05331714317253544,0.013799703237514439,-0.03750882602994368,0,0,0.00469353534748622,0.0,0.23388939436260106,,2.3675859477882026
2021-04-03,58950.01,59791.72,56880.0,57051.94,47409.852113,,,,,,13343.6,13403.8,13341.1,13358.8,0.0,4019.87,-0.03219795891468047,0.1793904546834888,0.032361601175782885,-0.06760187676126136,0,0,0.05103630130719483,1472448.5335900725,,,,,0,0,,,0.0,0.07429894892600664,0.013205376186390075,-0.03750882602994368,0,0,0.00469353534748622,0.0,0.17441301088275132,,2.450636484159461
2021-04-04,57051.95,58492.85,56388.0,58202.01,41314.081973,,,,,,13343.6,13403.8,13341.1,13358.8,0.0,4019.87,0.020158297859809826,0.19384550818832813,0.032463543516147136,-0.04880631766908718,0,0,0.036164558577959735,2049481.6459951492,,,,,0,0,,,0.0,0.05551429338980096,0.012889347953183925,-0.03750882602994368,0,0,0.00469353534748622,0.0,0.17359035112955165,,2.5186315434841346
2021-04-05,58202.01,59272.0,56777.77,59129.99,54258.01579,,,,,,13349.8,13629.4,13319.8,13614.3,0.0,4077.91,0.015944122891975665,0.20964256927879688,0.03250099028707569,-0.03364036870393226,0,0,0.042182148178952904,3403008.2512236754,,,,,0,0,,,0.019125969398448905,0.0757020274647997,0.013260670750155372,-0.01910024929031517,0,0,0.022740794605672004,0.0,0.1804180160539599,,2.45092924710482
2021-04-06,59129.99,59495.24,57413.02,57991.15,54201.000727,,,,,,13620.0,13667.4,13538.4,13597.5,0.0,4073.94,-0.019259938992041037,0.13771157552958257,0.03211023207597519,-0.05225239624706579,0,0,0.035905823561008895,2814181.9456218686,,,,,0,0,,,-0.0012339966065092467,0.0743746148132931,0.013270667872550646,-0.020310676254016717,0,0,0.00948703805846663,0.0,0.19752482854501555,,2.41963766917986
2021-04-07,57990.03,58655.0,55473.0,55953.45,71228.405659,,,,,,13591.0,13654.9,13527.0,13635.3,0.0,4079.95,-0.03513812021317053,0.06832016010640163,0.03261531868515016,-0.0855544654794807,0,0,0.05686870067886789,2027097.2082715444,,,,,0,0,,,0.0027799227799227832,0.10525419881979126,0.012195212086475789,-0.017587215585688168,0,0,0.009380064978401622,0.0,0.2702568174687487,,2.674434172159913
2021-04-08,55953.44,58153.31,55700.0,58077.52,44283.147019,,,,,,13628.3,13803.3,13628.3,13802.1,0.0,4097.17,0.03796137682305556,0.058177080960927,0.03218770724844883,-0.050840853959386784,0,0,0.04224198967173526,1166531.3289372495,,,,,0,0,,,0.012232954170425359,0.07895498002673529,0.010584146757998176,-0.0055694050175079095,0,0,0.0126792299722506,0.0,0.19295653378743274,,3.0411215540742442
2021-04-09,58077.52,58894.9,57654.0,58142.54,40831.884911,,,,,,13797.6,13854.3,13662.6,13823.7,0.0,4128.8,0.0011195381620978662,0.04101852785211668,0.032059115609980794,-0.04977823407349006,0,0,0.021342376855225133,36471753.77831637,,,,,0,0,,,0.001564979242289155,0.08060973226499901,0.010575058828935955,-0.004013141778462967,0,0,0.01386748844375955,0.0,0.1980806358040124,,3.031575125285168
2021-04-10,58142.55,61500.0,57900.01,59769.13,69906.424117,,,,,,13797.6,13854.3,13662.6,13823.7,0.0,4128.8,0.0279759019815784,0.03454839582948188,0.03185473010594426,-0.023194923089167766,0,0,0.06023159447025577,2498807.6943847993,,,,,0,0,,,0.0,0.0595471686543827,0.010068404540926792,-0.004013141778462967,0,0,0.01386748844375955,0.0,0.14114094508934413,,3.1638278277537077
2021-04-11,59769.13,60699.0,59232.52,60002.43,41156.715391,,,,,,13797.6,13854.3,13662.6,13823.7,0.0,4128.8,0.0039033527842884386,0.0485953585456711,0.0317867338302509,-0.0193821082725007,0,0,0.02444034349942166,10543912.432803152,,,,,0,0,,,0.0,0.06815178840492364,0.009897525915429707,-0.004013141778462967,0,0,0.01386748844375955,0.0,0.1307132894630287,,3.211580549124066
2021-04-12,59998.8,61300.0,59350.59,59860.0,56375.037117,,,,,,13823.6,13845.3,13746.0,13837.5,0.0,4127.99,-0.002373737196976866,-0.021709837438115276,0.02914120285688223,-0.021709837438115293,0,0,0.0325661543601738,23749385.439526826,,,,,0,0,,,0.0009982855530719092,0.069218108903776,0.009891385145057982,-0.0030188624868509903,0,0,0.007176151761517563,0.0,0.16170003581614742,,2.9461165416530743
2021-04-13,59860.01,63777.77,59805.15,63575.0,82848.688746,,,,,,13833.7,14007.8,13786.6,13989.6,0.0,4141.59,0.062061476779151414,0.07812145201380205,0.030457974794279027,0.0,0,1,0.06248714117184421,1334945.2783949694,,,,,0,0,,,0.01099186991869927,0.08097081527156402,0.01000689082472959,0.0,0,0,0.015811745868359275,0.0,0.20104686344383985,,3.0436970774217778
2021-04-14,63575.01,64854.0,61301.0,62959.53,82616.343993,,,,,,13985.2,14042.5,13787.1,13840.8,0.0,4124.66,-0.009681006685017701,0.13225975268500068,0.028399340728082065,-0.009681006685017713,0,0,0.05643307693052982,8533849.974750761,,,,,0,0,,,-0.010636472808371988,0.05727599113895043,0.010145579212612195,-0.010636472808372011,0,0,0.018452690595919287,0.0,0.30077344364360736,,2.799181016788877
2021-04-15,62959.53,63800.0,62020.0,63159.98,51649.70034,,,,,,13835.2,14047.6,13803.3,14012.1,0.0,4170.42,0.003183791238594136,0.11000259223296704,0.028177660649670703,-0.006528037750688114,0,0,0.028182402844332755,16222652.254135955,,,,,0,0,,,0.012376452228195056,0.06396501059249649,0.010299725675076709,0.0,0,0,0.01743493123800152,0.0,0.28827981168137823,,2.7357654155975073
2021-04-16,63158.74,63520.61,60000.0,61334.8,91764.139884,,,,,,14006.0,14073.9,13959.6,14038.2,0.0,4185.47,-0.028897729226640023,0.04110860477752176,0.028143143823460042,-0.03523712151002748,0,0,0.05739987739423623,3175478.1633369154,,,,,0,0,,,0.0018626758301754087,0.06454034624746918,0.010298751495469364,0.0,0,0,0.00814206949608919,0.0,0.2927973118648855,,2.7326726457196613
2021-04-17,61334.81,62506.05,59580.91,60006.66,58912.256128,,,,,,14006.0,14073.9,13959.6,14038.2,0.0,4185.47,-0.021653938710161302,0.040911973599851326,0.0281484153369717,-0.05612803775068811,0,0,0.048746922424944154,2720624.1649752734,,,,,0,0,,,0.0,0.09620340147740936,0.008489797259281014,0.0,0,0,0.00814206949608919,0.0,0.25853831961175117,,3.315554108274955
2021-04-18,60006.67,60499.0,50931.3,56150.01,124882.131824,,,,,,14006.0,14073.9,13959.6,14038.2,0.0,4185.47,-0.06427036598937519,-0.03239703043304665,0.0305920930456622,-0.11679103421156112,1,0,0.17039533919940525,1943074.5487570325,,,,,0,0,,,0.0,0.09324112795832074,0.008508499151111229,0.0,0,0,0.00814206949608919,0.0,0.263879462769276,,3.595470428760932
2021-04-19,56150.01,57526.81,54221.58,55633.14,78229.042267,,,,,,13998.9,14066.8,13835.7,13907.7,0.0,4163.26,-0.009205163097922964,-0.04249643903819267,0.030629290737352915,-0.12492111679119151,0,0,0.05941117111131955,8498378.187440217,,,,,0,0,,,-0.009296063597897142,0.08307828890498348,0.008786659461100316,-0.009296063597897166,0,0,0.016616694349173376,0.0,0.26902670275020346,,3.4858817522330403
2021-04-20,55633.14,57076.24,53329.96,56425.0,72744.482151,,,,,,13908.3,13948.5,13734.6,13749.9,0.0,4134.94,0.01423360248945138,-0.016155794192869388,0.03066589989626362,-0.11246559182068423,0,0,0.066393974302171,5110753.310511396,,,,,0,0,,,-0.011346232662482025,0.07078943064738463,0.0091438567701534,-0.02053682095995221,0,0,0.015556476774376516,0.0,0.22920480602317117,,3.3537124574431174
2021-04-21,56425.0,56757.91,53536.02,53787.63,66984.756909,,,,,,13752.2,13941.7,13715.4,13906.5,0.0,4173.42,-0.0467411608329642,-0.005466017667207557,0.030061453449004343,-0.1539499803381833,0,0,0.059900203820097794,1433099.6788330132,,,,,0,0,,,0.011389173739445368,0.06317994510745328,0.008787307349487697,-0.009381544642475582,0,0,0.01627296587926517,0.0,0.3095147901949882,,3.4210046426463627
2021-04-22,53787.62,55521.48,50500.0,51690.96,104656.631337,,,,,,13904.3,13957.5,13716.3,13776.6,0.0,4134.98,-0.03898052396062068,-0.048764935576137924,0.030884722834446442,-0.1869294534014943,0,0,0.09714425888008277,2684843.451419298,,,,,0,0,,,-0.009340955668212692,0.05583188356925528,0.008997454345749828,-0.01863486771808354,0,0,0.017507948260093255,0.0,0.3511244255181106,,3.4326029698617915
2021-04-23,51690.95,52131.85,47500.0,51125.14,132230.780719,,,,,,13765.4,13995.4,13752.7,13919.5,0.0,4180.17,-0.010946208002327706,-0.022532079501143887,0.03018161359957461,-0.1958294927251278,0,0,0.090598284914232,12080042.68605661,,,,,0,0,,,0.010372660888753327,0.08635760555685623,0.008301663359611668,-0.008455499992876632,0,0,0.017435971119652206,0.0,0.2753187307809542,,3.6356060148560743
2021-04-24,51110.56,51166.22,48657.14,50047.84,55361.512573,,,,,,13765.4,13995.4,13752.7,13919.5,0.0,4180.17,-0.021071824937789918,-0.02429027457130284,0.030221571086134342,-0.21277483287455767,0,0,0.05013363214076775,2627275.352926929,,,,,0,0,,,0.0,0.08689201745961084,0.008295427742743835,-0.008455499992876632,0,0,0.017435971119652206,0.0,0.27456018459315545,,3.643155674644136
2021-04-25,50047.84,50567.91,46930.0,49066.77,58255.645004,,,,,,13765.4,13995.4,13752.7,13919.5,0.0,4180.17,-0.019602644190038987,-0.10829179659863708,0.02705272418451148,-0.22820652772316166,0,0,0.07414203135849382,2971824.347827468,,,,,0,0,,,0.0,0.07279383429672448,0.008075341634533783,-0.008455499992876632,0,0,0.017435971119652206,0.0,0.19801991398586394,,3.350036680609924
2021-04-26,49066.76,54356.62,48753.44,54001.39,86310.802124,,,,,,13929.8,14050.6,13880.3,14035.6,0.0,4187.62,0.10056948928979836,-0.03253033028922658,0.032946905483108496,-0.15058765237907984,0,1,0.10375992173534793,858220.4618051156,,,,,0,0,,,0.008340816839685461,0.08174181117533719,0.00813407527054778,-0.0001852089299198162,0,0,0.012133432129727343,0.0,0.24362948656456043,,4.050474563182164
2021-04-27,54001.38,55460.0,53222.0,55011.97,54064.034675,,,,,,14028.8,14063.1,13927.2,13965.2,0.0,4186.72,0.0187139627331816,-0.013727008479922809,0.03313469974201025,-0.1346917813605977,0,0,0.0406820551963509,2888966.198990954,,,,,0,0,,,-0.00501581692268227,0.0763159922928709,0.008241358336853332,-0.005200096878517188,0,0,0.009731332168533184,0.0,0.22077153833101656,,4.0205337739656875
2021-04-28,55011.97,56428.0,53813.16,54846.22,55130.459015,,,,,,13965.1,14007.1,13888.4,13983.1,0.0,4183.18,-0.0030129806294884043,-0.04839467779129758,0.03253619576630266,-0.13729893826189538,0,0,0.047675847123101585,18297587.27937397,,,,,0,0,,,0.0012817575115287028,0.07727213195584004,0.008235166486085565,-0.003925004630223274,0,0,0.008488818645364814,0.0,0.23457703432559732,,3.950880205333416
2021-04-29,54846.23,55195.84,52330.94,53555.0,52486.019455,,,,,,13981.3,14078.2,13833.0,13958.7,0.0,4211.47,-0.023542552248814963,-0.08837230837476984,0.03254843383574352,-0.15760912308297287,0,0,0.05349453832508625,2229409.8195553008,,,,,0,0,,,-0.0017449635631583416,0.0815415727202995,0.008130585747686435,-0.005663119203316664,0,0,0.01756610572617799,0.0,0.27250548018626725,,4.003204051192091
2021-04-30,53555.0,57963.0,53013.01,57694.27,68578.910045,,,,,,13958.7,13970.0,13833.3,13879.2,0.0,4181.17,0.07729007562319112,-0.017811886337462002,0.03566871810224457,-0.09250066850176962,0,1,0.08579690842782131,887292.4579141971,,,,,0,0,,,-0.005695372778267371,0.059084769818922744,0.00789933277212161,-0.011326238406633328,0,0,0.00984927085134595,0.0,0.1771936290385559,,4.515403259639111
2021-05-01,57697.25,58458.07,56956.14,57800.37,42600.351836,,,,,,13958.7,13970.0,13833.3,13879.2,0.0,4181.17,0.0018390041160067927,-0.01566864962183523,0.03567021201888227,-0.09083177349587097,0,0,0.025984781758317466,23164776.96674877,,,,,0,0,,,0.0,0.04014688799790167,0.007282195551388983,-0.011326238406633328,0,0,0.00984927085134595,0.0,0.19265046997972804,,4.898270416450776
2021-05-02,57797.35,57911.02,56035.25,56578.21,36812.878863,,,,,,13958.7,13970.0,13833.3,13879.2,0.0,4181.17,-0.021144501324126486,-0.04023408986699073,0.035870100747132004,-0.11005568226504131,0,0,0.03315357626195662,1741013.4620134474,,,,,0,0,,,0.0,0.038955594813905536,0.007286245130695533,-0.011326238406633328,0,0,0.00984927085134595,0.0,0.1951885831134882,,4.922981710593478
2021-05-03,56578.21,58981.44,56435.0,57169.39,57649.931286,,,,,,13885.0,13960.4,13785.1,13798.2,0.0,4192.66,0.010448898966580966,0.0020586504157438235,0.03542346439886059,-0.1007567440031459,0,0,0.04454201802747943,5517315.871961691,,,,,0,0,,,-0.005836071243299323,0.03289217594394711,0.0073991910961317,-0.01709620891567295,0,0,0.012704555666681107,0.0,0.17982343948332183,,4.787471503833024
2021-05-04,57169.39,57200.0,53046.69,53200.01,85324.625903,,,,,,13793.3,13805.1,13393.3,13533.9,0.0,4164.66,-0.06943191102791191,-0.08594204908043557,0.03744212055849282,-0.1631929217459693,1,0,0.07806972216734541,1228896.2287058018,,,,,0,0,,,-0.01915467234856727,0.013107464742342145,0.008272771362157571,-0.03592340898405786,0,0,0.03042729737917386,0.0,0.30629186718934787,,4.525941025078388
2021-05-05,53205.05,58069.82,52900.0,57436.11,77263.923439,,,,,,13534.6,13678.2,13476.4,13497.6,0.0,4167.59,0.07962592488234499,-0.02864671548227893,0.04021592689512182,-0.09656138419189932,0,1,0.09000992581147992,970336.1543341993,,,,,0,0,,,-0.002682153702923684,-0.008571869284502265,0.007498598845724761,-0.03850921058255334,0,0,0.014950806069227203,0.0,0.25141331969136715,,5.363118376023899
2021-05-06,57436.11,58360.0,55200.0,56393.68,70181.671908,,,,,,13492.1,13623.5,13401.6,13616.7,0.0,4201.62,-0.0181493837239326,-0.0275467894670135,0.0401982855021441,-0.11295823830121902,0,0,0.056034647854156704,3866887.9509432493,,,,,0,0,,,0.008823790896159256,0.0014120242691670892,0.007676271741921589,-0.030025216908150618,0,0,0.016296165737660344,0.0,0.22536629169980685,,5.236687090654041
2021-05-07,56393.68,58650.0,55241.63,57314.75,74542.747829,,,,,,13620.9,13823.6,13597.8,13725.4,0.0,4232.6,0.016332858575641707,0.024329152179177527,0.039749995457006665,-0.09847031065670468,0,0,0.05946758905866296,4563971.569585183,,,,,0,0,,,0.00798284459523968,0.0066078487455354384,0.007797299697671825,-0.022282058953427154,0,0,0.016451250965363567,0.0,0.24841279849067938,,5.097911587233157
2021-05-08,57315.49,59500.0,56900.0,58862.05,69709.906028,,,,,,13620.9,13823.6,13597.8,13725.4,0.0,4232.6,0.026996541030014143,0.013508324735629351,0.039452971447239235,-0.0741321274085725,0,0,0.04417107457181664,2582178.217895246,,,,,0,0,,,0.0,-0.005557125364980764,0.0074616186807737435,-0.022282058953427154,0,0,0.016451250965363567,0.0,0.20916684241473318,,5.287447705471737
2021-05-09,58866.53,59300.0,56235.66,58240.84,69806.11991,,,,,,13620.9,13823.6,13597.8,13725.4,0.0,4232.6,-0.010553658936445554,0.0016906726125138771,0.039511173286423736,-0.08390342115611488,0,0,0.05261496915223058,6614393.565912871,,,,,0,0,,,0.0,-0.007110976077316589,0.007454619179376273,-0.022282058953427154,0,0,0.016451250965363567,0.0,0.20877878261800992,,5.300219814519282
2021-05-10,58240.83,59500.0,53400.0,55816.14,89586.34925,,,,,,13719.0,13761.6,13315.2,13320.6,0.0,4188.43,-0.04163229788581346,-0.06613765333375266,0.03990200069123763,-0.12204262681871805,0,0,0.10928738533334624,2151846.8179979823,,,,,0,0,,,-0.02949276523817146,-0.03639401896742556,0.009172588975388083,-0.05111766465786214,0,0,0.03351200396378538,0.0,0.27807916140694844,,4.350130295492333
2021-05-11,55816.14,56862.43,54370.0,56670.02,64329.54055,,,,,,13320.2,13385.1,13075.5,13326.3,0.0,4152.1,0.01529808403089139,-0.05553791738101277,0.04000952372195043,-0.10861156114825014,0,0,0.04398145615618276,4205068.972651075,,,,,0,0,,,0.0004279086527632092,-0.0359816836302872,0.009174842194587446,-0.050711629696114986,0,0,0.023232255014520187,0.0,0.27920271638154115,,4.360781282727737
2021-05-12,56670.02,58000.01,48600.0,49631.32,99842.789836,,,,,,13322.9,13361.1,12969.9,12973.8,0.0,4063.04,-0.12420500292747383,-0.1708767123287671,0.04588967790658084,-0.219326464805348,1,0,0.1893967357708802,803854.7517747976,,,,,0,0,,,-0.02645145314153219,-0.0624173441734418,0.010255278787842484,-0.07582168654100963,0,0,0.03015307774129405,0.0,0.4376839294598456,,4.474732877438076
2021-05-13,49537.15,51367.19,46000.0,49670.97,147332.002121,,,,,,12978.3,13232.7,12924.3,13100.4,0.0,4112.5,0.0007988907004690127,-0.2187027919779787,0.04412219048917945,-0.21870279197797873,0,0,0.10805486585021397,184418416.49970442,,,,,0,0,,,0.009758127919345272,-0.0635615028306743,0.01020333255162422,-0.06680343633799213,0,0,0.023541265915544677,0.0,0.39536617098402355,,4.3242878758545515
2021-05-14,49671.92,51483.0,48799.75,49841.45,80082.204306,,,,,,13097.5,13434.3,13079.5,13407.9,0.0,4173.85,0.0034321858421528795,-0.20835733684797209,0.0441621760080247,-0.21602123476209206,0,0,0.053835713046069086,23332644.16979412,,,,,0,0,,,0.023472565723184013,-0.031277093809606304,0.011085691717364995,-0.04489891866478616,0,0,0.0264620112023508,0.0,0.3803212138409551,,3.9837059605209895
2021-05-15,49844.16,50700.0,46555.0,46762.99,89437.449359,,,,,,13097.5,13434.3,13079.5,13407.9,0.0,4173.85,-0.061765056995733425,-0.2596104368620763,0.045234370322061124,-0.26444372788045617,1,0,0.08863847243300739,1448026.428355985,,,,,0,0,,,0.0,-0.04311987496520864,0.010797310516795338,-0.04489891866478616,0,0,0.0264620112023508,0.0,0.3660191668385226,,4.189407015536736
2021-05-16,46762.99,49795.89,43825.39,46431.5,114269.812775,,,,,,13097.5,13434.3,13079.5,13407.9,0.0,4173.85,-0.007088725507072957,-0.24298277649882294,0.045078114227160786,-0.2696578843885175,0,0,0.12858727372581114,16119914.85096101,,,,,0,0,,,0.0,-0.044898918664786125,0.010783179861575905,-0.04489891866478616,0,0,0.0264620112023508,0.0,0.37268164820440247,,4.180406243962105
2021-05-17,46426.83,46686.0,42001.0,43538.04,166657.172736,,,,,,13389.8,13456.2,13191.6,13322.0,0.0,4163.29,-0.062316746174472026,-0.2744465364344558,0.04609499499496714,-0.3151704286276052,1,0,0.10760704891630399,2674355.710515479,,,,,0,0,,,-0.006406670694143024,-0.051017936772520756,0.010816379755282388,-0.05101793677252074,0,0,0.019861882600210205,0.0,0.38255471869484153,,4.261587834559657
2021-05-18,43538.02,45799.29,42250.02,42849.78,116979.860784,,,,,,13320.3,13440.9,13187.1,13195.5,0.0,4127.83,-0.015808244927883797,-0.23686959272135488,0.044948007564070636,-0.3259963822257177,0,0,0.08283053028510308,7399922.465677224,,,,,0,0,,,-0.009495571235550226,-0.06002906355515669,0.01090388747815438,-0.06002906355515669,0,0,0.019233829714675403,0.0,0.4001458674601372,,4.122196458112576
2021-05-19,42849.78,43584.9,30000.0,36690.09,354347.243161,,,,,,13187.3,13247.7,12960.5,13224.6,0.0,4115.68,-0.1437507963868193,-0.34049938579774575,0.051332655364201285,-0.4228849390483681,1,0,0.3702607434323547,2465010.472410752,,,,,0,0,,,0.0022052972604296173,-0.049116676373519685,0.01084065523496615,-0.057956148224131324,0,0,0.021717102974759216,0.0,0.3196577303765008,,4.735194220243032
2021-05-20,36671.23,42451.67,34850.0,40526.64,203017.596923,,,,,,13218.2,13528.3,13157.1,13494.3,0.0,4159.12,0.10456638291157105,-0.281760921577315,0.055438386274870396,-0.3625381046008651,0,1,0.1875721747472773,1941518.6014371412,,,,,0,0,,,0.020393811533051975,-0.018589226103462586,0.011393461622618778,-0.03874428345514393,0,0,0.027507910747500718,0.0,0.4312435835803629,,4.86580281332442
2021-05-21,40525.39,42200.0,33488.0,37252.01,202100.888258,,,,,,13491.9,13574.9,13401.6,13419.6,0.0,4155.86,-0.08080191202626219,-0.30742421631144556,0.05656551444972664,-0.4140462445930004,1,0,0.23386657525325477,2501189.1201339653,,,,,0,0,,,-0.005535670616482413,-0.03501240427138386,0.011198626554641522,-0.04406547848014705,0,0,0.012913946764434057,0.0,0.4725261136086386,,5.0511072641501
2021-05-22,37263.35,38829.0,35200.62,37449.73,126542.243689,,,,,,13491.9,13574.9,13401.6,13419.6,0.0,4155.86,0.005307633064632,-0.2755071679844986,0.056376800597973904,-0.4109362170664569,0,0,0.0968866798238598,23841513.483117703,,,,,0,0,,,0.0,-0.025913505509341905,0.011091701797428528,-0.04406547848014705,0,0,0.012913946764434057,0.0,0.4660480748465614,,5.082786284714334
2021-05-23,37458.51,38270.64,31111.01,34655.25,217136.046593,,,,,,13491.9,13574.9,13401.6,13419.6,0.0,4155.86,-0.07461949658916112,-0.32214855548561827,0.05763250180030275,-0.45489186000786475,1,0,0.20659582602924523,2909909.9755309853,,,,,0,0,,,0.0,-0.03591364632350302,0.01089077840486425,-0.04406547848014705,0,0,0.012913946764434057,0.0,0.4612845055135391,,5.291857637649247
2021-05-24,34681.44,39920.0,34031.0,38796.29,161630.893971,,,,,,13390.1,13691.6,13362.4,13656.4,0.0,4197.05,0.1194924289970496,-0.22481589615056308,0.06232840572504064,-0.38975556429414077,0,1,0.15179286473010692,1352645.366749865,,,,,0,0,,,0.017645831470386453,-0.018901541003628064,0.011419320639017695,-0.027197219016683125,0,0,0.02410591371078767,0.0,0.5224543443833648,,5.458148791320243
2021-05-25,38810.99,39791.77,36419.62,38324.72,111996.228404,,,,,,13650.9,13743.9,13612.6,13674.9,0.0,4188.13,-0.012155028225637077,-0.2189271884006222,0.06228947345555324,-0.3971731026346834,0,0,0.08798890115831229,9213975.82837548,,,,,0,0,,,0.0013546761957763387,-0.017572470275512786,0.011424340351867143,-0.025879386246100002,0,0,0.00960153273515706,0.0,0.5223740737436721,,5.452342718583813
2021-05-26,38324.72,40841.0,37800.44,39241.91,104780.773396,,,,,,13666.7,13733.7,13661.5,13709.0,0.0,4195.99,0.023932073084943717,-0.27331666833020407,0.059252566347448014,-0.3827462052693668,0,0,0.07748246708684663,4378255.45833577,,,,,0,0,,,0.0024936196974019165,-0.02326940066687566,0.011317200780128161,-0.023450299895998113,0,0,0.005266613173827465,0.0,0.5095363652939603,,5.2356156917647345
2021-05-27,39241.92,40411.14,37134.27,38529.98,86547.158794,,,,,,13698.9,13725.1,13617.7,13697.7,0.0,4200.88,-0.018142083298188116,-0.2996073400025485,0.05904277605243159,-0.3939444750294927,0,0,0.0850472800660681,4770516.685780886,,,,,0,0,,,-0.0008242760230504631,-0.01915475610803996,0.011288204087407046,-0.024255246399110995,0,0,0.007840732385728964,0.0,0.5191016267817535,,5.230479825705891
2021-05-28,38529.99,38877.83,34684.0,35663.49,135377.62972,,,,,,13691.3,13768.0,13667.4,13691.1,0.0,4204.11,-0.07439635317744797,-0.3497548235776322,0.0601751810577604,-0.43903279591034217,1,0,0.11759449229450068,1819680.7469889536,,,,,0,0,,,-0.00048183271644142156,-0.020882350837797103,0.011282750762775922,-0.02472539214429203,0,0,0.007347839107157231,0.0,0.5083664011772165,,5.333373836684575
2021-05-29,35661.79,37338.58,33632.76,34605.15,112663.092689,,,,,,13691.3,13768.0,13667.4,13691.1,0.0,4204.11,-0.029675727193272383,-0.3538390439734852,0.06022448932834294,-0.4556799056232796,0,0,0.10708868477668786,3796471.5739072254,,,,,0,0,,,0.0,-0.01917083969137534,0.011281363392103982,-0.02472539214429203,0,0,0.007347839107157231,0.0,0.5068505924579517,,5.338400497451405
2021-05-30,34605.15,36488.0,33379.0,35641.27,73535.386967,,,,,,13691.3,13768.0,13667.4,13691.1,0.0,4204.11,0.029941208172771905,-0.38223899877752165,0.058377575493236945,-0.43938230436492337,0,0,0.08723033719056589,2455991.821798085,,,,,0,0,,,0.0,-0.013552654331661751,0.011240215640780395,-0.02472539214429203,0,0,0.007347839107157231,0.0,0.5507478594744337,,5.193630213386345
2021-05-31,35641.26,37499.0,34153.84,37253.81,94160.735289,,,,,,13696.7,13724.1,13656.3,13658.7,0.0,4204.11,0.04524361786210207,-0.3554745410799274,0.05932043181310104,-0.4140179315768777,0,0,0.08979376874472715,2081193.3025351602,,,,,0,0,,,-0.0023665008655257003,-0.015887082828981547,0.011245662095785184,-0.02703338034790785,0,0,0.004963869182279506,0.0,0.5355131527513497,,5.274956561763348
2021-06-01,37253.82,37894.81,35666.0,36693.09,81234.66377,,,,,,13663.3,13777.3,13597.5,13652.4,0.0,4202.04,-0.015051346426043444,-0.351462515339386,0.059301330170066224,-0.42283775068816365,0,0,0.06074195441157989,5397165.642123737,,,,,0,0,,,-0.0004612444815392802,-0.01634099948123824,0.011245309400001235,-0.02748215583194434,0,0,0.013169845594913661,0.0,0.5359096234169932,,5.273423373822509
2021-06-02,36694.85,38225.0,35920.0,37568.68,67587.372495,,,,,,13645.3,13715.4,13606.5,13681.0,0.0,4208.12,0.02386253106511349,-0.34285322967413157,0.0595312625943609,-0.4090651985843492,0,0,0.06135429831444703,2832362.752590974,,,,,0,0,,,0.0020948697664879834,-0.00849386151816911,0.011208402235537686,-0.025444857602826623,0,0,0.0079599444485052,0.0,0.5466531494341553,,5.311302024171588
2021-06-03,37568.68,39476.0,37170.0,39246.79,75889.106011,,,,,,13678.0,13708.5,13464.5,13532.4,0.0,4192.85,0.044667792427096176,-0.2622785221280973,0.05939054697440837,-0.38266944553676757,0,0,0.058756397656980354,1698966.6356400936,,,,,0,0,,,-0.010861779109714198,-0.00011083279764145804,0.010820970021650379,-0.03603026028978082,0,0,0.018030800153705184,0.0,0.4752593316842625,,5.4884628615505315
2021-06-04,39246.78,39289.07,35555.15,36829.0,91317.799245,,,,,,13527.5,13785.4,13469.8,13765.9,0.0,4229.89,-0.06160478347401155,-0.35878317664618997,0.057751024053340844,-0.4206999606763665,1,0,0.10138532135002304,1482316.4577854336,,,,,0,0,,,0.01725488457332025,0.01987760787102877,0.011250866742389135,-0.019397073698907343,0,0,0.022926216229959565,0.0,0.43921542660070856,,5.133024330073441
2021-06-05,36829.15,37925.0,34800.0,35513.2,70459.62149,,,,,,13527.5,13785.4,13469.8,13765.9,0.0,4229.89,-0.03572728013250437,-0.37026276703346905,0.057893420177259625,-0.44139677546205275,0,0,0.08799544957931137,1972151.294673661,,,,,0,0,,,0.0,0.010957133519868822,0.011146499110411386,-0.019397073698907343,0,0,0.022926216229959565,0.0,0.44503432936019793,,5.19386110968001
2021-06-06,35516.07,36480.0,35222.0,35796.31,47650.206637,,,,,,13527.5,13785.4,13469.8,13765.9,0.0,4229.89,0.007971965353727573,-0.3754433195643355,0.05776409982329087,-0.43694360990955566,0,0,0.03514328711534793,5977214.494864125,,,,,0,0,,,0.0,0.0029507336762497616,0.011054724670340644,-0.019397073698907343,0,0,0.022926216229959565,0.0,0.4368808488943329,,5.2252814333273285
2021-06-07,35796.31,36900.0,33300.0,33552.79,77574.952573,,,,,,13770.9,13823.1,13692.6,13822.8,0.0,4226.52,-0.06267461646186423,-0.42997585031442165,0.05789341251083712,-0.4722329532048761,1,0,0.10729361105291095,1237740.9639641366,,,,,0,0,,,0.004133402102296291,0.0070963323473267614,0.011078427316172354,-0.015343847501816575,0,0,0.009440923691292647,0.0,0.4255624014265787,,5.225774254851273
2021-06-08,33556.96,34068.01,31000.0,33380.81,123251.189037,,,,,,13821.1,13916.2,13742.3,13812.3,0.0,4227.26,-0.00512565423024447,-0.42684875424186874,0.057922454295547654,-0.47493810460086516,0,0,0.09190939345090794,24045896.004998658,,,,,0,0,,,-0.0007596145498741658,0.006331327320150848,0.011079993342156931,-0.016091806641877267,0,0,0.012590227550806271,0.0,0.42472901318948636,,5.2276567530594225
2021-06-09,33380.8,37534.79,32396.82,37388.05,136607.597517,,,,,,13808.3,13903.6,13804.2,13811.9,0.0,4219.55,0.12004621817145855,-0.3301570119323908,0.06283886086231576,-0.41190640975226106,0,1,0.1374227861576092,1137958.2648934817,,,,,0,0,,,-2.895969534399967e-05,0.036882723000465356,0.009551233882118702,-0.016120300323403364,0,0,0.007196692707013491,0.0,0.40011536102474393,,6.579128502828738
2021-06-10,37388.05,38491.0,35782.0,36675.72,109527.284943,,,,,,13808.8,13975.8,13730.6,13972.2,0.0,4239.18,-0.0190523442650794,-0.3528197096101253,0.06264931764459716,-0.42311097129374753,0,0,0.07386358059228285,5748753.325658546,,,,,0,0,,,0.011605934013423358,0.048468066905292595,0.009734253089782246,-0.004701457451810061,0,0,0.01754913327893953,0.0,0.3912333259667185,,6.435958948999253
2021-06-11,36677.83,37680.4,35936.77,37331.98,78466.0053,,,,,,13970.3,14001.6,13937.2,13998.2,0.0,4247.44,0.017893581911957,-0.24781408191440402,0.059187897732219934,-0.41278836020448284,0,0,0.046706068094968564,4385145.569770528,,,,,0,0,,,0.0018608379496427574,0.07895913302193658,0.008164227274358064,-0.0028493681526121583,0,0,0.004600591504621996,0.0,0.2608702129833152,,7.249654284070737
2021-06-12,37331.98,37463.63,34600.36,35546.11,87717.54999,,,,,,13970.3,14001.6,13937.2,13998.2,0.0,4247.44,-0.047837537682169584,-0.28436851545278863,0.05961015990391911,-0.4408791191506095,0,0,0.0805508675914185,1833654.822207678,,,,,0,0,,,0.0,0.06853225855699074,0.008061645865987387,-0.0028493681526121583,0,0,0.004600591504621996,0.0,0.2641583335472246,,7.39428237757183
2021-06-13,35546.12,39380.0,34757.0,39020.57,86921.025555,,,,,,13970.3,14001.6,13937.2,13998.2,0.0,4247.44,0.09774515411109674,-0.2171060432631875,0.06271497703323757,-0.38622776248525365,0,1,0.11847597305728748,889261.6462969558,,,,,0,0,,,0.0,0.044026283012253975,0.00699923825330649,-0.0028493681526121583,0,0,0.004600591504621996,0.0,0.25475537944727483,,8.960244695365764
2021-06-14,39020.56,41064.05,38730.0,40516.29,108522.391949,,,,,,14003.6,14141.6,13973.2,14125.5,0.0,4255.15,0.03833157742185733,-0.13358213407654207,0.06231998909767689,-0.36270090444357056,0,0,0.05760769310319387,2831147.866501314,,,,,0,0,,,0.009094026374819597,0.053520685565972226,0.0071295113658959835,0.0,0,0,0.011921701886658854,0.0,0.26943461656679735,,8.74111821808742
2021-06-15,40516.28,41330.0,39506.4,40144.04,80679.622838,,,,,,14121.1,14170.6,14016.6,14053.2,0.0,4246.59,-0.009187662542646469,-0.13541367390672276,0.062326038422165164,-0.3685561934722768,0,0,0.045426419463511857,8781290.633020382,,,,,0,0,,,-0.00511840288839327,0.0481283422459895,0.007233659017112006,-0.005118402888393279,0,0,0.010958358238692966,0.0,0.2682491427282581,,8.61610315245643
2021-06-16,40143.8,40527.14,38116.01,38349.01,87771.976937,,,,,,14048.9,14111.6,13847.1,13947.0,0.0,4223.7,-0.04471473224917066,-0.1191838217797585,0.0618288992687789,-0.3967910342115611,0,0,0.06287333101949691,1962931.5192715423,,,,,0,0,,,-0.007556997694475376,0.04691487764599911,0.007280424840886579,-0.012636720824041627,0,0,0.01896465189646519,0.0,0.2616128391859446,,8.492473405784875
2021-06-17,38349.0,39559.88,37365.0,38092.97,79541.307119,,,,,,13945.2,14216.2,13858.2,14195.4,0.0,4221.86,-0.006676573919378925,-0.11101130507554524,0.061782959193009725,-0.40081840346047976,0,0,0.057619030493027905,11913473.728403186,,,,,0,0,,,0.01781028178102817,0.07577583267022847,0.007553042452215362,0.0,0,0,0.025219437282499965,0.0,0.23561240813450232,,8.179866296954996
2021-06-18,38092.97,38202.84,35129.29,35819.84,95228.042935,,,,,,14192.2,14219.7,14019.0,14034.0,0.0,4166.45,-0.05967321529405567,-0.023718938819719426,0.056844145483532435,-0.4365734958710185,1,0,0.08580579924421762,1595825.304661153,,,,,0,0,,,-0.01136988038378628,0.0612041195952997,0.007964578187375249,-0.011369880383786272,0,0,0.014300983326207833,0.0,0.30364100883604905,,7.137110437628989
2021-06-19,35820.48,36457.0,34803.52,35483.72,68712.449461,,,,,,14192.2,14219.7,14019.0,14034.0,0.0,4166.45,-0.00938362650419422,-0.12443469283414554,0.05336724183337253,-0.4418604797483287,0,0,0.04659827098173481,7322582.181256432,,,,,0,0,,,0.0,0.03999466441386379,0.0071725467138584,-0.011369880383786272,0,0,0.014300983326207833,0.0,0.18205151629104904,,7.440476801007294
2021-06-20,35483.72,36137.72,33336.0,35600.16,89878.17085,,,,,,14192.2,14219.7,14019.0,14034.0,0.0,4166.45,0.003281504870402685,-0.044342573729578616,0.05131244249953512,-0.4400289421942587,0,0,0.07869964629372454,27389231.62002029,,,,,0,0,,,0.0,0.045783778950192255,0.007060078807310119,-0.011369880383786272,0,0,0.014300983326207833,0.0,0.13925561073383352,,7.267959922317899
2021-06-21,35600.17,35750.0,31251.23,31608.93,168778.873159,,,,,,14024.7,14159.5,13974.9,14152.5,0.0,4224.79,-0.11211269836989501,-0.15596374126061796,0.05520340566427812,-0.5028088084939049,1,0,0.14232591865653157,1505439.263871367,,,,,0,0,,,0.008443779392902862,0.05461414647232399,0.007165035017875326,-0.0030221057525677076,0,0,0.013043631867161305,0.0,0.06362385179147552,,7.704544148230315
2021-06-22,31614.12,33298.78,28805.0,32509.56,204208.179762,,,,,,14147.9,14294.7,14082.3,14284.5,0.0,4246.44,0.028492897418546104,-0.06191529421949049,0.053860119446627254,-0.488642390876917,0,0,0.13822949310910387,7166982.883223788,,,,,0,0,,,0.009326974032856317,0.06445050523115436,0.0072856327405247355,0.0,0,0,0.014869263887430534,0.0,0.07179467730059051,,7.392638009415773
2021-06-23,32509.56,34881.0,31683.0,33678.07,126966.100563,,,,,,14281.1,14330.7,14247.4,14290.2,0.0,4241.84,0.0359435809035864,-0.13192550112394774,0.04940443062867148,-0.4702623672827369,0,0,0.09495793553490446,3532371.0673084557,,,,,0,0,,,0.0003990339178829849,0.046410474209894303,0.006672049888935173,0.0,0,0,0.005829169640732886,0.0,-0.1215349690773595,,7.40467433612263
2021-06-24,33675.07,35298.0,32286.57,34663.09,86625.80426,,,,,,14285.1,14437.5,14285.1,14374.4,0.0,4266.49,0.029248113089615835,-0.09554225053699039,0.049732330349025335,-0.4547685410931971,0,0,0.08687713645840578,2961756.0072001806,,,,,0,0,,,0.005892149864942242,0.051152110801541584,0.006719091070883693,0.0,0,0,0.010602181656277802,0.0,-0.10595703156279433,,7.4016345080048875
2021-06-25,34663.08,35500.0,31275.0,31584.45,116061.130356,,,,,,14373.8,14409.1,14328.6,14346.0,0.0,4280.7,-0.08881608650584805,-0.19513474242206874,0.05190619074110768,-0.5031938655131734,1,0,0.133768357530367,1306757.8391981912,,,,,0,0,,,-0.0019757346393588504,0.046465825370194835,0.006750043841562982,-0.001975734639358835,0,0,0.00561132022863516,0.0,-0.07354625578233157,,7.689744698256917
2021-06-26,31576.09,32730.0,30151.0,32283.65,107820.375287,,,,,,14373.8,14409.1,14328.6,14346.0,0.0,4280.7,0.022137475878161617,-0.16211609764656,0.05209936354791561,-0.4921958316948486,0,0,0.07988563870566061,4870488.721276321,,,,,0,0,,,0.0,0.04732911364681658,0.006741773297439671,-0.001975734639358835,0,0,0.00561132022863516,0.0,-0.08054029891808911,,7.72783123535006
2021-06-27,32283.65,34749.0,31973.45,34700.34,96613.244211,,,,,,14373.8,14409.1,14328.6,14346.0,0.0,4280.7,0.07485801636432043,-0.02700661096264001,0.05232673699379117,-0.4541826189539914,0,1,0.07998624797336279,1290619.709111764,,,,,0,0,,,0.0,0.04783399434669233,0.006737302604745058,-0.001975734639358835,0,0,0.00561132022863516,0.0,-0.1066092225336025,,7.76670759746812
2021-06-28,34702.49,35297.71,33862.72,34494.89,82222.267819,,,,,,14351.2,14534.7,14348.8,14518.2,0.0,4290.61,-0.0059206912670018985,-0.003186230951173541,0.052034660206211746,-0.45741423515532836,0,0,0.04160007467772757,13887251.545227073,,,,,0,0,,,0.012003345880384764,0.060411508206061004,0.006991816783629273,0.0,0,0,0.012804617652326145,0.0,-0.11496889433335322,,7.442212431241313
2021-06-29,34494.89,36600.0,34225.43,35911.73,90788.79622,,,,,,14510.2,14599.2,14483.6,14596.6,0.0,4291.8,0.04107390978779768,0.007588394016262878,0.05228576369267001,-0.4351281163979551,0,0,0.06612240624442207,2210375.7491139597,,,,,0,0,,,0.005400118471986959,0.06613785597943189,0.007008558752345118,0.0,0,0,0.007919652521820175,0.0,-0.09614676185589363,,7.460262649941875
2021-06-30,35911.72,36100.0,34017.55,35045.0,77152.197634,,,,,,14595.2,14613.1,14533.8,14570.5,0.0,4297.5,-0.0241350110395685,-0.059290848372287264,0.051819910631913886,-0.44876130554463234,0,0,0.05942217149379361,3196690.7137769526,,,,,0,0,,,-0.0017880876368470133,0.0667559870265837,0.006996460238482364,-0.001788087636846962,0,0,0.005442503688960646,0.0,-0.06859285800077143,,7.406579155713578
2021-07-01,35045.0,35057.57,32711.0,33504.69,71708.266112,,,,,,14566.8,14620.3,14485.5,14554.5,0.0,4319.94,-0.043952346982451096,-0.08689374484405632,0.052361000728175865,-0.47298953991348797,0,0,0.07003706048317414,1631499.9020560156,,,,,0,0,,,-0.0010981091932329434,0.06607629427792916,0.007005710682016306,-0.002884233314607536,0,0,0.00926174035521655,0.0,-0.05808935760906849,,7.474034878750821
2021-07-02,33502.33,33977.04,32699.0,33786.55,56172.181378,,,,,,14547.7,14741.7,14526.6,14714.4,0.0,4352.34,0.008412553585781524,-0.10067242181519276,0.05217655034817805,-0.4685560361777428,0,0,0.037826886734514203,6677177.629057009,,,,,0,0,,,0.010986292899103356,0.0755354140779183,0.007188606699820306,0.0,0,0,0.01461833306149081,0.0,-0.04803239547755653,,7.258218448270069
2021-07-03,33786.54,34945.61,33316.73,34669.13,43044.578641,,,,,,14547.7,14741.7,14526.6,14714.4,0.0,4352.34,0.026122229111880113,-0.11663781929681394,0.051709689418924114,-0.45467353519465203,0,0,0.04698358453182983,1647813.5146318213,,,,,0,0,,,0.0,0.08734592533475216,0.006755230928665249,0.0,0,0,0.01461833306149081,0.0,0.0038531212919624826,,7.654751320489364
2021-07-04,34669.12,35967.85,34357.15,35286.51,43703.475789,,,,,,14547.7,14741.7,14526.6,14714.4,0.0,4352.34,0.017807773082278322,-0.04188248391213445,0.050618525490205644,-0.4449624852536374,0,0,0.0456463390683861,2454178.3548841714,,,,,0,0,,,0.0,0.06890214225005264,0.006194897454156719,0.0,0,0,0.01461833306149081,0.0,0.09622706291073412,,8.170989779071055
2021-07-05,35288.13,35293.78,33125.55,33690.14,64123.874245,2196.61,2254.05,2162.34,2196.64,4.757499999999999,14711.5,14734.9,14687.9,14705.7,0.0,4352.34,-0.04524023486595874,-0.05133471497921893,0.05087797297906041,-0.4700725127801809,0,0,0.06435799910596976,1417407.762380401,,,,0.0,0,0,0.04175012746740478,,-0.0005912575436306522,0.06827014579504431,0.006203211143931851,-0.0005912575436306549,0,0,0.0031960396308914228,0.0,0.10082826371022262,,8.201863483269582
2021-07-06,33690.15,35118.88,33532.0,34220.01,58210.596349,2196.64,2347.88,2195.15,2322.98,49.786,14707.4,14801.7,14637.4,14775.3,0.0,4343.54,0.01572774705002722,-0.04403526508737898,0.050942194073228406,-0.46173794730633105,0,0,0.04637286780453884,3701137.8141105794,0.057515113992279154,,,0.0,0,1,0.06574744509208001,865.6157988407238,0.00473285868744755,0.07332611743511142,0.00620492742791374,0.0,0,0,0.011119909578824192,0.0,0.1070404736190932,,8.209944848768037
2021-07-07,34220.02,35059.09,33777.77,33862.12,53807.521675,2322.98,2405.75,2294.78,2315.49,66.4896,14770.6,14895.4,14738.9,14821.8,0.0,4358.13,-0.010458500742694055,0.009219203529721387,0.04961027018752312,-0.4673673613841919,0,0,0.037839331973308216,5144855.037089103,-0.0032243067094853695,,,-0.003224306709485332,0,0,0.04792506121814381,20621.299329684134,0.003147144220421838,0.0722718986023092,0.006197926254802027,0.0,0,0,0.01055877153921926,0.0,0.12162772891728227,,8.004320817124595
2021-07-08,33862.11,33929.64,32077.0,32875.71,70136.48032,2315.49,2322.58,2087.82,2117.13,179.1746,14817.4,14833.7,14553.2,14724.7,0.0,4320.82,-0.02913019031295161,-0.01513144827821733,0.049913382545479314,-0.4828830515139599,0,0,0.056352851390890094,2407689.5993336695,-0.0856665327857169,,,-0.08861462431876292,1,0,0.11088596354498767,2091.535320249595,-0.006551161127528293,0.06605706507967546,0.006385394892334375,-0.0065511611275282725,0,0,0.01904962410100036,0.0,0.14409677704215865,,7.816792104350331
2021-07-09,32875.71,34100.0,32261.07,33815.81,47153.939899,2117.13,2187.14,2049.65,2146.11,78.55109999999999,14718.3,14843.3,14652.9,14826.1,0.0,4369.55,0.028595580141082877,-0.09554496690787573,0.04491519423007558,-0.4680957923712151,0,0,0.054380776329178586,1648993.4170393148,0.013688342236896078,,,-0.07613926938673596,0,0,0.06406474970994021,5738.535847161394,0.006886388177687719,0.07342943403876379,0.006428543452772216,0.0,0,0,0.012842217440864397,0.0,0.20846012229543653,,6.98682752815979
2021-07-10,33815.81,34262.0,33004.78,33502.87,34761.175468,2146.11,2191.66,2077.32,2110.95,16.8648,14718.3,14843.3,14652.9,14826.1,0.0,4369.55,-0.009254251191971874,-0.08651091239653919,0.044825117661849774,-0.4730181675186787,0,0,0.037525740332096956,3756234.5331419352,-0.016383130408040736,,,-0.09127500021524085,0,0,0.05416518629053255,1029.3997109200668,0.0,0.06111421250769378,0.006199620502367865,0.0,0,0,0.012842217440864397,0.0,0.23821052698897627,,7.2302885865100235
2021-07-11,33502.87,34666.0,33306.47,34258.99,31572.647448,2110.95,2172.54,2081.68,2139.54,72.658,14718.3,14843.3,14652.9,14826.1,0.0,4369.55,0.022568812761414092,-0.08231521606943981,0.044904820220932055,-0.4611248132127409,0,0,0.039683890272305136,1398949.683010482,0.013543665174447606,,,-0.07896753308250612,0,0,0.04246707236134876,5364.718148075597,0.0,0.05914331842665477,0.0062103376263951005,0.0,0,0,0.012842217440864397,0.0,0.2316746621255718,,7.230645194494177
2021-07-12,34259.0,34678.43,32658.34,33086.63,48181.403762,2139.54,2168.35,2009.27,2034.54,144.3255,14844.7,14899.9,14797.3,14887.3,0.0,4384.63,-0.03422050679252364,-0.06919125608962562,0.044491086139680364,-0.47956539520251673,0,0,0.06105457098531946,1407968.326548665,-0.04907596960094229,,,-0.1241680944304299,0,0,0.07818966449418538,2940.8582604681997,0.004127855605992048,0.06351530911117131,0.006211698260704671,0.0,0,0,0.006891780242219903,0.0,0.21359406354082003,,7.162455845058181
2021-07-13,33086.94,33340.0,32202.25,32729.77,41126.361008,2034.54,2043.4,1918.89,1940.81,104.6116,14883.7,15006.5,14806.3,14876.2,0.0,4369.21,-0.010785625492834905,-0.16121753218879165,0.04037159831904302,-0.485178607943374,0,0,0.03476193080489108,3813067.949062528,-0.046069381776716156,,,-0.1645171288603432,0,0,0.06415362657859347,2270.739768109366,-0.0007456019560295735,0.06272235001643067,0.006221763382979905,-0.0007456019560295383,0,0,0.013457737863164029,0.0,0.26648832774214387,,6.488760652948619
2021-07-14,32729.12,33114.03,31550.0,32820.02,46777.823484,1940.81,2018.0,1867.51,1994.93,122.522,14872.7,15008.1,14854.0,14908.9,0.0,4374.3,0.002757428481776625,-0.18995495392100326,0.03956834607706221,-0.48375902477388916,0,0,0.04765475462842494,16964231.040201094,0.027885264399915455,,,-0.1412194680970133,0,0,0.07543623084519256,4393.788572522401,0.0021981419986285555,0.05545998371739058,0.00607821916733777,0.0,0,0,0.01033610796235808,0.0,0.23350648686484105,,6.509847685521361
2021-07-15,32820.03,33185.25,31133.0,31880.0,51639.576353,1994.93,2042.94,1880.21,1917.92,266.2878,14903.1,14974.9,14720.8,14788.0,0.0,4360.03,-0.02864166444749261,-0.20585969922309766,0.03977749777321453,-0.4985450255603618,0,0,0.06437421580928482,1802952.4233182778,-0.03860285824565268,,,-0.17437085123419055,0,0,0.08484712605322434,6898.135089482331,-0.008109250179422989,0.05228702359604931,0.006218825570141181,-0.008109250179423004,0,0,0.017182850960238055,0.0,0.25491627128632344,,6.3962935383273845
2021-07-16,31874.49,32249.18,31020.0,31383.87,48499.864154,1917.92,1962.24,1850.08,1876.11,273.3662,14786.0,14880.9,14669.4,14680.6,0.0,4327.16,-0.015562421580928465,-0.1816250276082747,0.03917256857321498,-0.5063488792764451,0,0,0.03916597921161413,3116470.835665288,-0.02179965796279315,,,-0.1923692842813972,0,0,0.05978327496788573,12539.924941360165,-0.007262645388152578,0.052599125259912505,0.006203900105043107,-0.015313000959158576,0,0,0.014406768115744588,0.0,0.22070246791281542,,6.314174111158046
2021-07-17,31383.86,31955.92,31164.31,31520.07,34012.242132,1876.11,1917.95,1846.69,1899.18,217.1095,14786.0,14880.9,14669.4,14680.6,0.0,4327.16,0.004339808952815494,-0.1725488981300225,0.03921662737065009,-0.5042065277231617,0,0,0.025114474682321357,7837249.088452013,0.01229672034155782,,,-0.18243807523095332,0,0,0.03752145662865025,17655.87224973621,0.0,0.034180086506896634,0.005413783353149129,-0.015313000959158576,0,0,0.014406768115744588,0.0,0.25285045748479773,,7.2438352948655345
2021-07-18,31520.07,32435.0,31108.97,31778.56,35923.716186,1899.18,1991.79,1879.78,1890.92,298.9386,14786.0,14880.9,14669.4,14680.6,0.0,4327.16,0.008200806660645155,-0.11282239116645953,0.03792185495069139,-0.5001406213134093,0,0,0.04172718965239453,4380504.731729229,-0.004349245463831752,,,-0.18599385272365665,0,0,0.0592357159477926,68733.28147448738,0.0,0.046073820721105996,0.004879823777051687,-0.015313000959158576,0,0,0.014406768115744588,0.0,0.15623558010565242,,7.771136617199108
2021-07-19,31778.57,31899.0,30407.44,30839.65,47340.468499,1890.92,1917.28,1806.0,1818.3,442.7209,14678.0,14693.9,14457.1,14604.7,0.0,4258.63,-0.02954539160994074,-0.1308788931938365,0.0382115203709924,-0.5149091624066063,0,0,0.04836501062755256,1602295.6507408582,-0.03840458612738784,,,-0.2172554219149541,0,0,0.06120002199857008,11527.810331125396,-0.005170088416004748,0.040665526578309796,0.005024293882154205,-0.02040391980629013,0,0,0.01621395852020235,0.0,0.17985275376996132,,7.605336235078391
2021-07-20,30839.65,31063.07,29278.0,29790.35,61034.049017,1818.3,1840.17,1720.0,1785.32,512.1054,14602.2,14793.0,14528.0,14738.8,0.0,4323.21,-0.034024380951145794,-0.16319617664639718,0.03857370861572967,-0.5314140778607943,0,0,0.05992108182683318,1793832.227728521,-0.018137821041632307,,,-0.23145270299356863,0,0,0.06731006206170327,28234.10356092463,0.009181975665367936,0.05022089211913916,0.0052157622963773026,-0.011409292436061706,0,0,0.017979754118381416,0.0,0.13481553157723997,,7.395589075566364
2021-07-21,29790.34,32858.0,29482.61,32144.51,82796.265128,1785.32,2023.45,1756.45,1994.0,893.454,14734.2,14850.5,14679.5,14849.5,0.0,4358.69,0.079024247784937,0.01694394590389492,0.0360025946594551,-0.49438442784113257,0,1,0.10500673365374055,1047732.2716947049,0.11688660856317079,,,-0.14161981592609493,0,1,0.13390170511534605,7643.766335127038,0.007510787852471168,0.04924924924924934,0.005176476621405387,-0.00398419735862469,0,0,0.011515539243745581,0.0,0.37244512917699163,,6.955025153659259
2021-07-22,32144.51,32591.35,31708.0,32287.83,46148.092433,1994.0,2050.0,1950.33,2024.72,383.8124,14843.2,14994.2,14838.5,14989.0,0.0,4367.48,0.004458615172544311,-0.0068204552753097225,0.035639611970248626,-0.4921300825796303,0,0,0.027358605394044708,10350296.48089158,0.015406218655967807,,,-0.12839542312030236,0,0,0.04922655972183811,24912.806928340975,0.009394255698845111,0.04931919213133118,0.0051799457181654785,0.0,0,0,0.01038761758622995,0.0,0.3414241935878347,,6.880292788076318
2021-07-23,32287.58,33650.0,31924.32,33634.09,50112.863626,2024.72,2130.0,1999.25,2122.42,802.6518,14986.3,15128.4,14945.2,15103.4,0.0,4411.8,0.04169558623171632,-0.001305894310451916,0.035852336142980355,-0.4709541486433347,0,0,0.051307468107506415,1201874.2542379324,0.048253585680983146,,,-0.08633737698990088,0,0,0.06160420651897362,16634.030866974892,0.0076322636600172356,0.05690613147471679,0.005288409879368255,0.0,0,0,0.01212971913608849,0.0,0.38525147869762505,,6.779404238088449
2021-07-24,33634.1,34500.0,33401.14,34258.14,47977.550138,2122.42,2197.93,2106.62,2184.04,475.6227,14986.3,15128.4,14945.2,15103.4,0.0,4411.8,0.018554091994164246,-0.011682455314860785,0.035609793126071834,-0.46113818324813216,0,0,0.03207588036011297,2585819.036302064,0.029032896410700948,,,-0.05981110470171937,0,0,0.04180784234720973,16382.193820756953,0.0,0.05071516028495093,0.005242715332080236,0.0,0,0,0.01212971913608849,0.0,0.363340481396471,,6.792229397976566
2021-07-25,34261.51,35398.0,33851.12,35381.02,47852.928313,2184.04,2196.61,2107.7,2190.43,549.6635,14986.3,15128.4,14945.2,15103.4,0.0,4411.8,0.03277702759110679,0.12020377115954206,0.031847148626743906,-0.44347589461266224,0,0,0.043720616307839556,1459952.815442469,0.002925770590282095,,,-0.05706032768254577,0,0,0.04059020374994878,187869.00898368564,0.0,0.052795204238115234,0.005207714276852297,0.0,0,0,0.01212971913608849,0.0,0.3286998099499593,,6.115367660361863
2021-07-26,35381.02,40550.0,35205.78,37237.6,152452.512724,2190.43,2431.03,2172.0,2229.74,1563.3649,15101.7,15146.0,15050.9,15136.7,0.0,4422.23,0.05247389702162342,0.15345074054513663,0.03289816766469968,-0.41427290601651595,0,1,0.1435167679979376,2905301.3464611555,0.017946247996968534,,,-0.04013809847695642,0,0,0.11617049521468881,87113.69803465893,0.0022048015678590716,0.05511640875505375,0.005198013616849866,0.0,0,0,0.006282743266365876,0.0,0.3291920433472707,,6.32897618203528
2021-07-27,37241.33,39542.61,36383.0,39457.87,88397.267015,2229.74,2364.06,2153.07,2300.0,1081.3765,15130.5,15144.0,14786.9,14896.1,0.0,4401.46,0.05962441188476175,0.13710326757605285,0.03188938458291689,-0.37934927251278017,0,1,0.08007553372749214,1482568.1192489977,0.031510400315732046,,,-0.009892465712145615,0,0,0.09173478260869555,34318.07104904967,-0.015895142270111684,0.03834518332636283,0.006116999013942594,-0.01589514227011174,0,0,0.02397271769120779,0.0,0.1393309676965142,,5.213231582662526
2021-07-28,39456.61,40900.0,38772.0,40019.56,101344.528441,2300.0,2343.36,2248.96,2298.57,1113.8057,14877.5,15086.4,14877.5,14996.6,0.0,4400.65,0.014235182993912021,0.16015908443250582,0.03186852436737369,-0.37051419583169487,0,0,0.05317399791501956,7119294.307027809,-0.0006217391304347286,,,-0.010508054309550601,0,0,0.041069012472972365,1791406.9284201877,0.006746732366189834,0.0329517433290627,0.005869308544035652,-0.009255650174740886,0,0,0.01392982409346116,0.0,0.17666379319952372,,5.429680486460936
2021-07-29,40019.57,40640.0,39200.0,40016.48,53998.439283,2298.57,2398.07,2267.0,2380.49,526.6095,14991.5,15095.4,14917.4,14924.6,0.0,4419.15,-7.696236540322143e-05,0.11430109326395588,0.03116005298890895,-0.3705626425481714,0,0,0.03598517410826739,701530205.0304416,0.03563954980705386,,,0.0,0,0,0.055060092669996584,14775.982162826049,-0.0048010882466692495,0.02247098639409173,0.005906850857576633,-0.0140123012281409,0,0,0.011926617798801978,0.0,0.15430585339160283,,5.27523057343402
2021-07-30,40018.49,42316.71,38313.23,42206.37,73602.784805,2380.49,2469.02,2317.5,2461.93,1309.6970000000001,14911.2,14991.2,14823.5,14977.7,0.0,4395.26,0.054724703422190046,0.20434783849336569,0.032012548126969645,-0.33611686983877304,0,1,0.09485487617153514,1344964.2803456907,0.03421144386239816,,,0.0,0,0,0.06154521046496041,38282.41282196689,0.003557884298406755,0.027946878967777478,0.005908033434122613,-0.010504271076258365,0,0,0.011196645679910848,0.0,0.1603630833850658,,5.418468649380155
2021-07-31,42206.36,42448.0,41000.15,41461.83,44849.791012,2461.93,2552.81,2422.2,2530.0,944.3744999999999,14911.2,14991.2,14823.5,14977.7,0.0,4395.26,-0.01764046517148954,0.23749331809964502,0.03091849675398014,-0.3478280770743216,0,0,0.03492006985702267,2542436.6733888234,0.02764903957464271,,,0.0,0,0,0.05162450592885381,34155.767179284805,0.0,0.029076917791748258,0.005898389585208273,-0.010504271076258365,0,0,0.011196645679910848,0.0,0.15095117435296102,,5.241845064467332
2021-08-01,41461.84,42599.0,39422.01,39845.44,53953.186326,2530.0,2698.0,2515.09,2555.96,1650.5328,14911.2,14991.2,14823.5,14977.7,0.0,4395.26,-0.03898501344489613,0.1793284605856471,0.03206445648193725,-0.373253008257963,0,0,0.07973283768481407,1383946.4891501425,0.010260869565217323,,,0.0,0,0,0.0715621527723438,160856.8534022202,0.0,0.017894035774479455,0.005588133715264421,-0.010504271076258365,0,0,0.011196645679910848,0.0,0.1574180064721246,,5.737944139545098
2021-08-02,39850.27,40480.01,38690.0,39147.82,50837.351954,2555.96,2665.32,2510.0,2609.08,955.398,14978.0,15068.0,14944.8,14972.3,0.0,4387.11,-0.017508151497385938,0.12918380126642925,0.032109931313801264,-0.3842261895399135,0,0,0.045724385163720536,2903637.3671553284,0.020782797852861412,,,0.0,0,0,0.05953056249712549,45970.59294220724,-0.00036053599684870985,0.01752704833360519,0.005589870438857587,-0.010861019905263463,0,0,0.00822852868296793,0.0,0.163757720880746,,5.744296620477204
2021-08-03,39146.86,39780.0,37642.03,38207.05,57117.435853,2609.08,2631.15,2446.0,2508.99,1507.8854999999999,14968.1,15063.1,14862.8,15048.2,0.0,4423.15,-0.0240312231945482,0.08276647364672796,0.03242132561016884,-0.39902398741643724,0,0,0.055957473817005006,2376800.0331317927,-0.03836218130528779,,,-0.03836218130528774,0,0,0.07379463449435833,39306.5528504404,0.00506936142075709,0.022685260697004273,0.005647603900658442,-0.005846716919804184,0,0,0.013310562060578745,0.0,0.1392566205704671,,5.740712127362126
2021-08-04,38207.04,39969.66,37508.56,39723.18,52329.35243,2508.99,2770.8,2460.79,2726.19,1257.7873,15046.4,15123.3,15011.8,15096.5,0.0,4402.68,0.0396819435156599,0.17907435231791857,0.031750556764475704,-0.37517609123082973,0,0,0.06195626835515197,1318719.1605712906,0.08656869895854524,0.2410727292592323,0.04140064682131043,0.0,0,1,0.11371547837824958,14529.352639442859,0.0032096862083172972,0.02657472952664608,0.005658788360987351,-0.0026557968381483894,0,0,0.007385817904812374,0.0,0.14441863126634943,0.3019007035090569,5.610830204406832
2021-08-05,39723.17,41350.0,37332.7,40862.46,84343.755621,2726.19,2844.21,2533.11,2828.46,2676.0179,15088.0,15185.6,15083.6,15184.8,0.0,4429.1,0.028680483284570846,0.19411011276735435,0.03197487563001154,-0.3572558395595753,0,0,0.09831273007058319,2940805.6125162304,0.03751389301552721,0.21759980714427152,0.04073214555739802,0.0,0,0,0.10998918139199419,71334.03044978768,0.005849037856456851,0.027715173295973727,0.0056885162803677934,0.0,0,0,0.006717243559348823,0.0,0.1568030998474117,0.2988197976968264,5.620941884432008
2021-08-06,40862.46,43392.43,39853.86,42836.87,75753.941347,2828.46,2948.97,2722.31,2892.05,2064.707,15172.1,15181.1,15059.3,15104.2,0.0,4436.52,0.04831843212572129,0.26503804250885654,0.032697731288378565,-0.32619944946913093,0,0,0.0826057085870186,1567805.9559514236,0.022482198793689845,0.2490012913033528,0.04077181407478805,0.0,0,0,0.07837347210456246,91837.37322907115,-0.005307939518465754,0.019053016502719178,0.005783406341612882,-0.0053079395184657385,0,0,0.008063982203625553,0.0,0.11303146381469778,0.28435819828791853,5.653705242195966
2021-08-07,42836.87,44700.0,42446.41,44572.54,73396.740808,2892.05,3170.42,2864.56,3161.54,2977.8907,15172.1,15181.1,15059.3,15104.2,0.0,4436.52,0.040518133094224584,0.3557894262968009,0.032414182832865415,-0.2988983090837593,0,0,0.05056005334225953,1811453.7143846035,0.09318303625455981,0.49331406196123995,0.039627915816331086,0.0,0,1,0.09674399185207214,31957.43023752328,0.0,0.02577302084252997,0.005623778680515794,-0.0053079395184657385,0,0,0.008063982203625553,0.0,0.059394462122157966,0.1817813862118237,5.763762593919603
2021-08-08,44572.54,45310.0,43261.0,43794.37,69329.092698,3161.54,3189.84,2950.0,3011.94,1674.4158,15172.1,15181.1,15059.3,15104.2,0.0,4436.52,-0.017458506964153186,0.2950856418935406,0.032627207154128805,-0.3111384978372001,0,0,0.04678683584214135,3971075.7128082756,-0.04731871176705016,0.40344157568810535,0.04118940317489207,-0.04731871176705021,0,0,0.07962974030027163,35385.90514433465,0.0,0.018757461503699613,0.005508848282198234,-0.0053079395184657385,0,0,0.008063982203625553,0.0,0.04219765219022777,0.1849505559230287,5.922680432633923
2021-08-09,43794.36,46454.15,42779.0,46253.4,74587.884845,3011.94,3186.14,2896.79,3162.58,1886.8677,15097.1,15157.2,15015.5,15138.5,0.0,4432.35,0.056149454827184364,0.380580230887682,0.03352683379131501,-0.2724593000393236,0,1,0.07945686154963746,1328381.0464545835,0.050014276512812206,0.4981785452047658,0.041386107040623364,0.0,0,1,0.09149175673026451,37726.57437623626,0.002270891540101294,0.021070949204443412,0.005515429278566449,-0.003049101733312212,0,0,0.009360240446543629,0.0,0.05225374306267247,0.18971531679361595,6.078724122954931
2021-08-10,46248.87,46700.0,44589.46,45584.99,53814.643421,3162.58,3233.06,3050.69,3140.44,1507.1337,15134.4,15168.5,15006.2,15058.8,0.0,4436.75,-0.014451045760960346,0.3305993550889854,0.03377974909016304,-0.28297302398741647,0,0,0.04629901202128159,3723924.695272489,-0.007000613423217672,0.46781083784364874,0.041569901268534,-0.007000613423217713,0,0,0.05807148042949392,215285.64084758062,-0.005264722396538635,0.015695294109711933,0.005621536871121493,-0.008297771455666193,0,0,0.010777751215236227,0.0,0.07913707165795997,0.20353786245112962,6.008977575850757
2021-08-11,45585.0,46743.47,45341.14,45511.0,52734.901977,3140.44,3272.0,3123.66,3163.94,1693.0128,15049.9,15129.2,14974.0,15019.1,0.0,4447.7,-0.0016231219969555788,0.3755102892014086,0.03281513625149434,-0.284136846244593,0,0,0.030812990266089555,32489595.470924124,0.007483027855969215,0.555113195120273,0.03987305177878402,0.0,0,0,0.0468845806178373,226246.72393571876,-0.0026363322442690684,0.008853183586009727,0.005608079785588137,-0.010912228017491104,0,0,0.010333508665632476,0.0,0.11985410565519557,0.25249044725217434,5.851392810404678
2021-08-12,45510.67,46218.12,43770.0,44399.0,55266.108781,3163.94,3236.59,2980.8,3046.76,1773.138,15010.0,15099.9,14951.3,15088.5,0.0,4460.84,-0.024433653402474165,0.3565326001374285,0.03322246513043172,-0.3016279984270547,0,0,0.05513907970900252,2261883.8555091056,-0.03703610055816475,0.5698393969528188,0.03942304423850749,-0.03703610055816477,0,0,0.08395475849755148,47875.92361285639,0.004620782869812379,0.014271117624124363,0.005658635977552988,-0.0063418681839733995,0,0,0.009848560161712587,0.0,0.08534371400442284,0.2077266481786585,5.8710980086438225
2021-08-13,44400.06,47886.0,44217.39,47800.0,48239.370431,3046.76,3328.82,3034.9,3323.9,2693.0155,15082.7,15151.1,15065.1,15131.3,0.0,4468.0,0.07660082434289062,0.45642811917847714,0.03528223147570702,-0.24813212740857254,0,1,0.07674916317991633,629749.9347730948,0.09096220247082143,0.6661737504574095,0.041701785334815215,0.0,0,1,0.08842624627696383,29605.87068903867,0.00283659740862241,0.014917264184480361,0.0056664848249862905,-0.0035232601022074706,0,0,0.005683583036487282,0.0,0.10901282465651929,0.21864482074439553,6.226464960336813
2021-08-14,47799.99,48144.0,45971.03,47068.51,46114.359022,3323.9,3331.7,3205.49,3264.44,1231.9252999999999,15082.7,15151.1,15065.1,15131.3,0.0,4468.0,-0.015303138075313805,0.47642754077791727,0.03481772540228955,-0.2596380652772316,0,0,0.046166109783377485,3013390.36876923,-0.017888624808207187,0.7020730791690999,0.04089633532169716,-0.017888624808207236,0,0,0.03866206761343447,68866.36756846312,0.0,0.023214768731403712,0.005429648336993629,-0.0035232601022074706,0,0,0.005683583036487282,0.0,0.05149542553749577,0.1589149719200571,6.412507609377117
2021-08-15,47068.5,47372.27,45500.0,46973.82,42110.711334,3264.44,3320.0,3114.65,3309.08,1744.2082,15082.7,15151.1,15065.1,15131.3,0.0,4468.0,-0.002011748406737346,0.49675040076319465,0.03451228051953426,-0.2611274872198191,0,0,0.03985773352050135,20932290.47432928,0.013674627194863342,0.763798497955877,0.040192653836209596,-0.0044586178886248575,0,0,0.062056523263263476,127550.60153663045,0.0,0.03070038009345666,0.005216432625724198,-0.0035232601022074706,0,0,0.005683583036487282,0.0,0.010790387821642175,0.11400620328653019,6.616056764305527
2021-08-16,46973.82,48053.83,45660.0,45901.29,52480.574014,3309.08,3337.3,3150.11,3153.56,2019.32565,15119.7,15147.3,14925.7,15143.0,0.0,4479.66,-0.022832505425362415,0.4562559664366228,0.03512828778962987,-0.2779977978765238,0,0,0.05215169334020899,2298501.634020772,-0.046997957136122426,0.6604850514432543,0.041994535855957915,-0.051247029092331337,0,0,0.05935831251030583,42966.23392563623,0.0007732316456616761,0.03149735024454037,0.005213119852140065,-0.002752752752752705,0,0,0.014633824209205478,0.0,0.010589867053426712,0.11082437489689495,6.738425626441897
2021-08-17,45901.3,47160.0,44376.0,44695.95,57039.341629,3153.56,3290.0,2994.0,3012.17,2772.63179,15134.3,15141.5,14905.4,14976.5,0.0,4448.08,-0.026259392709878204,0.40648128801305017,0.03585309734779628,-0.296957137239481,0,0,0.062287522695009284,2172149.239614771,-0.04483504356980683,0.5929653290461785,0.04336164660533449,-0.09378440987996028,0,0,0.0982680260410269,61840.71545009075,-0.010995179290761437,0.02015585194065639,0.005656912563312345,-0.01371766503345446,0,0,0.015764698026908847,0.0,0.08730291053650086,0.19971597615431472,6.3379155267776754
2021-08-18,44695.95,46000.0,44203.28,44705.29,54099.415985,3012.17,3124.75,2952.02,3014.19,1938.17635,14967.1,15042.4,14812.2,14843.9,0.0,4400.27,0.00020896747915655212,0.44960432430329145,0.035065824013016465,-0.296810224144711,0,0,0.040190321995450674,258876775.63797337,0.0006706128804150335,0.6576967497112689,0.042226751345673046,-0.09317669003279282,0,0,0.0573056111260405,2890113.663882905,-0.00885387106466795,0.016378289180880135,0.005825759234154674,-0.022450081660607954,0,0,0.015508053813350865,0.0,0.06526566541751527,0.17595207261122664,6.019089085684418
2021-08-19,44699.37,47033.0,43927.7,46760.62,53411.75392,3014.19,3188.36,2962.01,3187.03,2026.7818300000001,14838.4,15003.4,14715.5,14948.3,0.0,4405.8,0.04597509601212746,0.5696566169917441,0.03439912125319144,-0.26448100668501767,0,0,0.06640844368616163,1161753.79575875,0.05734210517585159,0.7851309569152871,0.04225851377104832,-0.04117753241673934,0,1,0.07102223700435825,35345.4319531892,0.007033192085637907,0.0142141829728335,0.005728472127632156,-0.015574785311627417,0,0,0.01925971515155567,0.0,0.177004676393315,0.2602032844641466,6.004927742946485
2021-08-20,46760.62,49382.99,46622.99,49322.47,56850.352228,3187.03,3303.41,3177.94,3286.59,1783.02146,14946.5,15105.0,14856.5,15100.1,0.0,4441.67,0.05478648486696702,0.5343979422924787,0.033121529940249084,-0.22418450648839952,0,1,0.05595826810782185,1037670.9144478845,0.031239116042208526,0.6482397191574725,0.038210622604962406,-0.011224766088029105,0,0,0.038176346912757536,57076.547454973064,0.010155000903112832,0.016875989090541887,0.005859129852047399,-0.00557794636741998,0,0,0.016456844656657903,0.0,0.1682236802478834,0.19428861897152017,5.652967974245435
2021-08-21,49322.47,49757.04,48222.0,48821.87,46745.136584,3286.59,3310.14,3207.65,3222.97,938.49864,14946.5,15105.0,14856.5,15100.1,0.0,4441.67,-0.01014953225173032,0.5120827259063245,0.03338657187877689,-0.23205867086118753,0,0,0.03144164695043432,4605639.882530739,-0.019357449514542546,0.5918102256114424,0.03879859044123503,-0.030364932759710066,0,0,0.03179986161832092,48482.53146519255,0.0,0.007412102208286031,0.005617568957862161,-0.00557794636741998,0,0,0.016456844656657903,0.0,0.19279258383627648,0.20410714125813176,5.943231439951591
2021-08-22,48821.88,49500.0,48050.0,49239.22,37007.887795,3222.97,3273.83,3130.0,3240.87,1069.94136,14946.5,15105.0,14856.5,15100.1,0.0,4441.67,0.008548423073512001,0.46396765900311276,0.03299860532363089,-0.2254939834840739,0,0,0.02944807005472467,4329201.325757802,0.005553883529787695,0.5269692143873501,0.03836795605405593,-0.02497969252985956,0,0,0.04438005844109759,192647.07799339105,0.0,-0.00021849384906702518,0.005442342556604001,-0.00557794636741998,0,0,0.016456844656657903,0.0,0.16139576621783563,0.17285867928363602,6.063297991158046
2021-08-23,49239.22,50500.0,49029.0,49488.85,52462.541954,3240.87,3378.23,3232.75,3324.22,1671.32016,15091.5,15343.1,15091.5,15333.8,0.0,4479.54,0.005069739122593786,0.4445866004400705,0.03301644580883405,-0.22156744003145892,0,0,0.02972386709329475,10348153.465858111,0.02571840277456361,0.522050878189044,0.03833063275923375,0.0,0,0,0.04376364981860407,64985.35405936842,0.01547671869722711,0.015254843280321007,0.0061315438542007845,0.0,0,0,0.01640819627228739,0.0,0.12267332840198567,0.1783810048269797,5.38467843452344
2021-08-24,49488.85,49860.0,47600.0,47674.01,51014.594748,3324.22,3360.57,3149.92,3171.01,1537.38548,15327.8,15389.3,15314.9,15367.7,0.0,4486.23,-0.03667169473527865,0.3474458904802633,0.03399164683566148,-0.2501138812426268,0,0,0.04740528434675413,1391115.9875511134,-0.04608900734608412,0.44766552686002314,0.03986788326405267,-0.04608900734608407,0,0,0.06642993872614722,33356.87260276599,0.002210802279930757,0.01749937100255572,0.006138323449964275,0.0,0,0,0.004841323034676603,0.0,0.10777551524616971,0.15646735565514483,5.537601877242317
2021-08-25,47674.01,49264.3,47126.28,48973.32,44655.830342,3171.01,3248.7,3080.0,3228.79,1681.02151,15360.8,15401.9,15337.2,15372.2,0.0,4496.19,0.027254053099372122,0.31515779749500505,0.033221912620931146,-0.22967644514353128,0,0,0.04365683192399462,1638501.7595056782,0.01822132380534902,0.44805672410236186,0.039869052838850186,-0.028707486267455173,0,0,0.05224867520030718,92255.67831409369,0.0002928219577424951,0.015558212820495854,0.006130972205266717,0.0,0,0,0.004208896579539617,0.0,0.09785593814636476,0.15535097530810144,5.418693368966627
2021-08-26,48973.32,49352.84,46250.0,46843.87,49371.277774,3228.79,3250.18,3058.0,3087.35,2084.46825,15368.1,15372.9,15260.3,15291.8,0.0,4469.91,-0.04348183868277655,0.18718699210068857,0.03321209554858203,-0.26317152968934326,0,0,0.06623790903697743,1135445.692159733,-0.04380588393794582,0.34232608695652167,0.04102895029841881,-0.07125581339381867,0,0,0.062247558585842175,47584.196157548984,-0.005230220788176143,0.02656399997314729,0.005412682298913013,-0.005230220788176153,0,0,0.007363423534181742,0.0,0.3340246904441002,0.27291514300272146,6.135965932379298
2021-08-27,46843.86,49149.93,46348.0,49069.9,42068.104965,3087.35,3281.57,3061.46,3275.0,1586.7767,15284.0,15448.8,15270.6,15432.2,0.0,4509.37,0.047520198480612175,0.22614791367021536,0.03403347785874479,-0.22815729453401493,0,0,0.057100788874646174,885267.6852662255,0.060780280823359956,0.4247988967053429,0.04196744339560994,-0.014806480918832028,0,1,0.06720916030534355,26106.76386217861,0.009181391333917599,0.029046583892349043,0.0055207217287676765,0.0,0,0,0.01154728424981525,0.0,0.37331057764444947,0.33254581550301654,6.164667933672925
2021-08-28,49069.9,49299.0,48346.88,48895.35,26681.063786,3275.0,3286.16,3209.38,3245.14,1007.17432,15284.0,15448.8,15270.6,15432.2,0.0,4509.37,-0.0035571704853688546,0.22188033530185547,0.034065655326912504,-0.23090287062524578,0,0,0.019472608335966562,7500621.319537392,-0.009117557251908437,0.36322353801108176,0.04191967180960502,-0.023789039233263722,0,0,0.023659996178901296,110465.24716219494,0.0,0.0340109617678197,0.005416271059018193,0.0,0,0,0.01154728424981525,0.0,0.37420250419208345,0.3637439488375197,6.289491803641292
2021-08-29,48895.35,49632.27,47762.54,48767.83,32652.283473,3245.14,3285.0,3153.34,3225.01,1138.3959300000001,15284.0,15448.8,15270.6,15432.2,0.0,4509.37,-0.0026080189629483774,0.1554613675613421,0.03289895324765523,-0.2329086905230043,0,0,0.038339413502712666,12519908.305039138,-0.006203122207362299,0.3099519482682287,0.041804454324718174,-0.02984459512306634,0,0,0.0408246796133965,183519.53367185604,0.0,0.03034511306809451,0.005400196023437969,0.0,0,0,0.01154728424981525,0.0,0.36709589918432994,0.3595769165591241,6.0921663182603085
2021-08-30,48767.84,48888.61,46853.0,46982.91,40288.35083,3225.01,3347.99,3145.54,3226.71,1691.55595,15437.0,15622.0,15425.0,15611.0,0.0,4528.79,-0.036600357243699366,0.13316054790635157,0.033531732690817634,-0.2609845064883995,0,0,0.04332660535501101,1100763.5678009626,0.00052713014843353,0.2753794466403163,0.04169983595138923,-0.02933319696048991,0,0,0.06274192598653111,3208930.215288463,0.011586163994764087,0.0422828605193053,0.005729651178220375,0.0,0,0,0.012619306898981487,0.0,0.25699135905888876,0.32959856681633626,5.852306383888575
2021-08-31,46982.91,48246.11,46700.0,47100.89,48645.52737,3226.71,3472.67,3191.42,3432.65,3222.2085899999997,15604.4,15681.2,15522.1,15603.2,0.0,4522.68,0.0025111258540604364,0.1820898451617048,0.03250728906493112,-0.2591287455760912,0,0,0.032825494380254824,19371921.790428642,0.06382352303119898,0.34299832548240183,0.04288698123258653,0.0,0,1,0.08193378293738074,50486.214676095755,-0.0004996476843250885,0.041762086301635026,0.005734576757609078,-0.0004996476843251087,0,0,0.010196626333059908,0.0,0.2544688241313511,0.3059886313790556,5.668636719428479
2021-09-01,47100.89,49156.0,46512.0,48810.52,49904.65528,3432.65,3841.57,3384.01,3830.27,2272.42965,15598.6,15700.7,15581.6,15614.0,0.0,4524.09,0.036297190987261585,0.24682600461532722,0.032644153660328204,-0.23223720015729457,0,0,0.05416865052861555,1374889.9067317592,0.11583470496555126,0.46805387339598625,0.04697038487395223,0.0,0,1,0.1194589415367585,19617.863700668757,0.0006921657095979583,0.04285914655730916,0.005726770916829631,0.0,0,0,0.007627769950044855,0.0,0.24198382983587385,0.2723060077171348,5.700262352344384
2021-09-02,48810.51,50450.13,48584.06,49246.64,54410.770538,3830.27,3835.68,3720.0,3785.98,3239.35262,15606.6,15682.8,15553.4,15601.5,0.0,4536.95,0.008934959103078732,0.28894117708642764,0.032082651475711974,-0.22537727093983484,0,0,0.037892331334685975,6089642.830354233,-0.011563153511371271,0.508965759130168,0.046190144475591215,-0.011563153511371252,0,0,0.03055483652845494,280144.15058771806,-0.0008005635967721636,0.03676851716484353,0.005697836491605594,-0.0008005635967721276,0,0,0.008294074287728721,0.0,0.27024783068169395,0.3114262757767854,5.630662658774336
2021-09-03,49246.63,51000.0,48316.84,49999.14,59025.644157,3785.98,4027.65,3711.14,3935.95,2770.48227,15597.0,15671.4,15554.1,15655.7,0.0,4535.43,0.015280230285761531,0.25868925901702733,0.03158305005437137,-0.21354085725521038,0,0,0.053664123022916066,3862874.0813717055,0.03961193667161478,0.4437548373370894,0.044437065568038496,0.0,0,0,0.08041514755014678,69940.57355896823,0.0034740249335001305,0.03704169840691551,0.005701222880786319,0.0,0,0,0.007492478777697533,0.0,0.2654215767671337,0.31175198304197455,5.539687768378865
2021-09-04,49998.0,50535.69,49370.0,49915.64,34664.65959,3935.95,3968.57,3834.52,3885.43,1865.56303,15597.0,15671.4,15554.1,15655.7,0.0,4535.43,-0.001670028724494066,0.22155249586050374,0.03138902199566223,-0.21485426661423515,0,0,0.023353201521607303,20756799.876303215,-0.01283552890661721,0.3736909837862299,0.04443976512029457,-0.012835528906617204,0,0,0.03450068589576963,145343.5686317955,0.0,0.031011274432327207,0.005637428613248818,0.0,0,0,0.007492478777697533,0.0,0.25282539266211573,0.3028891909837451,5.56795810102364
2021-09-05,49917.54,51900.0,49450.0,51756.88,40544.835873,3885.43,3980.0,3836.36,3949.41,1664.69733,15597.0,15671.4,15554.1,15655.7,0.0,4535.43,0.036887035806813184,0.20823206737560418,0.030938326580174876,-0.18589256783326782,0,0,0.047336701903205915,1099161.914059033,0.016466645905343746,0.36560916996594095,0.04440238159600214,0.0,0,0,0.036369989441460845,101095.04562245535,0.0,0.03651302286781166,0.005513459762964071,0.0,0,0,0.007492478777697533,0.0,0.3092354734185967,0.3191453871573259,5.611407681601624
2021-09-06,51756.88,52780.0,50969.33,52663.9,49249.667081,3949.41,3969.49,3867.12,3926.12,1367.89617,15652.6,15709.5,15643.5,15701.3,0.0,4535.43,0.017524626677651423,0.181532396403705,0.030352997768206966,-0.1716256390090444,0,0,0.03438161624946117,2810310.3069638205,-0.0058970833618186,0.24183783852173302,0.04171035041962066,-0.005897083361818592,0,0,0.026074088412987858,231961.08422779923,0.002912677171892586,0.03953205068788801,0.005517047635628257,0.0,0,0,0.004203473597727577,0.0,0.32762996195948685,0.3514044883583505,5.501664070390032
2021-09-07,52666.2,52920.0,42843.05,46863.73,123048.802719,3926.12,3946.63,3011.75,3431.58,4183.12179,15696.2,15702.0,15607.8,15672.2,0.0,4520.03,-0.11013559573066178,0.0700857210641459,0.03684609239607598,-0.26285914274478955,1,0,0.21502663146958206,1117248.1587827068,-0.12596150907257042,0.1393254845714058,0.047395106149615555,-0.13111578691500755,1,0,0.27243427225942574,33209.52161262815,-0.0018533497226342899,0.03760543425007623,0.005542515585945992,-0.0018533497226343389,0,0,0.006010643049476188,0.0,0.32450170991639576,0.3533055299180239,6.64788855273947
2021-09-08,46868.57,47340.99,44412.02,46048.31,65069.3152,3431.58,3556.07,3212.21,3496.0,2352.0116000000003,15666.2,15691.8,15524.1,15610.1,0.0,4514.07,-0.017399810044996578,-0.004434052415606238,0.035608690805556786,-0.2756852536374361,0,0,0.06360646025880215,3739654.492502126,0.018772693628008152,0.10542658209436606,0.04672045556655589,-0.11480448978455006,0,0,0.09835812356979409,125288.91131541059,-0.003962430290578189,0.031152359877134383,0.005619081290752161,-0.005808436244132582,0,0,0.010743044567299307,0.0,0.337413445288373,0.3375532511688575,6.337090636730032
2021-09-09,46048.31,47399.97,45513.08,46395.14,50651.66002,3496.0,3564.39,3391.99,3424.07,1530.21488,15605.8,15675.9,15546.1,15562.7,0.0,4493.28,0.007531872505201598,0.01777229741632058,0.03551704275757055,-0.2702298073141958,0,0,0.04066999258974107,6724966.83067207,-0.020574942791761974,0.09031536982078947,0.0469000935482771,-0.1330173367667575,0,0,0.05034943794957465,74372.70430154688,-0.0030364956022062017,0.03346216165962779,0.005547159858382129,-0.008827294555227818,0,0,0.008340455062424854,0.0,0.3208859891443934,0.34471713776002355,6.402732143473491
2021-09-10,46395.14,47033.0,44132.29,44850.91,49048.26618,3424.07,3512.61,3149.42,3208.69,1916.26413,15557.1,15670.3,15436.9,15449.9,0.0,4458.58,-0.033284305209554166,-0.014503966074135843,0.03607011382937615,-0.29451970114038534,0,0,0.06467449601357027,1473615.000675178,-0.0629017514244744,0.014143757466955842,0.04845210051626105,-0.18755206473878372,1,0,0.11318949477824285,30464.395377875735,-0.00724809962281614,0.028683476373417838,0.005715967324780383,-0.016011413067707748,0,0,0.015106893895753348,0.0,0.352275393578447,0.39371441870490953,6.310401840294569
2021-09-11,44842.2,45987.93,44722.22,45173.69,30440.4081,3208.69,3347.16,3201.14,3266.42,1253.75147,15557.1,15670.3,15436.9,15449.9,0.0,4458.58,0.007196732463176314,0.017448365954188194,0.03578789225403164,-0.289442548171451,0,0,0.028018742768190934,4229748.14727009,0.01799176611015718,0.072096259633184,0.04797811575898639,-0.17293469151088386,0,0,0.04470337556101174,69684.69718185297,0.0,0.023952016436358692,0.005676005688899652,-0.016011413067707748,0,0,0.015106893895753348,0.0,0.37251598004246866,0.417404048789555,6.30510805740381
2021-09-12,45173.68,46460.0,44742.06,46025.24,32094.28052,3266.42,3471.44,3231.15,3407.72,1132.93867,15557.1,15670.3,15436.9,15449.9,0.0,4458.58,0.0188505743055305,-0.03712887029288703,0.03304027730625536,-0.2760481321274086,0,0,0.03732604110266459,1702561.575801339,0.04325836848904907,0.025217365143355597,0.04571443586436404,-0.1371571956317526,0,0,0.07051342246428696,26190.04016266595,0.0,0.021055692504940104,0.0056646077431321265,-0.016011413067707748,0,0,0.015106893895753348,0.0,0.3724603342882632,0.41040650704030807,5.8327461453712255
2021-09-13,46025.23,46880.0,43370.0,44940.73,65429.15056,3407.72,3431.26,3115.33,3284.37,2196.45052,15449.3,15570.3,15359.6,15461.3,0.0,4468.73,-0.02356337522628882,-0.04520601990587758,0.03320003220040461,-0.2931068816358631,0,0,0.07810287015809489,2776729.6562720984,-0.036197222776519156,0.006105181899498824,0.04610753302921364,-0.1683897088425866,0,0,0.0961919637556062,60680.06727367344,0.0007378688535200073,0.02180909769814887,0.005663019068192504,-0.015285358537191188,0,0,0.013627573360584098,0.0,0.36879394994725134,0.40509112657308943,5.862592580864364
2021-09-14,44940.72,47250.0,44594.44,47111.52,44855.85099,3284.37,3436.0,3272.29,3436.0,1388.32098,15452.0,15538.0,15360.5,15405.1,0.0,4443.05,0.04830339872093736,0.0029314200974073223,0.034396234113709276,-0.2589615414864334,0,0,0.056367529640308736,928627.0302194428,0.046167149255412765,0.03835507150023565,0.04678637387096146,-0.12999663240838502,0,0,0.04764551804423749,30071.613726963922,-0.0036348819310147995,0.018094942271979386,0.005717903143902445,-0.018864679994650056,0,0,0.011522158246295058,0.0,0.3157196878700416,0.3717608121522597,6.015522315233007
2021-09-15,47103.28,48500.0,46682.32,48121.41,43204.71174,3436.0,3613.88,3361.42,3611.0,1573.01097,15399.5,15531.2,15324.1,15525.2,0.0,4480.7,0.02143615828994716,0.04836726810945846,0.03430209861450925,-0.24307652379079822,0,0,0.03777279177812953,2015505.343847368,0.05093131548311991,0.1450551123175079,0.04664274689157089,-0.08568621642219974,0,1,0.06991415120465246,30884.940752648203,0.007796119466929818,0.025239384534108122,0.0058664904388202295,-0.011215631826663942,0,0,0.013339602710432094,0.0,0.3329776398520949,0.4055611818723679,5.847114301317176
2021-09-16,48121.4,48557.0,47021.1,47737.82,40725.08895,3611.0,3673.3,3480.01,3567.67,1490.57056,15521.3,15551.6,15378.2,15516.5,0.0,4473.76,-0.007971295936673561,0.06805694923141803,0.03394026001237265,-0.24911018482107747,0,0,0.032173651834122324,5108960.724068589,-0.011999446136804148,0.18441854211415687,0.04579635376178941,-0.0966574754203792,0,0,0.05417821715573468,124219.84321674333,-0.0005603792543735775,0.03605648849864784,0.005433461956173121,-0.011769726073637169,0,0,0.011175200592917194,0.0,0.3018959337601056,0.36507530890035783,6.24651425205428
2021-09-17,47737.81,48150.0,46699.56,47299.98,34461.92776,3567.67,3592.0,3350.0,3398.24,1137.69506,15509.9,15547.7,15296.0,15302.4,0.0,4432.99,-0.009171763603784133,0.058039887449561345,0.03400778925721459,-0.2559971686983877,0,0,0.030664706412138067,3757389.7098573754,-0.047490378874727845,0.12741399845397927,0.046846373699344517,-0.13955755416631854,0,0,0.07121333396110928,23956.322257142598,-0.01379821480359622,0.03088810892016247,0.005810694116750788,-0.02540553966868983,0,0,0.016448400250941075,0.0,0.3082178497541405,0.42795730793277764,5.852610729081653
2021-09-18,47299.98,48843.2,47035.56,48292.74,30906.47038,3398.24,3540.0,3371.25,3436.39,972.25332,15509.9,15547.7,15296.0,15302.4,0.0,4432.99,0.020988592384182825,0.032765177193972095,0.03320159694258305,-0.2403815965395203,0,0,0.03743088505642876,1472535.8942094855,0.011226399548001309,0.07824212511335005,0.045817474685051984,-0.12989788348133013,0,0,0.04910676611211184,86604.12002990706,0.0,0.02368831238334801,0.0057010165669628115,-0.02540553966868983,0,0,0.016448400250941075,0.0,0.2696389315453748,0.4023051451478314,5.823792706910855
2021-09-19,48292.75,48372.83,46829.18,47241.75,29847.24349,3436.39,3455.0,3280.86,3328.85,1140.99877,15509.9,15547.7,15296.0,15302.4,0.0,4432.99,-0.02176289852263502,-0.042186046238154806,0.031890481735020376,-0.2569130947699567,0,0,0.032675546523996284,1371473.0941848455,-0.0312944689048682,0.012858312110728631,0.045936068837084655,-0.15712726711078362,0,0,0.052312360124367234,36460.06611800476,0.0,0.013397262269786214,0.005420774609170453,-0.02540553966868983,0,0,0.016448400250941075,0.0,0.19453736637200583,0.38702067118397865,5.883001084579267
2021-09-20,47241.75,47347.25,42500.0,43015.62,78003.524443,3328.85,3344.0,2923.73,2977.21,7378.20006,15302.9,15357.5,14827.2,15011.0,0.0,4357.73,-0.08945752432964482,-0.11892723486421142,0.035736383632997706,-0.3233878096736138,1,0,0.11268581041026492,871961.4846029896,-0.10563407783468759,-0.07625264895422534,0.049820379466873045,-0.24616335098153896,1,0,0.14116236342078656,69846.77210964834,-0.019042764533667933,-0.005900623174680986,0.006486423844000557,-0.04396451249259611,0,0,0.03532742655386045,0.0,0.39377544809470255,0.5141911641934162,5.509403856180706
2021-09-21,43016.64,43639.0,39600.0,40734.38,84534.080485,2977.21,3103.69,2656.07,2764.87,8080.57554,15008.9,15181.1,14981.7,15010.7,0.0,4354.18,-0.05303282853995839,-0.17272491318912042,0.036769776536563145,-0.35927046795123874,1,0,0.09915457164193982,1593995.0191673508,-0.07132180800145105,-0.1468741418199434,0.05140114719954527,-0.29992834372729094,1,0,0.16189549599076988,113297.38593925915,-1.9985344080986067e-05,-0.00592049059277755,0.006486406078028307,-0.043983619190767556,0,0,0.013283857514972628,0.0,0.38127184992238905,0.49711218950508174,5.668735414787044
2021-09-22,40734.09,44000.55,40565.39,43543.61,58349.05542,2764.87,3088.0,2740.12,3076.67,4662.99706,15005.8,15244.5,14948.7,15197.6,0.0,4395.64,0.0689645945267856,-0.12013291882919075,0.03918205034021093,-0.31508281557215884,0,1,0.07889010580427308,846072.500819423,0.11277202906465766,-0.0744685971445932,0.055434830147054394,-0.2209798425587619,0,1,0.11307030003217768,41348.876003975405,0.01245111820234901,-0.008882338363614961,0.0062539711115550765,-0.03208014622992994,0,0,0.01946359951571296,0.0,0.480998082605293,0.5793529406668789,6.265137300753402
2021-09-23,43546.37,44978.0,43069.09,44865.26,48699.57655,3076.67,3170.81,3031.83,3150.13,5653.58657,15190.8,15365.1,15190.3,15316.1,0.0,4448.98,0.03035232953813427,-0.058915748853515804,0.03913598442535265,-0.2942939834840739,0,0,0.042547619249281146,1604475.2164430192,0.023876463839150874,-0.006584652839316196,0.054945712319689886,-0.20237959593964663,0,0,0.04411881414417818,236784.8204088523,0.007797283781649789,-0.0033576917821144248,0.006411822830626429,-0.024533000452191787,0,0,0.011412827025156606,0.0,0.5169049071176863,0.599539279298706,6.103712535738257
2021-09-24,44865.26,45200.0,40675.0,42810.57,84113.426292,3150.13,3155.33,2738.88,2926.41,10956.67237,15312.5,15352.4,15195.3,15336.2,0.0,4455.48,-0.045796903885099605,-0.12583892617449666,0.039570726169183536,-0.3266131340935903,0,0,0.10569819556245105,1836661.4506609142,-0.07101929126734463,-0.09365118202174816,0.05639181100084309,-0.25902603173638594,1,0,0.14230746887825008,154277.38902632636,0.001312344526348097,-0.0023418899051534936,0.006416633834653634,-0.023252851674702004,0,0,0.01024373704046637,0.0,0.5011940865115143,0.5737202888529144,6.1668883592195725
2021-09-25,42810.58,42966.84,41646.28,42670.64,33594.57189,2926.41,2964.87,2805.01,2920.75,5960.31619,15312.5,15352.4,15195.3,15336.2,0.0,4455.48,-0.003268585304984306,-0.0890880706483047,0.03885112447718961,-0.32881415650806134,0,0,0.03094774299143387,10277984.50263065,-0.0019341103946473037,-0.053962135812266165,0.055829769087836684,-0.26045915719056767,0,0,0.05473251733287672,3081667.6182595617,0.0,0.002903516917563742,0.006341881064488332,-0.023252851674702004,0,0,0.01024373704046637,0.0,0.48671895732405956,0.5644184317889087,6.126110348179584
2021-09-26,42670.63,43950.0,40750.0,43160.9,49879.99765,2920.75,3112.59,2740.22,3063.59,6610.53756,15312.5,15352.4,15195.3,15336.2,0.0,4455.48,0.011489398799736872,-0.12042005384156074,0.037798751210965355,-0.32110263468344474,0,0,0.07414117870572672,4341389.406489073,0.048905246939998426,-0.0645526717557251,0.05542216317296147,-0.2242917296507579,0,0,0.12154694329202026,135170.28584698838,0.0,-0.006220759191819747,0.006106494767310661,-0.023252851674702004,0,0,0.01024373704046637,0.0,0.4501182936746578,0.5330886204249478,6.189915942309522
2021-09-27,43160.9,44350.0,42098.0,42147.35,39776.84383,3063.59,3163.21,2926.02,2928.03,4594.68485,15333.2,15417.6,15102.8,15190.1,0.0,4443.11,-0.023483059899121694,-0.13800903357885774,0.037973405672422834,-0.33704522217852934,0,0,0.05343159178453687,1693851.9538064194,-0.04424874085631558,-0.09771843433565264,0.05597399011188143,-0.2586158438855423,0,0,0.08100668367468913,103837.61713228577,-0.009526479832031476,-0.01568797708687031,0.006339529996130268,-0.03255781368421716,0,0,0.02072402419997242,0.0,0.45731947981700743,0.5469889874263748,5.98993076715381
2021-09-28,42147.35,42787.38,40888.0,41026.54,43372.2624,2928.03,2968.74,2790.71,2806.89,5964.18124,15187.9,15210.4,14759.8,14786.3,0.0,4352.63,-0.026592656477809395,-0.1587376350352271,0.03819012170032536,-0.3546749508454581,0,0,0.0462963730307259,1630985.837249249,-0.04137252692083082,-0.1296492103900454,0.05643369057028138,-0.28928877984306517,0,0,0.06342606942202927,144157.97734165707,-0.026583103468706626,-0.04185404543746207,0.007925572643086728,-0.058275429423041404,0,0,0.03047415513008666,0.0,0.42766793334647063,0.5110878491539433,4.81858854044473
2021-09-29,41025.01,42590.0,40753.88,41524.28,33511.53487,2806.89,2945.57,2784.57,2849.0,5047.15664,14784.5,14943.8,14730.3,14782.1,0.0,4359.46,0.012132146654336484,-0.11618331005891303,0.03783536420017638,-0.34684577270939837,0,0,0.044217985236589354,2762207.5633207173,0.015002369170149299,-0.11705731224683968,0.0565273048511516,-0.27862642774490365,0,0,0.056511056511056514,336423.74871063686,-0.0002840467189221263,-0.05309717506886169,0.0075422660544550305,-0.058542923197442184,0,0,0.014443144072898978,0.0,0.5077756985580375,0.5344818431933029,5.016438529564029
2021-09-30,41524.29,44141.37,41410.17,43824.1,46381.22781,2849.0,3048.0,2837.12,3001.16,5002.70726,14783.6,14901.3,14688.8,14710.1,0.0,4307.54,0.05538494586781506,-0.06956959836640031,0.039322341959821795,-0.31067086118757375,0,1,0.062321873124605055,837433.6872398367,0.053408213408213445,-0.12570171733209046,0.05613599349111128,-0.24009915405085824,0,1,0.0702661637500167,93669.23182901929,-0.00487075584659824,-0.057238258818703924,0.007558697776412645,-0.06312853075859955,0,0,0.014445856928232982,0.0,0.4665070482988025,0.5159318222712616,5.202257200963541
2021-10-01,43820.01,48495.0,43283.03,48141.61,66244.87492,3001.16,3329.99,2970.0,3308.62,4044.82334,14716.9,14835.1,14555.6,14792.9,0.0,4357.05,0.09851907968446594,-0.013704217861231438,0.042872717982960294,-0.24275878883208807,0,1,0.10826330901687753,672406.4862167033,0.10244705380586172,-0.13619144342304856,0.055204769111782646,-0.16224955119878665,0,1,0.10880367041243776,39482.08166966096,0.005628785664271385,-0.05258742154476759,0.0076707669179608496,-0.05785508206326863,0,0,0.01889419924423203,0.0,0.4895311217813214,0.5566476532961461,5.589097224633838
2021-10-02,48141.6,48336.59,47430.18,47634.9,30508.98131,3308.62,3467.0,3260.0,3386.49,2993.3915,14716.9,14835.1,14555.6,14792.9,0.0,4357.05,-0.010525406192273157,-0.03272791808740649,0.04288696556265759,-0.2507290601651592,0,0,0.019028275487090268,2898600.943912986,0.023535492138716307,-0.10551825419046068,0.05539695776654128,-0.14253268209681955,0,0,0.06112523586368187,127186.21775550814,0.0,-0.05182834983815665,0.007675648062996266,-0.05785508206326863,0,0,0.01889419924423203,0.0,0.4862151898495258,0.5587956558326911,5.587399179415277
2021-10-03,47634.89,49228.08,47088.0,48200.01,30825.05601,3386.49,3485.31,3346.33,3416.83,2479.352,14716.9,14835.1,14555.6,14792.9,0.0,4357.05,0.011863360687227154,-0.035983218911365245,0.04284893195740276,-0.2418401887534408,0,0,0.044399990788383685,2598338.7708847523,0.008959128773449843,-0.13189191935873168,0.054879240557595035,-0.1348505219767003,0,0,0.040675128701164534,276739.992838094,0.0,-0.05511091806817969,0.0076202208725075805,-0.05785508206326863,0,0,0.01889419924423203,0.0,0.4838327091550766,0.551489848284738,5.6230490485523195
2021-10-04,48200.01,49536.12,46891.0,49224.94,46796.49372,3416.83,3434.99,3271.18,3380.88,5382.25127,14790.6,14850.6,14383.7,14503.7,0.0,4300.46,0.021264103472177665,-0.0138373463707967,0.04302828100320397,-0.22571860007864722,0,0,0.05373536260277824,2200726.2979117064,-0.010521448242961973,-0.12985692703252916,0.054866901794760066,-0.14395314743214804,0,0,0.048451882350157335,511549.9340217695,-0.019549919218003198,-0.07358342328991996,0.008264420430781537,-0.07627393910058394,0,0,0.03219178554437831,0.0,0.40891997202019187,0.5198953945304751,5.206442399580457
2021-10-05,49224.93,51886.3,49022.4,51471.99,52125.66793,3380.88,3542.41,3364.03,3513.45,4681.34067,14501.3,14768.5,14425.4,14676.1,0.0,4345.72,0.045648608205515195,-0.005504388981716013,0.043312976447184785,-0.19037373181281952,0,0,0.05563997039943475,1141889.2833803731,0.039211684531837765,-0.11038610830478479,0.05530280611352754,-0.11038610830478478,0,0,0.05077061008410527,119386.339353404,0.011886622034377403,-0.06257145959618549,0.008664233079865863,-0.0652939565513683,0,0,0.023378145420104822,0.0,0.43856560044536597,0.5316993683072068,4.999049085757569
2021-10-06,51471.99,55750.0,50382.41,55315.0,79877.545181,3513.45,3630.0,3346.0,3575.3,6860.00653,14669.1,14784.1,14438.0,14780.9,0.0,4363.55,0.07466216091509192,0.05033998621446556,0.04528800080610608,-0.1299252850963429,0,1,0.0970367892976588,1069852.9684040283,0.01760377976063432,-0.08935539412957316,0.055417839524585004,-0.0947255412833815,0,0,0.07943389365927335,389689.18757143867,0.0071408616730601615,-0.05861934999012819,0.008782419922292756,-0.05861934999012819,0,0,0.02341535359822476,0.0,0.46510218461177344,0.5375832996499024,5.156659513006751
2021-10-07,55315.0,55332.31,53357.0,53785.22,54917.37766,3575.3,3657.91,3474.34,3587.64,5933.13762,14777.4,15014.9,14777.3,14904.8,0.0,4399.76,-0.027655789568833078,0.14769396290052028,0.040450967371089726,-0.15398788832088084,0,0,0.036725888636320494,1985745.4319234209,0.003451458618856984,0.04547759341178104,0.05019545228042733,-0.09160102395041285,0,0,0.051167341204803075,1719018.2716958516,0.008382439499624583,-0.048965684460382186,0.008983787941242823,-0.050728283645303254,0,0,0.01594117331329507,0.0,0.47789709363215077,0.5819924608006299,4.502657744046915
2021-10-08,53785.22,56100.0,53617.61,53951.43,46160.25785,3587.64,3667.99,3535.41,3558.71,4718.72833,14898.8,15009.4,14805.8,14819.6,0.0,4391.36,0.003090254162760653,0.1716267111648615,0.04022529974820825,-0.15137349587101848,0,0,0.046011570036234434,14937317.78863955,-0.00806379681350411,0.017937643020595084,0.050138243140126076,-0.09892616871887189,0,0,0.03725507276513117,585173.7819534254,-0.005716279319413764,-0.05064029058109809,0.00900515179641796,-0.05615458592600606,0,0,0.013738562444330506,0.0,0.47539153860042216,0.5873710253414911,4.466915826455103
2021-10-09,53955.67,55489.0,53661.67,54949.72,55177.08013,3558.71,3629.99,3540.04,3574.17,4363.46727,14898.8,15009.4,14805.8,14819.6,0.0,4391.36,0.01850349471737811,0.18438526104242814,0.040288871102779164,-0.13567093983484071,0,0,0.033254582552922955,2981979.9531371384,0.004344270817234319,0.04383672062779098,0.04996078005340562,-0.09501165996946374,0,0,0.02516668205485464,1004416.4853914521,0.0,-0.04774878395137094,0.00900657498952418,-0.05615458592600606,0,0,0.013738562444330506,0.0,0.47664596391634917,0.5871927726924194,4.473268297544554
2021-10-10,54949.72,56561.31,54080.0,54659.0,89237.836128,3574.17,3605.72,3410.0,3416.96,5117.4587599999995,14898.8,15009.4,14805.8,14819.6,0.0,4391.36,-0.005290654802244665,0.21868207356327884,0.039656405580920664,-0.14024380652772317,0,0,0.04539618361111615,16867036.462060332,-0.04398503708553314,0.06490810891672294,0.04921896409925466,-0.13481760566768197,0,0,0.05727898482861953,116345.41961609386,0.0,-0.0407963805590974,0.008946578907719011,-0.05615458592600606,0,0,0.013738562444330506,0.0,0.46318258900061254,0.5648384146507252,4.432572681047811
2021-10-11,54659.01,57839.04,54415.06,57471.35,52933.165751,3416.96,3620.0,3379.11,3542.33,4718.97617,14826.5,14911.6,14692.3,14699.8,0.0,4361.19,0.05145264274867811,0.27223058377564446,0.04046467811908022,-0.0960070782540307,0,1,0.05957716323002685,1028774.2793273166,0.03669050852219513,0.08446862314093107,0.04952928218091074,-0.10307362365517886,0,0,0.06800326338878644,128615.6849253945,-0.008083888903884118,-0.04855047605486118,0.009025952110412171,-0.06378452739582073,0,0,0.01491857032068471,0.0,0.42305338322187397,0.5378559917481478,4.483142918625924
2021-10-12,57471.35,57680.0,53879.0,55996.93,53471.2855,3542.33,3543.88,3401.91,3490.0,4941.73226,14699.3,14798.0,14601.2,14613.2,0.0,4350.64,-0.025654869774244027,0.21665699081634338,0.04089868472576797,-0.1191988989382619,0,0,0.06787872120846625,2084253.988735585,-0.014772762560235742,0.024145176246874733,0.049069814347723395,-0.11632370404693355,0,0,0.040679083094555944,334516.2351786143,-0.0058912366154640905,-0.05415569032809264,0.009053582544105048,-0.06929999426799045,0,0,0.013467276161278793,0.0,0.42869443113414146,0.5415973722285975,4.517398427919955
2021-10-13,55996.91,57777.0,54167.19,57367.0,55808.44492,3490.0,3609.0,3411.54,3604.75,4372.4003,14603.3,14800.8,14602.7,14782.8,0.0,4363.8,0.02446687702343686,0.2765035191907206,0.040585276192856054,-0.0976484467164766,0,0,0.06292485226698272,2280978.5677491794,0.032879656160458515,0.097546865913402,0.0488379148013969,-0.08726873127884921,0,0,0.05477772383660449,132981.89460507059,0.011605945309719923,-0.04388376139134487,0.009371095012729194,-0.05849834090170878,0,0,0.013400708932001959,0.0,0.4437595041039653,0.5624510047960835,4.330895464059708
2021-10-14,57370.83,58532.54,56818.05,57347.94,43053.336781,3604.75,3826.25,3585.59,3787.83,4719.93398,14778.9,15086.6,14778.2,15080.6,0.0,4438.23,-0.00033224676207577186,0.21728061416825462,0.03992560224480851,-0.09794825009830904,0,0,0.029896278750378792,129578511.84735736,0.05078854289479162,0.10239522700814896,0.04898173975383166,-0.04091244008598751,0,1,0.06353505833155128,92933.02744374963,0.02014503341721463,-0.021064452681254897,0.010153177333619106,-0.03953175851681064,0,0,0.020450114716921052,0.0,0.4098544858536955,0.5933687818003228,3.932322031782804
2021-10-15,57347.94,62933.0,56850.0,61672.42,82512.908022,3787.83,3899.98,3733.51,3865.24,5169.9895400000005,15069.9,15160.4,15036.2,15160.1,0.0,4471.37,0.0754077653007239,0.28160043523246703,0.04175664258433394,-0.02992654345261505,0,1,0.09863404095380074,1094222.8131375187,0.020436503222161395,0.07040708944890617,0.048294672445682925,-0.021312044077469817,0,0,0.04306847698978584,252978.06351788295,0.00527167354084046,-0.02351660526112387,0.010090953507086551,-0.03446848350136606,0,0,0.008192558096582404,0.0,0.4179546603159323,0.5842329119173482,4.138023346830025
2021-10-16,61672.42,62378.42,60150.0,60875.57,35467.88096,3865.24,3967.99,3803.2,3826.74,4039.28621,15069.9,15160.4,15036.2,15160.1,0.0,4471.37,-0.012920686426769024,0.2752063248803569,0.041836280931573475,-0.04246055839559576,0,0,0.03660614594655948,2745044.058655991,-0.009960571659198392,0.07261602110060617,0.04827369018808295,-0.03106033559443058,0,0,0.043062763605575496,405527.1417076133,0.0,-0.022969097412431916,0.010091822786243404,-0.03446848350136606,0,0,0.008192558096582404,0.0,0.4160469863222109,0.5839304498458165,4.145558276451255
2021-10-17,60875.57,61718.39,58963.0,61528.33,39099.24124,3826.74,3915.69,3646.0,3844.13,3998.67036,15069.9,15160.4,15036.2,15160.1,0.0,4471.37,0.01072285647592297,0.3008109094337883,0.041696159485694634,-0.03219300039323631,0,0,0.04478246037231954,3646342.265642596,0.004544338000491255,0.13121203917321922,0.047304840899087014,-0.026657146257289,0,0,0.07015631625361267,879921.6872404434,0.0,-0.009299194897532392,0.009785222939926628,-0.03446848350136606,0,0,0.008192558096582404,0.0,0.4098084640811399,0.5632119279983179,4.261131006453821
2021-10-18,61528.32,62695.78,59844.45,62009.84,51798.44844,3844.13,3892.87,3676.58,3746.14,4704.75553,15161.5,15312.2,15053.9,15303.8,0.0,4486.48,0.007825825924415497,0.2840406239115858,0.0416418198769972,-0.024619111285882872,0,0,0.045981895776541305,6618902.944079903,-0.025490813265940604,0.09013819735245421,0.04761745908931214,-0.051468447185782175,0,0,0.05773676370877756,184566.63721356652,0.009478829295321178,9.148891677113191e-05,0.009945787170105967,-0.025316375077222907,0,0,0.016878160979626047,0.0,0.4023445127273412,0.5294375254146546,4.186876040681768
2021-10-19,62005.6,64486.0,61322.22,64280.59,53628.107744,3746.14,3884.47,3730.25,3875.98,4952.6564,15299.3,15443.8,15286.3,15426.0,0.0,4519.63,0.03661918818045651,0.36067334508141635,0.04150894420518723,0.0,0,0,0.049218278799245604,1464480.6661173992,0.034659676360200065,0.16436006428646532,0.04745521351909145,-0.0185926505478033,0,0,0.03978864700024247,142893.86085406606,0.007984944915641945,0.008077164366373957,0.010050664828439526,-0.017533580022036345,0,0,0.010210035005834306,0.0,0.415986635006835,0.5419056273654165,4.129965889228946
2021-10-20,64280.59,67000.0,63481.4,66001.41,51428.934856,3875.98,4167.71,3828.0,4161.51,4966.77076,15421.7,15461.6,15334.8,15372.5,0.0,4536.19,0.026770445013028166,0.5343591467471585,0.03697142623322623,0.0,0,0,0.053310982295681236,1921107.9838191576,0.07366653078705254,0.3977885335599438,0.04405749955460317,0.0,0,1,0.08163142705412219,67422.34272079392,-0.0034681706210294427,0.024082339617613746,0.009397163492779415,-0.02094094119595188,0,0,0.008248495690356227,0.0,0.29435039870572094,0.4149713826607308,3.93431346794164
2021-10-21,66001.4,66639.74,62000.0,62193.15,68538.64537,4161.51,4368.62,4019.76,4055.94,7300.54266,15368.1,15499.4,15316.7,15396.2,0.0,4549.78,-0.05769967641600382,0.5267975110950505,0.03727620023877653,-0.05769967641600387,1,0,0.07460210650208271,1187851.2627581602,-0.025368195678972305,0.46695504671105703,0.04179611442771805,-0.025368195678972333,0,0,0.08601212049487904,287783.1704924805,0.0015417140998537082,0.0256816804013138,0.009396581445895886,-0.019431512040404206,0,0,0.011866564476948786,0.0,0.28119907584861675,0.42864086141113084,3.966991696234438
2021-10-22,62193.15,63732.39,60000.0,60688.22,52119.35886,4055.94,4167.54,3896.09,3969.67,4896.88478,15390.7,15478.7,15289.4,15339.5,0.0,4544.9,-0.02419768093431507,0.3937342356318183,0.036485976892633915,-0.0805011589903913,0,0,0.06150106231489405,2153898.031075719,-0.021270038511417844,0.29024887296980184,0.037812748252309805,-0.046098651691333224,0,0,0.0683809989243438,230224.42931295306,-0.0036827269066393997,0.009337000579038746,0.009170982045457295,-0.023042677994815672,0,0,0.0123406890706999,0.0,0.2431297906703698,0.38023986876712285,3.978411137179719
2021-10-23,60688.23,61747.64,59562.15,61286.75,27626.93678,3969.67,4169.99,3940.01,4164.71,3289.7957,15390.7,15478.7,15289.4,15339.5,0.0,4544.9,0.009862375268215207,0.3660179390468259,0.036317299983983725,-0.07143271636166565,0,0,0.03566007334374882,2801242.907132915,0.04913254754173524,0.32207559688012877,0.038426634929142604,0.0,0,0,0.055221131843513606,66957.55044311525,0.0,0.0015278040754500566,0.009062512105275556,-0.023042677994815672,0,0,0.0123406890706999,0.0,0.23218765690602408,0.367095711329798,4.0074164302277815
2021-10-24,61286.75,61500.0,59510.63,60852.22,31226.57676,4164.71,4183.82,3966.0,4083.18,3801.1826499999997,15390.7,15478.7,15289.4,15339.5,0.0,4544.9,-0.007090113278971355,0.42142980109818673,0.03488652281958436,-0.0780163635898082,0,0,0.03269182291130878,4404236.080438138,-0.01957639307418768,0.3952863747731863,0.03573770108604175,-0.019576393074187685,0,0,0.053345676653980406,194171.65837844953,0.0,0.0002151771625304999,0.009059579014660899,-0.023042677994815672,0,0,0.0123406890706999,0.0,0.24973298550645828,0.4059183641571171,3.850784264399677
2021-10-25,60852.22,63710.63,60650.0,63078.78,36853.83806,4083.18,4234.6,4069.16,4216.87,3532.9707200000003,15335.3,15561.1,15311.9,15558.6,0.0,4566.48,0.036589626475418635,0.4782712422405664,0.03502925789330196,-0.04428132671711111,0,0,0.04852075452315339,1007220.6671077167,0.0327416376451688,0.4437627321749551,0.03583979480078881,0.0,0,0,0.03923289074597996,107904.48783420674,0.01428338602953172,0.014501636650539274,0.00942497586135261,-0.009088419430238191,0,0,0.01601686527065422,0.0,0.27303322641776806,0.4177967109658404,3.7166377126293964
2021-10-26,63078.78,63293.48,59817.55,60328.81,40217.50083,4216.87,4289.54,4097.0,4126.49,3141.50709,15542.1,15716.3,15519.0,15537.8,0.0,4574.79,-0.04359580194797685,0.3977653385355726,0.0365591531705853,-0.0859466487155351,0,0,0.05761641908733158,922508.356490568,-0.021432958568796345,0.346945903335629,0.03570537694010236,-0.021432958568796314,0,0,0.0466595096559061,146573.58731788705,-0.0013368812103917715,0.01314536847458947,0.009430693299277239,-0.010413150503461498,0,0,0.012698065363178782,0.0,0.27174561467241015,0.4272662810167906,3.8766094118756937
2021-10-27,60328.81,61496.0,58000.0,58413.44,62124.49016,4126.49,4301.23,3942.01,3964.97,8627.84326,15542.4,15732.8,15523.2,15607.7,0.0,4551.68,-0.03174884437468595,0.3859338724735957,0.03686455712005065,-0.1149667863156257,0,0,0.059849240174863864,1956747.4601393242,-0.039142224990246,0.3541425463536916,0.035446205133896944,-0.05973624987253581,0,0,0.09059841562483432,220422.85684887448,0.004498706380568818,0.027491589917117087,0.00926376934164742,-0.005961289829504471,0,0,0.013429268886511051,0.0,0.2213361422059205,0.3592951583051426,3.9794295352348987
2021-10-28,58413.44,62499.0,57820.0,60575.89,61056.35301,3964.97,4285.29,3903.02,4277.56,5501.96715,15607.8,15791.6,15606.5,15686.0,0.0,4596.42,0.0370197338146836,0.47650496483495797,0.036419808217070644,-0.08220309232787608,0,0,0.07724195220243565,1649291.6135681756,0.0788379231116505,0.5239499944778743,0.03613848794876505,0.0,0,1,0.08936636774235777,69788.32311861981,0.005016754550638325,0.060846865003415296,0.007688180916636844,-0.000974441606745892,0,0,0.011800331505801375,0.0,0.14502828333840154,0.2652276038388845,4.737110278864184
2021-10-29,60575.9,62980.0,60174.81,62253.71,43973.90414,4277.56,4457.86,4259.79,4415.84,4559.18623,15687.3,15878.9,15609.8,15878.2,0.0,4605.38,0.027697818389461615,0.49921226809953123,0.03650742845981589,-0.056782120260764186,0,0,0.045060607632862404,1587630.0308341521,0.03232684053525836,0.54996138996139,0.03628065845939883,0.0,0,0,0.04485443313163514,141034.0368613197,0.012252964426877622,0.07415049282578257,0.007897660185937742,0.0,0,0,0.016947764859996748,0.0,0.1567974052698269,0.27805526440468675,4.6225567287957245
2021-10-30,62253.7,62359.25,60673.0,61859.19,31478.12566,4415.84,4432.0,4235.0,4316.23,2678.22286,15687.3,15878.9,15609.8,15878.2,0.0,4605.38,-0.006337292990249099,0.41153360822013463,0.03584077996061156,-0.06275956831831321,0,0,0.027259490465361733,4967117.038341683,-0.022557429617015234,0.43818723426941575,0.03618266220197239,-0.02255742961701524,0,0,0.045641682672146765,118729.0271179446,0.0,0.07940802577820683,0.007792027076154956,0.0,0,0,0.016947764859996748,0.0,0.2062945605532391,0.3292365116955231,4.5996675337044834
2021-10-31,61859.19,62405.3,59945.36,61299.8,39267.63794,4316.23,4389.12,4162.18,4281.56,2074.74811,15687.3,15878.9,15609.8,15878.2,0.0,4605.38,-0.009042957077194158,0.2733225997219453,0.03208785833367771,-0.07123499331302165,0,0,0.0401296578455395,4342340.031186304,-0.00803247278296082,0.2940621769801308,0.03214072509431372,-0.030408710460523874,0,0,0.0530040452545333,258294.7472232534,0.0,0.07336627706534893,0.00778383863441703,0.0,0,0,0.016947764859996748,0.0,0.19907937835667486,0.3379074472360198,4.122364120982284
2021-11-01,61299.81,62437.74,59405.0,60911.11,44687.66672,4281.56,4377.96,4141.0,4316.54,2142.98196,15899.9,15929.0,15774.3,15902.9,0.0,4613.67,-0.006340803722035049,0.27870762823056205,0.03201094963746695,-0.07712410992431833,0,0,0.04978960324315216,7047623.330221053,0.008169919375180967,0.27463538944452814,0.032025325944250775,-0.022487227798108668,0,0,0.054895819336783634,262301.1609512882,0.001555591943671164,0.07503599699856012,0.007772527536445103,0.0,0,0,0.009727785498242505,0.0,0.19521408939651047,0.3446156203559178,4.118468323551858
2021-11-02,60911.12,64270.0,60624.68,63219.99,46368.2841,4316.54,4600.0,4283.02,4584.51,3542.01724,15900.5,15994.5,15864.2,15973.4,0.0,4630.65,0.03790572852801399,0.3116177776726601,0.032449278798276776,-0.04214182697006027,0,0,0.057660875934969304,1223252.3596851123,0.062079813925041805,0.341743662985867,0.03348080552454116,0.0,0,1,0.06914152221284271,57055.85190249257,0.0044331537015260825,0.0798017968079281,0.007766601619424635,0.0,0,0,0.008157311530419277,0.0,0.20119325836862242,0.34306392531850455,4.178048341843142
2021-11-03,63220.57,63500.0,60382.76,62896.48,43336.09049,4584.51,4664.64,4453.0,4602.66,3693.79335,15961.4,16160.3,15941.4,16146.2,0.0,4660.57,-0.005117210553180929,0.2777360419332151,0.032479362764290726,-0.04704338892153971,0,0,0.04956143809637674,8468677.486074299,0.003958983620932166,0.36137928586640156,0.033272823909924136,0.0,0,0,0.04598210599957423,933013.2108498515,0.01081798489989616,0.11324696456766215,0.006684944645977658,0.0,0,0,0.013557369535866,0.0,0.25962450509269847,0.31885851887957906,4.858576382987667
2021-11-04,62896.49,63086.31,60677.01,61395.01,35930.93314,4602.66,4605.32,4419.39,4532.78,3265.29912,16139.0,16389.2,16139.0,16350.5,0.0,4680.06,-0.023872083143603562,0.19278485249938848,0.03223192950739115,-0.06979244837345143,0,0,0.039242602941183584,1505143.806362349,-0.015182524887782267,0.29012224451749713,0.033156564375889284,-0.015182524887782307,0,0,0.04101897731634877,215069.4297187264,0.012653132006292367,0.11409025558561203,0.006719071087589719,0.0,0,0,0.015302284333812467,0.0,0.16491155182868428,0.2457418682846062,4.797074047361058
2021-11-05,61395.01,62595.72,60721.0,60937.12,31604.48749,4532.78,4569.43,4440.0,4472.63,7693.10459,16349.9,16459.4,16303.2,16355.3,0.0,4697.53,-0.0074580979789725665,0.10163825363825363,0.029614716861369066,-0.0767300274342624,0,0,0.030764827743746358,4237601.222603089,-0.013270002073782483,0.2509803373143513,0.03336039957303233,-0.028251054824818638,0,0,0.02893823097372246,579736.0655910209,0.00029356900400601127,0.10651584138990189,0.006711973378117372,0.0,0,0,0.009550420964458049,0.0,0.14284989233249723,0.250253564008686,4.412215464942887
2021-11-06,60940.18,61560.49,60050.0,61470.61,25590.57408,4472.63,4526.41,4328.23,4515.88,8947.0789,16349.9,16459.4,16303.2,16355.3,0.0,4697.53,0.008754762286107276,0.1428903702541331,0.02902765246722777,-0.06864701829854851,0,0,0.024572555892970607,2923042.798110126,0.00966992574838521,0.2587327602546521,0.033350351085512736,-0.018854314678903014,0,0,0.0438851342374023,925246.985378789,0.0,0.09731764263861309,0.006671815675059066,0.0,0,0,0.009550420964458049,0.0,0.17310568286810546,0.2547621816254699,4.350781012720448
2021-11-07,61470.62,63286.35,61322.78,63273.59,25515.6883,4515.88,4633.48,4500.8,4611.6,10222.43483,16349.9,16459.4,16303.2,16355.3,0.0,4697.53,0.029330764734561754,0.17278800580447995,0.029365670063789723,-0.04132972310743069,0,0,0.031033010771160604,869928.8897382492,0.021196311682329938,0.29586282669843866,0.03328527786092344,0.0,0,0,0.02877092549223683,482273.9993855543,0.0,0.10362627871197594,0.006489847045829083,0.0,0,0,0.009550420964458049,0.0,0.15834733010041252,0.23208056876605404,4.524856226634841
2021-11-08,63273.58,67789.0,63273.58,67525.83,54442.094554,4611.6,4818.3,4611.03,4803.57,7154.72455,16291.8,16404.3,16279.1,16334.9,0.0,4701.7,0.06720402619797627,0.2288657703806316,0.03137300407572786,0.0,0,1,0.06686952237388268,810101.5598768372,0.04162763466042141,0.34396797018608516,0.03378982466939602,0.0,0,0,0.04314915781387602,171874.35437111204,-0.0012473020977908922,0.10224972333936133,0.006515742818755627,-0.001247302097790908,0,0,0.00766457094931704,0.0,0.1078248110388704,0.20227290960884656,4.81494693681757
2021-11-09,67525.82,68524.25,66222.4,66947.66,44661.378068,4803.57,4831.29,4709.48,4729.6,3702.14358,16319.6,16402.1,16170.9,16207.9,0.0,4685.25,-0.008562205011030555,0.22482409118351976,0.031424153678068986,-0.008562205011030567,0,0,0.03438282981063125,5216100.975093887,-0.015398963687423994,0.3841543360179809,0.0325834884024841,-0.01539896368742401,0,0,0.025754820703653668,240414.9559021235,-0.0077747644613680444,0.0936799913627897,0.0067987911357479365,-0.009012369079136405,0,0,0.014264648720685525,0.0,0.1247434334775886,0.21890535488492188,4.622013947847588
2021-11-10,66947.67,69000.0,62822.9,64882.43,65171.504046,4729.6,4863.81,4472.01,4630.41,5856.72497,16204.4,16252.1,15907.8,15994.4,0.0,4646.71,-0.030848426965184528,0.12895259986062624,0.03102254855607766,-0.039146501420271346,0,0,0.09520451068185946,2112635.5322168316,-0.02097217523680661,0.30716505802677907,0.03274044114648921,-0.03604818915931273,0,0,0.08461453737358035,279261.55066193716,-0.01317258867589266,0.08806922543163864,0.007140072281167761,-0.022066241524154227,0,0,0.021526284199469885,0.0,0.29048974977002173,0.3246731433727141,4.344844685879996
2021-11-11,64882.42,65600.07,64100.0,64774.26,37237.98058,4630.41,4772.86,4576.79,4714.52,4102.52011,15995.9,16123.0,15985.7,16046.6,0.0,4649.27,-0.0016671693708142366,0.15674662878839962,0.030523321072732305,-0.04074840694294316,0,0,0.023158427437071562,22335917.317530915,0.01816469815847843,0.35086532951289406,0.03245020919282339,-0.018538295476072855,0,0,0.04158853923623183,225851.1435585678,0.0032636422747962524,0.09808939862589994,0.006946974389648752,-0.018874615568042097,0,0,0.008556329689778475,0.0,0.2589903834534234,0.3033116507326188,4.39375121069987
2021-11-12,64774.25,65450.7,62278.0,64122.23,44490.10816,4714.52,4801.28,4507.17,4663.83,5875.92309,16047.4,16222.1,16011.4,16210.1,0.0,4682.85,-0.010066189872335096,0.11775463245419848,0.030427028582343658,-0.05040441561399539,0,0,0.0494789404548157,4419752.113433791,-0.01075188990607745,0.29380123448228024,0.03239374140882227,-0.029090863670145285,0,0,0.06306190405739481,546500.910660326,0.010189074321039993,0.09655139757014908,0.0068920836977851025,-0.008877856107805965,0,0,0.012998069105064172,0.0,0.21716124193126787,0.2536057123862516,4.414772914669156
2021-11-13,64122.22,65000.0,63360.22,64380.0,22504.97383,4663.83,4702.23,4584.11,4640.91,3502.02368,16047.4,16222.1,16011.4,16210.1,0.0,4682.85,0.004019978718768691,0.12262096947161472,0.03041524233067753,-0.04658706157332686,0,0,0.025470332401366865,5598267.906804773,-0.004914415834196384,0.2252160207823477,0.031507269061586025,-0.03386231490329065,0,0,0.025451904906580797,712600.7794504965,0.0,0.07489755049533842,0.006111239153433942,-0.008877856107805965,0,0,0.012998069105064172,0.0,0.259832737947224,0.1679534258453723,4.976927231577042
2021-11-14,64380.01,65550.51,63576.27,65519.1,25705.07347,4640.91,4690.1,4513.9,4625.91,3316.30499,16047.4,16222.1,16011.4,16210.1,0.0,4682.85,0.017693383038210664,0.062372775383226386,0.02744285357226129,-0.029717961260157827,0,0,0.030132282036841134,1452806.333668579,-0.003232124734157793,0.19679761153253095,0.031462330291271774,-0.036984992411893625,0,0,0.03808980287121901,1026041.6915646122,0.0,0.06926075685516575,0.0061024497286982105,-0.008877856107805965,0,0,0.012998069105064172,0.0,0.237981761445034,0.16553903342990234,4.4970151041235065
2021-11-15,65519.11,66401.82,63400.0,63606.74,37829.37124,4625.91,4767.46,4540.0,4562.24,4292.33912,16217.6,16284.6,16091.1,16204.2,0.0,4682.81,-0.029187824619080538,0.044864795516493805,0.027912330512376758,-0.058038383237940264,0,0,0.04719342635701825,1296066.3829193534,-0.013763778370093682,0.19220014947448738,0.031538405642924094,-0.05023971754341041,0,0,0.04985708774637022,311857.39017366077,-0.0003639706109154206,0.06887157736426541,0.0061074425494776425,-0.009238595440010183,0,0,0.011941348539267597,0.0,0.24348446079988487,0.1678488881066125,4.570208329291734
2021-11-16,63606.73,63617.31,58574.07,60058.87,77455.15609,4562.24,4562.24,4111.0,4206.97,11229.89855,16196.8,16331.3,16151.7,16301.6,0.0,4700.9,-0.05577820840998915,-0.02388265698093872,0.029761880881353266,-0.11057931461190479,1,0,0.08397160985546344,1388627.2867426113,-0.07787183488812499,0.09438806700085589,0.035090358873647774,-0.12419929344216894,1,0,0.10726009455736546,144209.9974147716,0.006010787326742317,0.07529633709540184,0.00612995716093167,-0.00328333934565547,0,0,0.011017323452912509,0.0,0.19273599741922995,0.101402227101127,4.855145239771541
2021-11-17,60058.87,60840.23,58373.0,60344.87,46289.38491,4206.97,4295.39,4070.0,4284.28,5390.39475,16296.2,16400.9,16274.6,16326.8,0.0,4688.67,0.004761994356537125,-0.02685009346903644,0.02973800867953053,-0.10634389832749926,0,0,0.04088549697762218,9720567.526666673,0.018376646374944405,0.1436518656537129,0.03474864508142154,-0.10810501356282931,0,0,0.052608606346924186,293328.37486962625,0.0015458605290277205,0.06684614278806578,0.0059852871970257114,-0.0017425544013255643,0,0,0.007735747360168624,0.0,0.18532024828308158,0.1385502556584719,4.968509950401178
2021-11-18,60344.86,60976.0,56474.26,56891.62,62146.99931,4284.28,4342.0,3957.92,3999.5,8247.05402,16328.6,16512.0,16308.5,16508.9,0.0,4706.64,-0.05722524549311314,-0.11494869602161395,0.030623610381936103,-0.1574835881321266,1,0,0.07912834965852612,1086006.497908588,-0.06647091226530477,0.03186806949468268,0.036632697974010774,-0.16739008695615964,1,0,0.09603200400050005,124070.1007138672,0.011153440968224126,0.07019966290678092,0.006117806240004337,0.0,0,0,0.012326684394478128,0.0,0.04446680489420278,0.004965724246690767,5.0056440371138695
2021-11-19,56891.62,58320.0,55600.0,58052.24,50715.88726,3999.5,4307.84,3975.4,4294.56,7792.29209,16503.2,16632.5,16494.5,16591.2,0.0,4697.96,0.020400544052006087,-0.12043939667349535,0.030427173599106853,-0.14029579495727787,0,0,0.046854350495346954,2486005.386457279,0.07377422177772242,0.031971568012572504,0.036639998695821366,-0.10596493857693327,0,1,0.07740956000149027,105623.49349130108,0.004985189806710366,0.07927793137095462,0.006037977357066674,0.0,0,0,0.008317662375235063,0.0,0.09064956299377101,0.09990568034731127,5.039290710586837
2021-11-20,58057.1,59845.0,57353.0,59707.51,33811.5901,4294.56,4435.43,4198.35,4410.18,6213.4279799999995,16503.2,16632.5,16494.5,16591.2,0.0,4697.96,0.028513456156041617,-0.03996645932872023,0.029209836420790593,-0.11578265679962763,0,0,0.04173679324426693,1185811.2905307298,0.026922432100145333,0.08733857009719093,0.03655183519670503,-0.08189534034062154,0,0,0.053757443006861375,230789.90965557532,0.0,0.07761655473428508,0.00605351823379471,0.0,0,0,0.008317662375235063,0.0,0.0681422711682001,0.0859172805356474,4.8252581457739625
2021-11-21,59707.52,60029.76,58486.65,58622.02,31902.22785,4410.18,4428.0,4246.57,4257.74,4850.385,16503.2,16632.5,16494.5,16591.2,0.0,4697.96,-0.01818012507974298,-0.03404614602306677,0.02906496286520559,-0.13185783869668843,0,0,0.026323043798217816,1754784.9732726524,-0.0345654825880124,0.07256774492590057,0.03694028159435307,-0.11363007096805083,0,0,0.04261180814234789,140324.48655692395,0.0,0.08159979138824602,0.005960175718914638,0.0,0,0,0.008317662375235063,0.0,0.04935289212094828,0.0775814871922286,4.87651966497755
2021-11-22,58617.7,59444.0,55610.0,56247.18,51724.32047,4257.74,4318.54,4025.0,4087.93,7173.38685,16602.4,16771.3,16369.3,16402.8,0.0,4682.95,-0.04051105710789216,-0.08222935626379269,0.02987478562664495,-0.16702719537101582,0,0,0.0681634172593186,1276794.8159016361,-0.03988266075429692,-0.018435857478672046,0.03668063886511093,-0.14898086215044226,0,0,0.0718065133209228,179862.2487995528,-0.011355417329668827,0.06931777437334974,0.006471911098424941,-0.011355417329668827,0,0,0.02450801082741971,0.0,0.14502614806093142,0.17185607578350354,4.616061471131889
2021-11-23,56243.83,58009.99,55317.0,57541.27,49917.85017,4087.93,4387.43,4064.49,4339.84,4272.29704,16393.6,16422.8,16123.0,16302.5,0.0,4690.7,0.02300719787196437,-0.05440968299923987,0.030216115671114843,-0.14786282523295166,0,0,0.04680101777385167,2169661.370810137,0.061622875147079315,0.0628578705812628,0.03815055869481818,-0.0965386160709638,0,1,0.0744128815808879,69329.71459877338,-0.00611480966664224,0.06277909970989937,0.006639554971187892,-0.01740079078065485,0,0,0.01838981751265139,0.0,0.1024183794734106,0.08709641477515144,4.550917989693057
2021-11-24,57541.26,57735.0,55837.0,57138.29,39612.04964,4339.84,4373.28,4165.75,4271.22,5128.7834,16302.6,16371.6,16105.5,16358.3,0.0,4701.46,-0.007003321268369556,-0.09417572755845938,0.02936123111841825,-0.1538306156325661,0,0,0.03321765492106957,5656172.487357159,-0.015811642825541927,0.012888706552490525,0.03786246276781534,-0.11082382478031953,0,0,0.048587991253084536,324367.31672447507,0.003422787915963843,0.05139922615145309,0.006233356965125439,-0.014037562081103322,0,0,0.016266971506819192,0.0,0.020264056551384222,0.03357598963788219,4.710332518956292
2021-11-25,57138.29,59398.9,57000.0,58960.36,42153.51522,4271.22,4556.62,4248.02,4525.0,7201.65149,16356.9,16438.8,16355.8,16408.8,0.0,4701.46,0.03188877371023868,-0.02268319232552407,0.028983168294475323,-0.12684731161394094,0,0,0.040686657951206566,1321891.5968395988,0.05941627918955228,0.09657360129310866,0.03906053007882471,-0.05799228490476869,0,1,0.06819889502762419,121206.68571248192,0.003087117854544852,0.056056842023967324,0.006211549402164027,-0.010993779835093389,0,0,0.005058261420701087,0.0,0.004149299634568442,0.03283167194305808,4.666005171644653
2021-11-26,58960.37,59150.0,53500.0,53726.53,65927.87066,4525.0,4552.34,3913.76,4044.07,13355.22251,16403.1,16416.6,15995.1,16045.2,0.0,4594.62,-0.08876862352943571,-0.08023684275399645,0.03273895787497256,-0.20435587389299772,1,0,0.10516219826592188,742693.314504366,-0.10628287292817673,0.019949709581661423,0.04329984367237337,-0.1581115711855973,1,0,0.1579052785931005,125657.32262856587,-0.022158841597191614,0.028031035963018258,0.007574954116563192,-0.03290901200636482,0,0,0.026269538553586005,0.0,0.3025779529733968,0.3077806704979501,4.321995110628514
2021-11-27,53723.72,55280.0,53610.0,54721.03,29716.99957,4044.07,4185.13,4031.98,4097.0,5117.03213,16403.1,16416.6,15995.1,16045.2,0.0,4594.62,0.018510408172647708,-0.09665330546526019,0.03214218020186272,-0.18962817635858756,0,0,0.030518431396485045,1605420.2175676355,0.013088299658512215,-0.042210980091454076,0.040848762897683265,-0.1470926831502403,0,0,0.03738101049548452,390962.0312713221,0.0,0.02289940073951291,0.007537357133853101,-0.03290901200636482,0,0,0.026269538553586005,0.0,0.2837477386004491,0.29022647056799317,4.264377684019173
2021-11-28,54716.47,57445.05,53256.64,57274.88,36163.7137,4097.0,4298.0,3967.23,4297.87,7149.32707,16403.1,16416.6,15995.1,16045.2,0.0,4594.62,0.046670356899349175,-0.07997643835202761,0.03294119876741811,-0.1518078341280663,0,0,0.07312821956152511,774875.2817390923,0.04902855748108359,-0.026715188956121683,0.04142303651517665,-0.10527586774003499,0,0,0.07696137854332495,145819.6198116207,0.0,0.010517564963282933,0.007219653208068842,-0.03290901200636482,0,0,0.026269538553586005,0.0,0.2337025383014905,0.25153072457779946,4.562705740982815
2021-11-29,57274.89,58865.97,56666.67,57776.25,40125.28009,4297.87,4460.95,4279.69,4444.84,6746.29918,16048.3,16440.6,16048.3,16417.4,0.0,4655.27,0.008753750335225519,-0.06600377405523739,0.03299171486139698,-0.1443829716717292,0,0,0.038065814240280445,4583776.406184449,0.0341960087205988,0.029796836591192033,0.041655562087276124,-0.07467987351074297,0,0,0.0407798705915174,197283.17600715905,0.023196968563807374,0.033958509150911365,0.008334357902437944,-0.01047543275953513,0,0,0.0238953792927016,0.0,0.23195584161055333,0.2891368628930083,3.9585143405712078
2021-11-30,57776.25,59176.99,55875.55,56950.56,49161.05194,4444.84,4751.9,4347.28,4631.52,9036.25841,16411.6,16459.3,16073.3,16241.7,0.0,4567.0,-0.014291166352956464,-0.07095031305159238,0.03304564223972564,-0.1566107369579908,0,0,0.05797028159161201,3439958.385919007,0.04199926206567617,0.0817365633087006,0.04224448097173369,-0.03581711102367599,0,0,0.08736224824679584,215152.73873960465,-0.010702060009502135,0.022893023138642832,0.008609654777902806,-0.021065384059019237,0,0,0.023765985087767904,0.0,0.2409547839216922,0.23148160021332986,3.8382031231389124
2021-12-01,56950.56,59053.55,56458.01,57184.07,44956.63656,4631.52,4775.86,4524.86,4584.75,8705.32656,16237.4,16429.9,15829.8,15861.5,0.0,4513.04,0.004100223070677478,-0.06118818061269937,0.0330524086393885,-0.1531526528441043,0,0,0.04538921416401458,10964410.01890945,-0.010098196704321771,0.062135414012148615,0.04230642364314213,-0.045553619495500165,0,0,0.05474671465183489,862066.5841861154,-0.023408879612355937,-0.002603298769406792,0.00967384467977124,-0.04398114663194951,0,0,0.03783374838445306,0.0,0.20000669670438895,0.23185380539374018,3.4166740904743564
2021-12-02,57184.07,57375.47,55777.77,56480.34,37574.05976,4584.75,4632.53,4434.84,4513.35,6964.94505,15896.8,16066.6,15764.2,16016.4,0.0,4577.1,-0.012306399317152494,-0.1066063123388663,0.032246115729916064,-0.16357429445887603,0,0,0.028287719231152017,3053210.6312789237,-0.015573368231637463,-0.015521833303886345,0.04091260081442194,-0.06041756443645026,0,0,0.04380116764709131,447234.0520087446,0.009765785077073375,0.0026919754091176973,0.009806977812836732,-0.03464487198032699,0,0,0.018880647336480087,0.0,0.1724537695313494,0.1993603070279938,3.288075436140333
2021-12-03,56484.26,57600.0,51680.0,53601.05,58927.69027,4513.35,4653.55,4042.01,4218.78,9345.58695,16018.6,16113.8,15541.5,15689.7,0.0,4538.43,-0.050978623712250926,-0.1477893516457519,0.03340441204093804,-0.20621412576491097,1,0,0.11044559761422583,1155929.1801074457,-0.0652663764166308,-0.0834039446754703,0.04261584867414085,-0.12174070535039565,1,0,0.1449565988271491,143191.42613997415,-0.02039784221173291,-0.028272906318514535,0.010279196438512212,-0.054336033559959494,0,0,0.03647615951866506,0.0,0.2544869488826592,0.27983412634578797,3.2497072843857504
2021-12-04,53601.05,53859.1,42000.3,49152.47,114203.373748,4218.78,4240.35,3500.0,4119.3,13644.06066,16018.6,16113.8,15541.5,15689.7,0.0,4538.43,-0.08299426970180623,-0.1994061080859829,0.03619746564487209,-0.272093804696662,1,0,0.2412655966221025,1376039.0976140318,-0.023580276762476204,-0.09121995773013458,0.04273279378066932,-0.1424503025874505,0,0,0.17972713810598895,578621.4899520252,0.0,-0.04041466621815837,0.00995831219664767,-0.054336033559959494,0,0,0.03647615951866506,0.0,0.2580396791206281,0.30066667267074637,3.634896012609178
2021-12-05,49152.46,49699.05,47727.21,49396.33,45580.82012,4119.3,4249.05,4032.0,4197.8,8117.29572,16018.6,16113.8,15541.5,15689.7,0.0,4538.43,0.004961296960254602,-0.18938850408421004,0.03625994118767312,-0.26848244590255316,0,0,0.039918755097797826,9187260.632158285,0.019056635836185665,-0.06144706805615485,0.04285371218391853,-0.12610829029242826,0,0,0.05170565534327509,425956.1619488406,0.0,-0.04069628805341374,0.00995680988200763,-0.054336033559959494,0,0,0.03647615951866506,0.0,0.25923865236233407,0.30361400834917324,3.6417191048314805
2021-12-06,49396.32,50891.11,47100.0,50441.92,58571.21575,4197.8,4374.99,3920.0,4352.26,10066.18732,15714.3,15897.9,15560.6,15850.4,0.0,4591.67,0.021167362028717385,-0.17941403216919438,0.03650793554171417,-0.2529981490046106,0,0,0.07515792420272664,2767051.8414160013,0.036795464290819035,-0.036232140800906976,0.0433741897406467,-0.09395303909384052,0,0,0.10454108899744036,273571.3430526876,0.010242388318450812,-0.030870726920325553,0.01017735530780039,-0.04465017599691409,0,0,0.021280220057537935,0.0,0.2791784038113037,0.3259850362212714,3.587169609970947
2021-12-07,50441.91,51936.33,50039.74,50588.95,38253.46877,4352.26,4424.25,4256.02,4312.48,7444.83855,15841.7,16374.9,15825.9,16366.8,0.0,4686.75,0.00291483750023791,-0.20047289872441254,0.035942774103457205,-0.2508207599965821,0,0,0.0374902029000405,13123660.420271643,-0.009140078947489472,-0.06486252060022568,0.04320892373565384,-0.10223437984665576,0,0,0.039010035988572604,814525.8315068028,0.03257961944178067,0.0007031359864997366,0.011882508559871734,-0.013525242297121452,0,0,0.033543514920448714,0.0,0.26629174904308134,0.2611298106867569,3.0248447685862643
2021-12-08,50588.95,51200.0,48600.0,50471.19,38425.92466,4312.48,4450.0,4225.0,4436.01,6032.03528,16361.5,16435.0,16254.0,16383.3,0.0,4701.21,-0.002327781066813861,-0.25256468524711206,0.03313908913077665,-0.25256468524711206,0,0,0.051514537303360586,16507462.89382194,0.028644770526472074,-0.0765180896708072,0.04282730794817978,-0.07651808967080724,0,0,0.05072125626407514,210580.60732654223,0.0010081384265707705,0.0029629811018125896,0.011880880569537894,-0.012530739187039,0,0,0.011047835295697448,0.0,0.29835365112651796,0.26931647036385625,2.7892765223967206
2021-12-09,50471.19,50797.76,47320.0,47545.59,37692.68665,4436.01,4485.0,4075.74,4109.28,5584.5098,16375.9,16420.8,16121.4,16155.6,0.0,4667.45,-0.057965742436427714,-0.2898095318043977,0.03431743057587631,-0.29589032818996824,1,0,0.0731457954354968,650257.8689259383,-0.07365402692960576,-0.1311569688768608,0.0447452480048416,-0.14453625116319738,1,0,0.09959408947552861,75820.82439469475,-0.01389829887751548,-0.0032268214882865687,0.012073070687758591,-0.02625488210617679,0,0,0.018532273638862045,0.0,0.34023576632178776,0.31054647665649837,2.8424750453852434
2021-12-10,47535.9,50125.0,46852.0,47140.54,44233.57391,4109.28,4233.48,3888.11,3901.05,7304.98485,16150.4,16353.4,16145.1,16340.1,0.0,4712.02,-0.0085191917904478,-0.27344675592452383,0.034108173424375346,-0.30188877352562715,0,0,0.06943068535065572,5192220.468306917,-0.05067311061791835,-0.1575152092363311,0.0454635976367327,-0.18788526033762382,1,0,0.08853257456325846,144158.969507335,0.011420188665230535,0.021613814835192313,0.01198504080206916,-0.015134529147982084,0,0,0.012747780001346336,0.0,0.32319676672637615,0.26099490983805407,2.8458931036393054
2021-12-11,47140.54,49485.71,46751.0,49389.99,28889.19358,3901.05,4095.63,3833.6,4087.72,5238.49271,16150.4,16353.4,16145.1,16340.1,0.0,4712.02,0.04771795147022062,-0.23750591670209742,0.035680395503223154,-0.2685763358999068,0,0,0.05536972167842106,605415.5016246638,0.04785121954345617,-0.13295096849732324,0.046293511827805646,-0.1490245796355627,0,0,0.06410174865206036,109474.56857388909,0.0,0.018290478979970937,0.011976550627425753,-0.015134529147982084,0,0,0.012747780001346336,0.0,0.30429211071097323,0.2506167291928615,2.9791854784683967
2021-12-12,49389.99,50777.0,48638.0,50053.9,26017.93421,4087.72,4174.68,3987.79,4131.3,4399.9956600000005,16150.4,16353.4,16145.1,16340.1,0.0,4712.02,0.013442197497914199,-0.21939863913029856,0.035899274632534096,-0.2587443945524253,0,0,0.04273393282041959,1935540.2908366912,0.010661199886489392,-0.11418297836756486,0.04634595422175861,-0.1399521605805681,0,0,0.04523757654975439,412710.72484709014,0.0,0.008019691426949915,0.011841108360608284,-0.015134529147982084,0,0,0.012747780001346336,0.0,0.3066634764167246,0.2572671356772312,3.0317469633577696
2021-12-13,50053.9,50189.97,45672.75,46702.75,50869.52093,4131.3,4142.93,3672.01,3781.21,9509.81626,16344.3,16428.8,16081.2,16109.3,0.0,4669.15,-0.06695082700848487,-0.2745767319043181,0.0374146759510762,-0.30837207036181563,1,0,0.09672278399023615,759804.107057738,-0.08474088059448603,-0.18524384226369395,0.04869307394253861,-0.2128333718463559,1,0,0.12454214391689435,112222.28363763256,-0.014124760558380967,-0.0062183453525889165,0.012132083050662356,-0.02904551810598398,0,0,0.021577598033434012,0.0,0.35014932989211384,0.30576729886129705,3.083942382805375
2021-12-14,46702.76,48700.41,46290.0,48343.28,39955.98445,3781.21,3881.9,3685.73,3862.45,7327.67831,16097.3,16148.7,15751.5,15943.7,0.0,4634.09,0.035127053546097464,-0.2621498158552239,0.03798979742409666,-0.2840772190434387,0,0,0.04986029082015129,1137470.0990182546,0.02148518595899196,-0.16503995970522556,0.04894367550947206,-0.1959209504597622,0,0,0.05078900697743662,341057.085259361,-0.010279776278298791,-0.016434198431841907,0.01227244283611488,-0.03902671295626597,0,0,0.0249126614273977,0.0,0.307250874485641,0.28539577007582934,3.0955341960901093
2021-12-15,48336.95,49500.0,46547.0,48864.98,51629.181,3862.45,4094.45,3645.91,4017.66,10874.11378,15938.9,16315.0,15756.7,16300.7,0.0,4709.84,0.010791572272299321,-0.2317641180793104,0.03797179096733064,-0.2763512866113604,0,0,0.06043182663739962,4784208.626433385,0.04018433895584406,-0.1193668022725678,0.04959035206682691,-0.16360956538574434,0,0,0.11164210012793516,270605.6975552559,0.02239128934939827,0.0059552461707459425,0.012963575546713317,-0.017509282029027434,0,0,0.034250062880735135,0.0,0.3213432576745154,0.31972161619778044,2.92911176699549
2021-12-16,48864.98,49436.43,47511.0,47632.38,31949.86739,4017.66,4113.0,3953.62,3954.67,5513.61348,16307.1,16472.9,15808.7,15895.4,0.0,4668.67,-0.02522460870750398,-0.20690515822225763,0.037045566379043195,-0.2946050422482775,0,0,0.04042271244896855,1266614.4832744428,-0.015678280392068977,-0.059971903769221124,0.04761375043480893,-0.17672272913687107,0,0,0.04030171923321038,351671.8559307408,-0.024863962897298975,-0.024917799479805658,0.013697611564958627,-0.04193789478759831,0,0,0.041785673842747006,0.0,0.3618281578508462,0.358050115042578,2.7045254684078497
2021-12-17,47632.38,47995.96,45456.0,46131.2,43104.4887,3954.67,3997.85,3699.0,3878.34,11618.06185,15884.3,15973.4,15668.1,15844.2,0.0,4620.64,-0.03151595616259362,-0.23554065159142779,0.037239398299773116,-0.31683623881409534,0,0,0.055059482519422845,1367703.2294558315,-0.01930123120260352,-0.09475104334917406,0.04758346591804928,-0.19261299408564872,0,0,0.07705616320384492,601933.4056315951,-0.0032210576644814415,-0.029558762280422313,0.013697707017142301,-0.045023868074641975,0,0,0.01926888072607006,0.0,0.36181639155823475,0.35801154557668124,2.718657295458
2021-12-18,46133.83,47392.37,45500.0,46834.48,25020.05271,3878.34,3998.5,3767.53,3961.31,6369.90133,15884.3,15973.4,15668.1,15844.2,0.0,4620.64,0.015245213651498446,-0.17677717737691423,0.03628973166770257,-0.30642126131585495,0,0,0.04040548758094469,1641173.2147688624,0.021393173367987295,-0.009548693586698298,0.0461742982117033,-0.17534042389306284,0,0,0.05830646932454158,297753.7854198877,0.0,-0.0402631307961161,0.013509081529575386,-0.045023868074641975,0,0,0.01926888072607006,0.0,0.42143840043859837,0.41993828983469317,2.6863191790694176
2021-12-19,46834.47,48300.01,46406.91,46681.23,29305.70665,3961.31,4028.82,3886.68,3925.2,6527.94955,15884.3,15973.4,15668.1,15844.2,0.0,4620.64,-0.003272161877317714,-0.19587547353900547,0.03595597018817692,-0.3086907632234953,0,0,0.040553772897586424,8956041.353800358,-0.009115671330948594,-0.08600648261987276,0.04408542070542331,-0.1828577495487731,0,0,0.03621216753286465,716123.0535601325,0.0,-0.04502386807464198,0.01345991738414785,-0.045023868074641975,0,0,0.01926888072607006,0.0,0.4151530963059411,0.4133112356897577,2.6713346336863095
2021-12-20,46681.24,47537.57,45558.85,46914.16,35848.50609,3925.2,3981.75,3751.92,3941.09,7729.93363,15822.0,15867.2,15509.3,15689.6,0.0,4568.02,0.004989799968852626,-0.21426701599179065,0.03541626746643671,-0.3052412684153604,0,0,0.04217745772278564,7184342.953694313,0.004048201365535631,-0.10636527307275445,0.043763976999020765,-0.1795497931746596,0,0,0.05831635410508258,1909468.881938488,-0.009757513790535355,-0.05434206085153581,0.01354139015497695,-0.05434206085153577,0,0,0.022811289006730667,0.0,0.4078149662554386,0.4080299500998802,2.6154066094428177
2021-12-21,46914.17,49328.96,46630.0,48889.88,37713.92924,3941.09,4059.92,3915.21,4015.63,7413.8302,15684.4,16000.8,15619.5,15988.4,0.0,4649.23,0.042113511144609594,-0.16601509125751723,0.03647735499109232,-0.27598253882995594,0,0,0.05520488084650646,895530.1816368605,0.018913549297275623,-0.056863500354648155,0.04351377149097036,-0.16403216774190854,0,0,0.03603668664692714,391984.9290909467,0.01904446257393433,-0.036332513621679,0.014063666724860301,-0.036332513621679025,0,0,0.023848540191638894,0.0,0.44922026609761634,0.4218611350557593,2.5937282052716313
2021-12-22,48887.59,49576.13,48421.87,48588.16,27004.2022,4015.63,4075.0,3936.02,3979.0,7258.38109,15984.2,16196.9,15896.3,16193.0,0.0,4696.56,-0.00617142034302387,-0.13616718207028333,0.03587048555740949,-0.2804507549185252,0,0,0.023755993229626203,4375679.6559367,-0.009121856346326784,-0.026646738080152943,0.0429247182222169,-0.17165774621791705,0,0,0.03492837396330737,795712.2823798907,0.012796777663806269,-0.012790499183066295,0.014149604672927054,-0.024000675056656585,0,0,0.01856357685419628,0.0,0.42702104061357465,0.39468426032193593,2.5350856815939817
2021-12-23,48588.17,51375.0,47920.42,50838.81,35192.54046,3979.0,4152.21,3894.01,4109.61,14357.56735,16183.8,16368.5,16160.0,16316.3,0.0,4725.78,0.04632095555789717,-0.11648091882574019,0.036723317313719465,-0.24712054631538782,0,0,0.06795162986702485,759754.0344018171,0.03282483035938677,-0.053050342869783274,0.04180683188874613,-0.14446755225800811,0,0,0.06282834624210079,437399.45702109806,0.007614401284505634,0.0008464959362060043,0.014178128692297058,-0.016569024543131385,0,0,0.012778632410534252,0.0,0.4525938315363467,0.44108448198036815,2.590136696410731
2021-12-24,50838.82,51810.0,50384.43,50820.0,31684.84269,4109.61,4134.72,4018.43,4044.56,13098.24736,16183.8,16368.5,16160.0,16316.3,0.0,4725.78,-0.00036999292469663825,-0.11057891301962308,0.036721170133151425,-0.2473991063864006,0,0,0.028051357733175908,85634033.0714361,-0.01582875260669503,-0.05306680526875229,0.04180704176066219,-0.1580095637203163,0,0,0.02875220048657961,827496.6076286901,0.0,-0.00256750395823524,0.014164443035782522,-0.016569024543131385,0,0,0.012778632410534252,0.0,0.45385845959815296,0.44447087893876525,2.5924876901625273
2021-12-25,50819.99,51156.23,50142.32,50399.66,19135.51613,4044.56,4136.64,4022.43,4093.79,9482.76259,16183.8,16368.5,16160.0,16316.3,0.0,4725.78,-0.008271153089334793,-0.1451941609583116,0.036123876396081174,-0.25362398359264887,0,0,0.020117397617364946,2313521.8013865775,0.01217190497853915,-0.09529502762430941,0.04031805874019684,-0.14776093613708133,0,0,0.02789835335960088,779069.0788359502,0.0,-0.005637219053190923,0.014152534493503566,-0.016569024543131385,0,0,0.012778632410534252,0.0,0.4541896775691129,0.4497495997859609,2.5524651353446086
2021-12-26,50399.67,51280.0,49412.0,50775.49,22569.88914,4093.79,4105.87,4004.76,4062.04,7024.24753,16183.8,16368.5,16160.0,16316.3,0.0,4725.78,0.007456994749567736,-0.054927053729321496,0.032477951584963145,-0.24805826155709607,0,0,0.036789403706394566,3026669.540650128,-0.007755649410448484,0.004443543262109717,0.03527168406583885,-0.15437060353029097,0,0,0.024891433860818622,905693.1407453091,0.0,0.0168960187470395,0.013525478116340531,-0.016569024543131385,0,0,0.012778632410534252,0.0,0.37725292960066503,0.36713652152694143,2.401240628478731
2021-12-27,50775.48,52088.0,50449.0,50701.44,28792.21566,4062.04,4126.17,4031.54,4036.67,9587.99224,16329.3,16593.6,16318.4,16583.6,0.0,4791.19,-0.0014583808053845182,-0.07345603692035763,0.032260516446480134,-0.2491548789552087,0,0,0.0323264980245137,19742455.55697169,-0.006245630274443359,-0.014725408835733478,0.0352152544328775,-0.15965209208984144,0,0,0.023442590055664722,1535149.6113590256,0.016382390615519382,0.03355520654152011,0.013825838530983925,-0.0004580741597956858,0,0,0.016594708024795516,0.0,0.37326497026823335,0.35324070664081647,2.333348030985863
2021-12-28,50701.44,50704.05,47313.01,47543.74,45853.33924,4036.67,4036.67,3762.0,3793.62,16225.90097,16573.0,16670.3,16467.1,16525.4,0.0,4786.36,-0.06228028237462302,-0.16990240747776342,0.032718541700277694,-0.29591772511348624,1,0,0.07132463706052576,736241.5539764484,-0.06021052005737404,-0.11732555893966079,0.035628540998029375,-0.2102498766542384,1,0,0.07240314000875156,269486.1007624164,-0.003509491304662271,0.0299279535312742,0.013851104447942608,-0.0039659578571772545,0,0,0.012296222784319938,0.0,0.3923773990007627,0.37151266616363365,2.362159508770616
2021-12-29,47543.74,48139.08,46096.99,46464.66,39498.87,3793.62,3828.95,3605.14,3627.12,11585.67493,16522.3,16577.6,16401.2,16494.6,0.0,4793.06,-0.022696573723480662,-0.19578269617706234,0.03274463052909699,-0.31189798037284394,0,0,0.04394931545824297,1740300.2355432285,-0.04388947759659634,-0.18397062661423136,0.035630055294744584,-0.24491159699973142,0,0,0.06170460310108294,263973.8024851873,-0.001863797548017132,0.004702328017834656,0.013211943531084335,-0.005822363662664676,0,0,0.010694409079334924,0.0,0.3875158748442909,0.3322591547299435,2.4784094533830507
2021-12-30,46464.66,47900.0,45900.0,47120.87,30352.29569,3627.12,3768.62,3586.01,3710.8,10764.54211,16492.1,16580.6,16425.8,16442.9,0.0,4778.73,0.014122776320756536,-0.1726004098993934,0.032928150441903954,-0.3021800694637889,0,0,0.042444038066359976,2149171.912725935,0.023070645581067195,-0.1987943482917056,0.034908700738980426,-0.22749122007173822,0,0,0.04921041284898126,466590.21336324146,-0.0031343591235918344,0.012387865802225173,0.013067263177607182,-0.008938473407589522,0,0,0.009414397703568061,0.0,0.3767643450470389,0.3756019883242146,2.519894548338631
2021-12-31,47120.88,48548.26,45678.0,46216.93,34937.99796,3710.8,3814.62,3621.62,3677.22,12448.33595,16439.5,16476.7,16327.3,16344.2,0.0,4766.18,-0.01918343188485272,-0.19178662868872398,0.03296208592379508,-0.315566650569123,0,0,0.062104081772631846,1821258.0500263148,-0.009049261614746285,-0.19794536234254867,0.03490576613650711,-0.2344818541209975,0,0,0.052485301396163406,1375617.4507697122,-0.006002590783864226,0.030432178545534816,0.01233532379948481,-0.014887410193355512,0,0,0.009140857307179394,0.0,0.42723846818588124,0.3926733845324794,2.6721681358287808
2022-01-01,46216.93,47954.63,46208.37,47722.65,19604.46325,3677.22,3775.78,3675.68,3764.19,6724.13123,16439.5,16476.7,16327.3,16344.2,0.0,4766.18,0.032579403261964845,-0.15505731728952044,0.033701600862842844,-0.2932682204720771,0,0,0.036591848943845214,601743.9016585182,0.02365101897629196,-0.16598757020838184,0.03529531416519435,-0.2163765699261174,0,0,0.026592706531817036,284306.0755090334,0.0,0.020466521815139638,0.012226392139539813,-0.014887410193355512,0,0,0.009140857307179394,0.0,0.42349350112665674,0.3963620096308307,2.756461015939668
2022-01-02,47722.66,47990.0,46654.0,47286.18,18340.4604,3764.19,3852.98,3718.0,3829.66,8043.4070600000005,16439.5,16476.7,16327.3,16344.2,0.0,4766.18,-0.009145971566960398,-0.11781243091320048,0.03258219886694321,-0.2997319692331068,0,0,0.028253498167963662,2005302.57640737,0.017392852114266333,-0.09223519595712504,0.03365009905049406,-0.2027471234935683,0,0,0.03524594872651881,462454.48317574314,0.0,0.04171526542891191,0.011558871547570855,-0.014887410193355512,0,0,0.009140857307179394,0.0,0.3720780577789355,0.3210593509707823,2.818802038315765
2022-01-03,47286.18,47570.0,45696.0,46446.1,27662.0771,3829.66,3850.57,3682.01,3763.85,9110.00115,16381.6,16520.7,16305.5,16508.3,0.0,4796.56,-0.01776586732106511,-0.05506071210663477,0.02909429490258898,-0.31217283815689495,0,0,0.04034784406010408,1557034.1165871331,-0.017184293122627037,-0.08628893258563353,0.03353304918499644,-0.21644735061631243,0,0,0.04478393134689213,530135.0357352934,0.010040258929773227,0.052174356424915524,0.011661016846858155,-0.004996624716717383,0,0,0.013035866806394404,0.0,0.38694292470347214,0.305505409602329,2.495002823051376
2022-01-04,46446.1,47557.54,45500.0,45832.01,35491.4136,3763.85,3892.53,3714.49,3784.77,9115.86292,16504.5,16574.3,16151.6,16271.0,0.0,4793.54,-0.013221562197902492,-0.07215758741590717,0.02914499781637834,-0.3212669877586103,0,0,0.04489307800377947,2684356.5249850135,0.005558138608074303,-0.09839201486492932,0.0333244593460093,-0.21209225638431412,0,0,0.047041167627095024,1640089.8145755616,-0.01437458732879815,0.03704978425336369,0.012025549541281736,-0.019299387627175896,0,0,0.025978735173007125,0.0,0.3934723996855173,0.2896862369761179,2.423587668942009
2022-01-05,45832.01,47070.0,42500.0,43451.13,51784.11857,3784.77,3847.21,3411.75,3536.99,13100.86531,16266.0,16277.0,15763.4,15764.3,0.0,4700.58,-0.0519479726069183,-0.13859087838052164,0.030173014495739774,-0.3565257916859371,1,0,0.10517563064527896,996845.6130787939,-0.06546765061020887,-0.1873210699728418,0.03433900543177183,-0.2636747252564239,1,0,0.12311598279893357,200112.01237206088,-0.031141294327330926,-0.005432039569979286,0.01327140806264346,-0.04983967404407164,0,0,0.03257994328958472,0.0,0.45701063591192986,0.37066164681383534,2.2735335706642474
2022-01-06,43451.14,43816.0,42430.58,43082.31,38880.37305,3536.99,3550.0,3300.99,3410.13,8412.31739,15767.3,15905.4,15609.2,15802.7,0.0,4696.05,-0.008488156694659077,-0.1483849733983409,0.030147996956601475,-0.36198770159507854,0,0,0.03215751430227391,4580538.348105758,-0.03586665498064734,-0.20924155010573953,0.034759169647971336,-0.290084249839182,0,0,0.07302067663109624,234544.17617414537,0.00243588361043634,-0.03446611432900737,0.011768127607939893,-0.04752519407878875,0,0,0.018743632417245085,0.0,0.4901281126442316,0.4121879623466305,2.5618324632999534
2022-01-07,43082.3,43145.83,40610.0,41566.48,54836.50818,3410.13,3415.18,3062.01,3196.49,15795.09358,15810.1,15862.1,15520.3,15581.3,0.0,4677.02,-0.0351845107655554,-0.17643154441177233,0.030644223908753102,-0.38443585217686327,0,0,0.06100660917162102,1558540.7158276064,-0.06264863802846232,-0.279422273619762,0.035501383360924434,-0.3345595047017114,1,0,0.1104868152254503,252121.8586045788,-0.014010264068798461,-0.048952286779830656,0.011992599019177147,-0.06086961762862249,0,0,0.021936552149050534,0.0,0.5078016752291623,0.44416717123358457,2.555259148342994
2022-01-08,41566.48,42300.0,40501.0,41679.74,32952.73111,3196.49,3248.0,3000.0,3079.55,6844.93857,15810.1,15862.1,15520.3,15581.3,0.0,4677.02,0.002724791707163998,-0.12337316668065323,0.029056890466183375,-0.3827585680916473,0,0,0.043162457347382686,12093625.390560087,-0.036583877941116505,-0.25058647743643647,0.03382358672465122,-0.3589038985587802,0,0,0.08053124644834472,187102.54582610936,0.0,-0.035548045259848005,0.011767540942005562,-0.06086961762862249,0,0,0.021936552149050534,0.0,0.47990454245223646,0.4024176561405956,2.4692385534921817
2022-01-09,41679.74,42786.7,41200.02,41864.62,22724.39426,3079.55,3209.85,3059.5,3150.78,4878.33661,15810.1,15862.1,15520.3,15581.3,0.0,4677.02,0.004435728245905768,-0.11191895553169307,0.02908317143838424,-0.3800206528375882,0,0,0.03790026041081945,5123024.173253426,0.023130002760143542,-0.19232514323066863,0.033369356511622296,-0.3440753439629275,0,0,0.04771834275957061,210909.37824323645,0.0,-0.0464379042967914,0.011529574572827361,-0.06086961762862249,0,0,0.021936552149050534,0.0,0.49673614724222653,0.46901359865154635,2.5224821635748036
2022-01-10,41864.62,42248.5,39650.0,41822.49,50729.17019,3150.78,3180.07,2928.08,3084.86,9992.540219999999,15596.5,15678.6,15163.2,15627.2,0.0,4670.29,-0.0010063390041520348,-0.15321930617924806,0.02743606268452887,-0.38064456223640647,0,0,0.06213164256838845,50409122.46218714,-0.020921803489929447,-0.2453348076678441,0.03183035926429049,-0.35779847072073473,0,0,0.08168604085760788,477613.48340141884,0.0029458389222980497,-0.043628863960440856,0.01155547539210933,-0.0581030907951203,0,0,0.03298095628135556,0.0,0.5186566895328244,0.4774554885840931,2.374289071687426
2022-01-11,41822.49,43100.0,41268.93,42729.29,37296.43729,3084.86,3263.62,3052.57,3239.43,9443.39644,15623.5,15848.2,15486.3,15834.4,0.0,4713.07,0.021682114096984728,-0.14633445146132473,0.02766897023607887,-0.3672156269682283,0,0,0.04285280658770599,1720146.8418487057,0.05010600156895273,-0.21588119962239494,0.033437670056980597,-0.32562031988708395,0,1,0.06515035052462925,188468.3323278404,0.013258933142213492,-0.030948403008549508,0.011861215348223623,-0.045614542649115256,0,0,0.022855302379629253,0.0,0.5392764300187572,0.5140957744949418,2.332724438139325
2022-01-12,42729.29,44322.0,42450.0,43902.66,33943.2928,3239.43,3409.01,3206.37,3372.01,9055.64931,15838.9,16021.8,15776.0,15908.6,0.0,4726.35,0.027460554575093665,-0.05995557006814367,0.025662687639803658,-0.34983901715832294,0,0,0.04263978537974692,1236074.1057300067,0.04092695319855655,-0.10821932661766998,0.031229162763942813,-0.2980200142810451,0,0,0.06009472095278493,221263.65120389347,0.004686000101045806,-0.012458641902503453,0.011637417173586958,-0.041142292299532306,0,0,0.015450762480670786,0.0,0.512735652559071,0.48329069642178846,2.205185670080868
2022-01-13,43902.65,44500.0,42311.22,42560.11,34910.87762,3372.01,3409.0,3232.7,3240.49,7939.229289999999,15903.1,15990.8,15474.8,15515.6,0.0,4659.02,-0.03058015163545902,-0.1196271746559191,0.025207753854604588,-0.3697210386010805,0,0,0.051427968583727786,1141618.4792012128,-0.03900344305028769,-0.1610273272145918,0.03152281206856668,-0.325399650676476,0,0,0.05440535227697052,203551.95935508175,-0.02470361942597088,-0.026850731009740558,0.012338554978379272,-0.06482954819422346,0,0,0.03325685116914589,0.0,0.60726746850619,0.5478561919045086,2.043005316969668
2022-01-14,42558.35,43448.78,41725.95,43059.96,32640.88292,3240.49,3341.99,3188.69,3308.66,6215.3564400000005,15518.2,15631.1,15325.7,15630.2,0.0,4662.85,0.011744565509816507,-0.118797142657175,0.02522753650496201,-0.36231868604947176,0,0,0.04001002323272018,2779230.5386190983,0.021036941943965326,-0.17647088106011954,0.03075353373662427,-0.3112081222923784,0,0,0.046332956544341136,295449.47654752526,0.0073861146201243955,-0.04113320286858846,0.01164954192175894,-0.05792227204783258,0,0,0.01953909738838912,0.0,0.6177384994818524,0.512942659537807,2.165537067382156
2022-01-15,43059.96,43800.0,42555.0,43084.29,21936.05616,3308.66,3372.66,3262.96,3328.83,4165.77673,15518.2,15631.1,15325.7,15630.2,0.0,4662.85,0.0005650260706233645,-0.09548315662580786,0.024913158592491824,-0.36195837948234033,0,0,0.02889684383797435,38822399.666979656,0.00609612350619293,-0.158253406731788,0.030773896203927065,-0.30700916193581024,0,0,0.032954521558625646,683347.3587427306,0.0,-0.016684072121494253,0.01076890300016929,-0.05792227204783258,0,0,0.01953909738838912,0.0,0.6102010705979479,0.5305951187874923,2.313432989207006
2022-01-16,43084.29,43475.0,42581.79,43071.66,20602.35271,3328.83,3391.92,3275.0,3346.34,3394.96529,15518.2,15631.1,15325.7,15630.2,0.0,4662.85,-0.0002931462953200681,-0.06632257561043275,0.024327718387889507,-0.36214541901965513,0,0,0.020737765853463718,70277708.64516605,0.00526010640375163,-0.13717208908966205,0.030714186911604765,-0.30336395639076763,0,0,0.034939665425509685,645416.3804395349,0.0,-0.013506519735928646,0.010756932439499501,-0.05792227204783258,0,0,0.01953909738838912,0.0,0.6151263018761428,0.5285160448677374,2.2615830218220845
2022-01-17,43071.66,43176.18,41540.42,42201.62,27562.08613,3346.34,3357.1,3141.94,3208.04,6089.5121,15629.6,15661.9,15520.7,15570.8,0.0,4662.85,-0.020199825128634497,-0.09891985562773409,0.02432219297402238,-0.3750299700129565,0,0,0.03876059734199782,1364470.8461471086,-0.041328735274957173,-0.1901567915664263,0.031027961248795484,-0.33215504302008714,0,0,0.06706898916472359,147343.2609552241,-0.003800335248429376,-0.017255525681321937,0.010774460273080533,-0.061502483244129505,0,0,0.009068255966295817,0.0,0.6209260643036251,0.533391628637855,2.257391069590692
2022-01-18,42201.63,42691.0,41250.0,42352.12,29324.08257,3208.04,3242.71,3085.37,3160.6,6644.7161399999995,15590.7,15615.7,15183.0,15251.4,0.0,4577.34,0.003566213808853691,-0.09273770206997545,0.024353304770786576,-0.3728011932618969,0,0,0.034024270803917255,8222726.374379118,-0.014787845538085542,-0.19479262203199832,0.031061496260218167,-0.3420310310872955,0,0,0.04978168702145167,449336.0192008093,-0.020512754643306708,-0.03741432196008643,0.01137427354264517,-0.08075365253869528,0,0,0.028371165925751125,0.0,0.5712366298952433,0.5205735855772579,2.141084726741658
2022-01-19,42352.12,42559.13,41138.56,41660.01,31685.72159,3160.6,3174.69,3047.93,3083.49,6688.04562,15251.2,15382.0,15023.9,15047.6,0.0,4532.76,-0.01634180296051302,-0.11199497124109226,0.024424795853762376,-0.3830507525786799,0,0,0.034099127676637614,1938935.518755643,-0.024397266341833923,-0.21760477431370517,0.031155360127964028,-0.3580836752665205,0,0,0.0411092625563891,274130.8302735429,-0.013362707685851793,-0.040918825209055654,0.011486218521094525,-0.0930372727711076,0,0,0.02379781493394298,0.0,0.59205053944391,0.5431931868883983,2.126441747951131
2022-01-20,41660.0,43505.0,40553.31,40680.91,42330.33953,3083.49,3271.02,2988.0,3005.0,9417.75022,15048.5,15351.5,14658.4,14735.3,0.0,4482.73,-0.023502154704235556,-0.1679073460601661,0.02308558553916923,-0.3975503892362374,0,0,0.07255712814683846,1801125.1330551363,-0.025454922830947968,-0.25167408351865084,0.03090189286303381,-0.374423605776537,0,0,0.09418302828618967,369977.41390815814,-0.020754140195114235,-0.07837557228991021,0.011349682990210021,-0.11186050436375919,0,0,0.047036707769777364,0.0,0.5504767705301621,0.5291669823284111,2.034027313257047
2022-01-21,40680.92,41100.0,35440.45,36445.31,88860.891999,3005.0,3033.74,2464.88,2570.47,22920.129259999998,14728.7,14869.4,14419.3,14421.3,0.0,4397.93,-0.10411763158690412,-0.2499137649995391,0.029238823334129953,-0.46027601585941263,1,0,0.1552888423777985,853466.2391947311,-0.14460232945091522,-0.3539909525006284,0.03957890234079556,-0.4648834096307538,1,0,0.22130583122930814,158504.55357107247,-0.021309372730789367,-0.1094114740937443,0.011456301231848785,-0.13078619991320709,0,0,0.031210778501244714,0.0,0.6083559314185647,0.5897309854586108,2.552202252750031
2022-01-22,36445.31,36835.22,34008.0,35071.42,90471.338961,2570.47,2625.75,2300.0,2412.68,24474.65015,14728.7,14869.4,14419.3,14421.3,0.0,4397.93,-0.03769730590849685,-0.31014474965090644,0.027730948325072,-0.48062215599571306,0,0,0.08061321725781281,2399941.130572855,-0.0613856609880683,-0.4129175274539433,0.039500317458063296,-0.4977318952362514,1,0,0.13501583301556777,398702.98322156,0.0,-0.11614152718447202,0.011277861166820067,-0.13078619991320709,0,0,0.031210778501244714,0.0,0.567574808541262,0.5433549783651677,2.4588814604175937
2022-01-23,35071.42,36499.0,34601.01,36244.55,44279.52354,2412.68,2551.49,2373.3,2540.29,7585.64927,14728.7,14869.4,14419.3,14421.3,0.0,4397.93,0.033449743409305954,-0.2868053915781188,0.02888002843292337,-0.4632491003812911,0,0,0.05236621781757527,1323762.330866126,0.05289139048692748,-0.37192426370235576,0.0415009258705262,-0.47116623677806296,0,1,0.0701455345649511,143419.3309340495,0.0,-0.11614152718447202,0.011277861166820067,-0.13078619991320709,0,0,0.031210778501244714,0.0,0.559474645089974,0.5376403175793251,2.56076949326124
2022-01-24,36244.55,37550.0,32917.17,36660.35,91904.753211,2540.29,2540.29,2159.0,2442.02,17594.50048,14419.3,14591.0,13718.8,14515.9,0.0,4410.13,0.011472069593911227,-0.2726071961596567,0.02916288861871008,-0.4570914567062708,0,0,0.12637167948478403,8011167.6752816625,-0.03868455963689188,-0.40348185910855217,0.04141176813783588,-0.49162393802942395,0,0,0.15613713237401822,454819.5997822565,0.0065597414934852605,-0.11034364408597541,0.011421661104598087,-0.12508438208206765,0,0,0.06008583690987129,0.0,0.570008462771909,0.5062705313756998,2.553294377997788
2022-01-25,36660.35,37545.14,35701.0,36958.32,49232.40183,2442.02,2506.05,2351.55,2456.58,12967.953440000001,14495.3,14511.7,13904.1,13935.7,0.0,4356.45,0.008127854753159802,-0.27212282934147947,0.029177091741040707,-0.4526787749221298,0,0,0.04989783085378338,6057236.84204518,0.005962277131227323,-0.3952349065986549,0.04158373634325512,-0.4885928590610733,0,0,0.06289231370441833,2174996.4660508693,-0.03996996397054253,-0.1459031765780231,0.013159052805160353,-0.1600547278075124,0,0,0.0436002497183493,0.0,0.4292841020605574,0.38621879867489567,2.2172621388811105
2022-01-26,36958.32,38919.98,36234.63,36809.34,69830.16036,2456.58,2720.0,2402.81,2462.32,16398.73362,13960.2,14652.8,13960.2,14165.6,0.0,4349.93,-0.004031027384361674,-0.2739981349642141,0.029154570890396116,-0.4548850417684611,0,0,0.07295295161499787,17323123.975705277,0.0023365817518665732,-0.39001206439961644,0.04168081400060519,-0.4873979144677812,0,0,0.1288175379317067,7018227.983942836,0.016497197844385303,-0.14580670059576917,0.0131655484132708,-0.14619798447369692,0,0,0.04889309312701181,0.0,0.4244887743253109,0.39687447919338,2.2144576002950616
2022-01-27,36807.24,37234.47,35507.01,37160.1,53020.87934,2462.32,2520.0,2317.28,2424.9,13652.74321,14205.8,14423.4,13860.0,14126.7,0.0,4326.5,0.009529103211304513,-0.21840183376402444,0.027638986381391766,-0.4496905850694468,0,0,0.04648695778536654,5564093.758178949,-0.015197049936645168,-0.36079522988596635,0.04081585266736091,-0.49518795395924275,0,0,0.08359932368345079,898380.5595896015,-0.002746089117298234,-0.1451523109879338,0.013169575004604726,-0.14854260089686097,0,0,0.039881925715135144,0.0,0.46007352087131215,0.4098514651413949,2.098698354711089
2022-01-28,37160.11,38000.0,36155.01,37716.56,42154.26956,2424.9,2558.49,2358.39,2545.81,12104.3068,14171.6,14454.2,13844.8,14442.0,0.0,4431.85,0.01497466368497391,-0.18827427124184282,0.027794085748797548,-0.441449886658187,0,0,0.048917239536161256,2815037.605947902,0.04986184997319465,-0.2981180661240874,0.04201724774982406,-0.47001709145489706,0,0,0.07859973839367428,242756.8246853844,0.022319437660600183,-0.12444072605580003,0.014084674821414296,-0.1295385505569218,0,0,0.04219637169367134,0.0,0.48445222528469567,0.47564213559846646,1.9733551798432534
2022-01-29,37716.57,38720.74,37268.44,38166.84,26129.49682,2545.81,2636.82,2520.42,2601.61,10125.48613,14171.6,14454.2,13844.8,14442.0,0.0,4431.85,0.011938522495158699,-0.1900225950836647,0.027740895238992824,-0.43478162356538236,0,0,0.038051355574629596,2188669.0705575417,0.021918367827921337,-0.29890859113937696,0.041985692260096456,-0.458400731122894,0,0,0.04474152544001602,461963.2989947534,0.0,-0.12168778013610748,0.014105406675092651,-0.1295385505569218,0,0,0.04219637169367134,0.0,0.48956368902194614,0.48120617842243657,1.96668385471928
2022-01-30,38166.83,38359.26,37351.63,37881.76,21430.66527,2601.61,2639.99,2543.55,2603.88,7508.85768,14171.6,14454.2,13844.8,14442.0,0.0,4431.85,-0.0074693110564038045,-0.18034884619121172,0.027640148345478472,-0.4390034154337681,0,0,0.02659934490900118,2869158.40250654,0.0008725366215536212,-0.2918889813500415,0.04203966304538987,-0.457928165926592,0,0,0.03703703703703688,8605680.76767065,0.0,-0.11638379363933382,0.014121792254945463,-0.1295385505569218,0,0,0.04219637169367134,0.0,0.4882718640672841,0.48298532246247644,1.9572677655784958
2022-01-31,37881.75,38744.0,36632.61,38466.9,36855.2458,2603.88,2705.1,2478.14,2686.06,19459.28645,14470.9,14928.7,14367.1,14878.8,0.0,4515.55,0.015446484007078931,-0.1939487853252072,0.02697984679509026,-0.43033799066223993,0,0,0.05488848854469685,2385994.244591019,0.0315605941902084,-0.2864175294020759,0.042285637502190165,-0.44082005674945923,0,0,0.08449550642949154,616568.8822914611,0.03024511840465305,-0.0896587168536852,0.015436948397803345,-0.10321134095182997,0,0,0.037744979433825335,0.0,0.5076025016582223,0.5078069013359339,1.747743700529079
2022-02-01,38466.9,39265.2,38000.0,38694.59,34574.44663,2686.06,2814.57,2674.12,2788.21,12801.33519,14879.6,15150.8,14739.0,15129.2,0.0,4546.54,0.005919114875386322,-0.1816934673090531,0.02707463101480639,-0.4269660957888264,0,0,0.03269707729168334,5841141.6143241,0.03802967915832123,-0.2719432012241295,0.04291463142133602,-0.4195546229158729,0,0,0.05037281983781719,336614.2472715677,0.01682931419200484,-0.07433829737766307,0.0158503684538321,-0.08811900284488162,0,0,0.027218887978214264,0.0,0.5127913754864847,0.5310967030773094,1.7081378273501495
2022-02-02,38694.59,38855.92,36586.95,36896.36,35794.6813,2788.21,2809.99,2613.62,2680.31,20261.77824,15139.4,15275.3,14842.2,14877.4,0.0,4589.32,-0.046472388000493026,-0.20560908235567676,0.027986008037501595,-0.45359634972276536,0,0,0.06149576814623451,770235.2975118747,-0.03869866330011018,-0.28788076039162025,0.04322440679545993,-0.44201708312775706,0,0,0.07326391350254258,523578.1103623082,-0.016643312270311794,-0.09879272850626653,0.01587400204466573,-0.10329572303389754,0,0,0.029111269442241156,0.0,0.5487596346474973,0.5510626155346809,1.7630078620802074
2022-02-03,36896.37,37387.0,36250.0,37311.61,32081.10999,2680.31,2723.26,2576.0,2691.61,12128.20499,14852.6,14884.1,14471.7,14818.6,0.0,4477.44,0.011254497733651725,-0.18590500394811404,0.028162152194103927,-0.4474468510790612,0,0,0.03047308867132777,2850512.05696677,0.0042159302468745,-0.28883128961601356,0.043208100881536655,-0.4396646660712761,0,0,0.054710749328468915,2876749.735481019,-0.003952303493889975,-0.08926310613975785,0.015737613486562697,-0.1068397704807368,0,0,0.027829889463242115,0.0,0.5433817341464211,0.5645033286679305,1.7894793466211527
2022-02-04,37311.98,41772.33,37026.73,41574.25,64703.95874,2691.61,2997.0,2671.37,2996.69,20100.92882,14772.8,14836.6,14374.0,14655.7,0.0,4500.54,0.11424433306415893,-0.04319519423315332,0.034527052047057166,-0.38432078509808765,0,1,0.11414757933095603,566364.6619567208,0.11334480106701927,-0.15275700525022684,0.047467510118296204,-0.37615356911630304,0,1,0.10866322509168452,177343.1763727992,-0.010992941303496928,-0.070323452357542,0.014902648325412878,-0.1166582284584599,0,0,0.03156451073643704,0.0,0.30999166262623706,0.4129159126795425,2.31683846553602
2022-02-05,41571.7,41913.69,40843.01,41382.59,32532.34372,2996.69,3060.0,2958.41,3017.04,8047.10301,14772.8,14836.6,14374.0,14655.7,0.0,4500.54,-0.004610065124446061,-0.03945285199424087,0.034504895358775364,-0.3871591063745533,0,0,0.02587271603831467,7056792.534136639,0.006790825877885265,-0.11527126531833098,0.047130132396854894,-0.37191713662963166,0,0,0.03367207594198292,1184994.4770725265,0.0,-0.07258253336455167,0.014882465974466439,-0.1166582284584599,0,0,0.03156451073643704,0.0,0.3124786472785051,0.4252390781149966,2.3184915882259585
2022-02-06,41382.6,42656.0,41116.56,42380.87,22405.16704,3017.04,3074.88,2952.09,3055.26,7362.526879999999,14772.8,14836.6,14374.0,14655.7,0.0,4500.54,0.02412318803632174,0.019592469701547932,0.0341621886654252,-0.3723754302612792,0,0,0.03632393577574038,928780.9603960909,0.012668045501551317,-0.044182838050486506,0.04583005654387029,-0.36396055433771124,0,0,0.040189705622434735,581188.3977851528,0.0,-0.059404542624812984,0.014724590016836346,-0.1166582284584599,0,0,0.03156451073643704,0.0,0.29380377741532393,0.4067156962691017,2.320075834071119
2022-02-07,42380.87,44500.5,41645.85,43839.99,51060.62006,3055.26,3186.04,2992.98,3139.06,14558.46625,14710.0,14817.9,14524.0,14612.4,0.0,4483.87,0.03442874108058658,0.05182973790143608,0.034696817548510187,-0.35076710645393033,0,0,0.06511520645876064,1483080.8105842583,0.02742810759149794,0.019324251919923263,0.0455800424929497,-0.34651519598964936,0,0,0.06150248800596355,530786.1978290764,-0.002954481873946757,-0.06218351485434459,0.014721088645504676,-0.11926804571097938,0,0,0.02011305466590017,0.0,0.2870701737416089,0.4114944296403342,2.3569448438622764
2022-02-08,43839.99,45492.0,42666.0,44042.99,64880.29387,3139.06,3231.64,3025.94,3116.08,21944.96348,14607.9,14788.2,14481.0,14758.9,0.0,4521.54,0.004630475508776266,0.052033674257642826,0.034697255309630366,-0.34776084944087327,0,0,0.06416458101504917,14011553.1615488,-0.007320662873599115,-0.01101314595116143,0.04542436155162009,-0.3512991379328291,0,0,0.0660124258683987,2997670.276886862,0.01002573157044706,-0.05278121851193418,0.014881743047886618,-0.11043806355176244,0,0,0.02081455935062916,0.0,0.2855713543482673,0.4012134535569669,2.3315301092540155
2022-02-09,44043.0,44799.0,43117.92,44372.72,34428.16729,3116.08,3268.85,3055.01,3243.55,26031.49138,14751.3,15079.9,14751.3,15064.6,0.0,4587.18,0.007486548937753801,0.06097747886364502,0.034704209655737436,-0.3428778291210934,0,0,0.037885439522301126,4598663.762116794,0.040907165412954916,0.05144155650499549,0.04581280339698732,-0.32476262446472093,0,0,0.06592776433229014,636355.1410532263,0.020712925760050016,-0.036001331012593396,0.01541684505105389,-0.09201263320314386,0,0,0.021812726524434792,0.0,0.2837903541359347,0.4311548885543312,2.2510563627154987
2022-02-10,44372.71,45821.0,43174.01,43495.44,62357.29091,3243.55,3281.26,3057.68,3071.21,18191.745469999998,15065.6,15068.8,14632.4,14705.9,0.0,4504.06,-0.01977070596528674,0.017930323672590953,0.03474171395873963,-0.35586959834481113,0,0,0.06085672429109805,3154022.900308032,-0.05313314115706558,-0.05192888872425083,0.04600702327856739,-0.36064010725356344,1,0,0.07279866892853318,342380.3232792242,-0.023810788205461897,-0.0712688829384126,0.015708597615591128,-0.1136325280871788,0,0,0.029675164389802708,0.0,0.2896563083143682,0.4432879163213371,2.211635480935798
2022-02-11,43495.44,43920.0,41938.51,42373.73,44975.1687,3071.21,3136.4,2879.53,2927.76,21082.88029,14703.7,14775.7,14190.6,14265.2,0.0,4418.64,-0.025789140194926174,-0.03482545248966695,0.03471277402779925,-0.3724811675769109,0,0,0.04676222744610866,1743956.9881154336,-0.04670797503264179,-0.13174634713420186,0.046053004594229736,-0.39050331316083653,0,0,0.08773601661338357,451376.36049309914,-0.02996756403892309,-0.10330261619501402,0.01643147884720496,-0.14019480206374463,0,0,0.04101589883072094,0.0,0.3072933434260288,0.46329099057920237,2.112576307027953
2022-02-12,42373.73,43079.49,41688.88,42217.87,26556.85681,2927.76,2984.79,2857.67,2917.82,8367.60224,14703.7,14775.7,14190.6,14265.2,0.0,4418.64,-0.003678222332563097,-0.008041332599939222,0.03425604321175226,-0.37478932136043347,0,0,0.032938895306655704,7220005.265815938,-0.0033950870289914947,-0.09957444707436214,0.045566730640854584,-0.39257260745653744,0,0,0.043566772453406954,2464613.5790957278,0.0,-0.08058985794941864,0.015943833363997222,-0.14019480206374463,0,0,0.04101589883072094,0.0,0.27869448791433316,0.4456224674956363,2.1485436371700564
2022-02-13,42217.87,42760.0,41870.0,42053.66,17732.08113,2917.82,2952.94,2837.0,2869.8,6968.65259,14703.7,14775.7,14190.6,14265.2,0.0,4418.64,-0.0038895851448687013,-0.023369738383407612,0.03419476204120973,-0.3772211315284832,0,0,0.021163437379766704,4558850.078109754,-0.016457492237355265,-0.13263979979810547,0.04541386782134652,-0.40256933905407843,0,0,0.04040002787650709,423433.1850298972,0.0,-0.08733093626441124,0.01583982758359621,-0.14019480206374463,0,0,0.04101589883072094,0.0,0.2727385482257297,0.4364901121917937,2.1587823650806834
2022-02-14,42053.65,42842.4,41550.56,42535.94,34010.1306,2869.8,2964.73,2832.01,2929.71,16265.55633,14254.6,14403.8,14039.6,14269.3,0.0,4401.67,0.01146820514552127,-0.012727376962693326,0.03426130966776554,-0.3700789757045563,0,0,0.03037055252569953,2965599.281879719,0.020876019234789878,-0.1198979821739169,0.04560372736430658,-0.3900973650847182,0,0,0.04530141208515512,779149.9114636929,0.0002874127246725866,-0.08706862356207867,0.01584174112877078,-0.13994768310911818,0,0,0.02552332630192083,0.0,0.27440517227191624,0.4370105973691641,2.162722377675933
2022-02-15,42535.94,44751.4,42427.03,44544.86,38095.19576,2929.71,3196.6,2912.51,3182.6,10915.20343,14263.4,14623.7,14233.3,14592.1,0.0,4471.07,0.04722876701443535,0.03420346464473378,0.03532273741323437,-0.34032858241061237,0,0,0.05218043114289735,806609.8291801269,0.08631912373579631,-0.048931070961109824,0.048436865668824346,-0.33745110407467777,0,1,0.08926349525545142,126451.72579475847,0.02262199266957743,-0.06641629665647275,0.016509368264209078,-0.12049158590095956,0,0,0.02675420261648436,0.0,0.32444359425695213,0.48969248661417364,2.1395558844157714
2022-02-16,44544.85,44549.97,43307.0,43873.56,28471.8727,3182.6,3186.0,3044.11,3119.28,20157.76755,14590.7,14674.8,14387.7,14598.3,0.0,4475.01,-0.015070201141052064,0.03961791040249163,0.03522523183321994,-0.3502699633606874,0,0,0.02833073039890087,1889281.6055138796,-0.019895682775089463,-0.02766798418972327,0.047969988755704414,-0.35063296673099376,0,0,0.0454880613474904,1013172.4377669657,0.00042488743909374627,-0.06245664962622344,0.016512878396873244,-0.12011789382323168,0,0,0.019666673516779254,0.0,0.32052300491561825,0.4891237034132658,2.1331962638280726
2022-02-17,43873.56,44164.71,40073.21,40515.7,47245.99494,3119.28,3159.48,2852.08,2893.43,19517.46071,14590.6,14625.6,14140.4,14161.8,0.0,4380.26,-0.07653493356819008,-0.04336075738357381,0.038019176082308336,-0.3999970085521348,1,0,0.10098554387558405,617312.7298108661,-0.07240452925033991,-0.08453141808517373,0.04971230409617311,-0.39765008108552596,1,0,0.10624069011519204,269561.2859646555,-0.029900741867203706,-0.07144262166096227,0.016958455965613402,-0.14642702155359477,0,0,0.03426118148822895,0.0,0.4064487678917599,0.5303132826840636,2.241899483090017
2022-02-18,40515.71,40959.88,39450.0,39974.44,43845.92241,2893.43,2943.27,2752.39,2779.08,11811.43319,14157.4,14304.4,13911.8,13999.5,0.0,4348.87,-0.013359265667383102,-0.04046014391259145,0.037980946697761794,-0.4080126079161115,0,0,0.03777113575574786,3282058.3616708023,-0.039520569013247187,-0.09872255139468589,0.05002583125961116,-0.4214552926261093,0,0,0.068684600659211,298867.9185606274,-0.011460407575308196,-0.06965230335734607,0.0169192842281511,-0.15620931578186031,0,0,0.02804385870923964,0.0,0.4047390784842601,0.5321184375878852,2.2448304394734944
2022-02-19,39974.45,40444.32,39639.03,40079.17,18042.0551,2779.08,2828.9,2694.4,2762.45,8749.11562,14157.4,14304.4,13911.8,13999.5,0.0,4348.87,0.0026199241315199018,-0.014791704512018167,0.037738247006319815,-0.40646164586203537,0,0,0.02009248195509041,6886453.702381162,-0.005983994703283146,-0.08071547420965064,0.04984007381935244,-0.4249173010906472,0,0,0.04868866404821807,1462083.680382097,0.0,-0.04993451100418722,0.016557643479575928,-0.15620931578186031,0,0,0.02804385870923964,0.0,0.39236254742116566,0.526904950372771,2.2792026088038626
2022-02-20,40079.17,40125.44,38000.0,38386.89,33439.29011,2762.45,2764.37,2576.02,2619.67,9279.61255,14157.4,14304.4,13911.8,13999.5,0.0,4348.87,-0.042223429277602254,0.053273795722961426,0.033265688456672105,-0.43152287058152416,0,0,0.05536890328963879,791960.3585617462,-0.051686003366576694,0.019140468474637018,0.043073483560404476,-0.454641027402536,1,0,0.07189836887852283,179538.17571855444,0.0,-0.02924840340329926,0.016133405639582675,-0.15620931578186031,0,0,0.02804385870923964,0.0,0.31743061133225725,0.4784563768718654,2.061912319115866
2022-02-21,38386.89,39494.35,36800.0,37008.16,62347.68496,2619.67,2758.0,2559.28,2567.58,20938.99213,13920.1,14163.3,13722.3,13738.9,0.0,4348.87,-0.035916689265527824,0.05522274262062976,0.03319345011212751,-0.4519406869934068,0,0,0.07280421398956334,1735896.8456168838,-0.019884183885756634,0.06420246365038063,0.04162570158149769,-0.46548504549741127,0,0,0.07739583576753199,1053047.0709702207,-0.018614950533947683,-0.04731889635469755,0.016453876811868395,-0.17191643762958683,0,0,0.03209863962908239,0.0,0.35695852587278765,0.5086105734218769,2.0173622495193446
2022-02-22,37008.16,38429.0,36350.0,38230.33,53785.94589,2567.58,2665.84,2498.54,2636.94,16559.32995,13637.6,14113.5,13591.7,13926.4,0.0,4304.74,0.03302433841617636,0.05478837507983947,0.03317977996539067,-0.43384139076853995,0,0,0.05438090646876446,1628675.4612743233,0.02701376393335364,0.03804683717213386,0.04081425897715209,-0.45104578469763107,0,0,0.06344475035457772,612995.7995078339,0.013647380794677977,-0.034317294557356104,0.01668335157474409,-0.1606152659241044,0,0,0.037468405330882304,0.0,0.3782717544519556,0.5269055677773323,1.9887946333081625
2022-02-23,38230.33,39249.93,37036.79,37250.01,43560.732,2636.94,2752.96,2575.86,2578.83,8370.9346,13924.5,14074.1,13478.0,13492.5,0.0,4225.5,-0.025642467642837508,0.016084407268343037,0.03351635038496232,-0.44835909458647155,0,0,0.05941313841258027,1698772.3497993357,-0.022036906414252933,0.05602329219252922,0.04035204938864784,-0.4631430373659591,0,0,0.06867455396439467,379859.61568497337,-0.031156652113970562,-0.07050200125379757,0.017493280130156687,-0.18676768407348476,0,0,0.044180100055586466,0.0,0.3998181578055146,0.5598157729116587,1.9159546394982307
2022-02-24,37250.02,39843.0,34322.28,38327.21,120476.29458,2578.83,2744.0,2300.0,2597.05,33676.23383,13479.7,13986.2,13023.0,13914.8,0.0,4288.7,0.02891811304211722,0.03703875067914342,0.03388035692271238,-0.43240668052506726,0,0,0.1440417917192512,4166117.3653813805,0.007065219498765041,0.05718112172206902,0.04035572746458128,-0.45935002508550926,0,0,0.17096320825552067,4766474.15853744,0.03129886974244944,-0.0014997452585805426,0.0170323060330986,-0.16131443174695026,0,0,0.06922126081582206,0.0,0.47507236567180744,0.5886886565563352,1.9891808522618575
2022-02-25,38328.68,39683.53,38014.37,39219.17,56574.57125,2597.05,2834.47,2571.73,2768.03,14469.44988,13903.2,14200.8,13765.5,14189.0,0.0,4384.62,0.02327223922638777,0.06546789483321369,0.03408554717354297,-0.4191975130109471,0,0,0.042559799200237954,2430988.5434645326,0.0658362372692094,0.12415526820234568,0.04197271253317696,-0.4237556650574468,0,1,0.09491949147949978,219779.3841564712,0.0197056371633082,0.0016518890834134048,0.017148555596884524,-0.14478759824485274,0,0,0.030678694763549178,0.0,0.49933782009115124,0.6214747124005876,1.987661707387088
2022-02-26,39219.16,40348.45,38573.18,39116.72,29361.2568,2768.03,2878.88,2728.28,2778.7,9454.63395,13903.2,14200.8,13765.5,14189.0,0.0,4384.62,-0.0026122429413982795,0.05265378726106773,0.03407336750055308,-0.4207147102079308,0,0,0.04538391766998861,11239821.50988931,0.0038547270080164786,0.1459029238319105,0.04180435194691898,-0.4215344004563273,0,0,0.05419800626192101,2452731.2577583715,0.0,0.004410088697289538,0.017139629346221437,-0.14478759824485274,0,0,0.030678694763549178,0.0,0.5010957719349083,0.621402094648822,1.9879862587694885
2022-02-27,39116.73,39855.7,37000.0,37699.07,46229.44719,2778.7,2835.31,2558.54,2616.09,10823.57676,13903.2,14200.8,13765.5,14189.0,0.0,4384.62,-0.03624153558887355,-0.00046372203615596685,0.03469203530183439,-0.441708898654041,0,0,0.07574987924105282,1275592.595151152,-0.058520171303127255,0.027606144999037685,0.04250510241980704,-0.4553863064345892,1,0,0.1057952899173958,184954.60060069224,0.0,-0.017518349259105337,0.01662711737781752,-0.14478759824485274,0,0,0.030678694763549178,0.0,0.4889779673602698,0.5791494968012438,2.086471975196239
2022-02-28,37699.08,44225.84,37450.17,43160.0,73945.63858,2616.09,2956.44,2568.98,2921.44,20861.851179999998,13815.5,14296.1,13692.4,14224.2,0.0,4373.79,0.14485582800848928,0.1308245587006942,0.04355186227516024,-0.3608371788988007,0,1,0.15698957367933267,510477.4484523462,0.11671999052020388,0.12293541307113665,0.04730753061229056,-0.3918190012844613,0,1,0.1326263760337368,178734.15941588243,0.002480794982028467,-0.015081013710012359,0.01663562594290782,-0.14266599161001012,0,0,0.04244175419355751,0.0,0.40869904526766637,0.5341331592056308,2.617986016562683
2022-03-01,43160.0,44949.0,42809.98,44421.2,61743.09873,2921.44,3036.95,2854.52,2975.48,14359.4576,14219.3,14331.3,13905.3,14031.6,0.0,4306.26,0.029221501390175986,0.17262767094242704,0.04370487984665622,-0.34215988163344313,0,0,0.048153134089128545,2112933.1027948637,0.018497727148255594,0.142710109528857,0.047364829860460936,-0.3805690351134676,0,0,0.06131111618965674,776281.8492290096,-0.013540304551398319,-0.028417116742833426,0.016807961259674428,-0.15427455518588168,0,0,0.030360044471051055,0.0,0.3891083410935791,0.5206878247631544,2.600247178641522
2022-03-02,44421.2,45400.0,43334.09,43892.98,57782.65081,2975.48,3041.92,2913.87,2946.96,16259.5495,14021.0,14293.5,13916.4,14199.7,0.0,4386.54,-0.011891169081429398,0.14105841645674588,0.04379059280837173,-0.34998236970948743,0,0,0.04706697973115526,4859286.906227818,-0.00958500813314156,0.09713111397362684,0.04718002265909501,-0.3865062859498248,0,0,0.043451556858593324,1696350.4162585046,0.011980102055360708,-0.045642121676479186,0.015952797484804077,-0.14414267804619316,0,0,0.026556899089417406,0.0,0.3827385412011633,0.5036702071042142,2.745008541605273
2022-03-03,43892.99,44101.12,41832.28,42454.0,50940.61021,2946.96,2970.34,2785.3,2834.36,10150.660820000001,14194.8,14393.3,13960.2,14062.5,0.0,4363.49,-0.032783830124999525,0.09715595901132446,0.044338398042997364,-0.37129243727918637,0,0,0.05344231403401337,1553832.9254831532,-0.03820886608572904,0.01655183791751691,0.04734486523193202,-0.4099471851144044,0,0,0.06528457923481842,265662.37638670707,-0.009662175961464015,-0.07050604129762317,0.015637149972603095,-0.1524121220888182,0,0,0.03079822222222212,0.0,0.39896542923655465,0.4963245627819227,2.835450818478543
2022-03-04,42454.0,42527.3,38550.0,39148.66,61964.68498,2834.36,2835.9,2573.88,2622.7,21123.45497,14065.6,14089.5,13736.6,13802.8,0.0,4328.87,-0.07785697460781071,0.06104396206021412,0.04591288244571719,-0.42024170602567934,1,0,0.10159479277196212,795878.3054871049,-0.07467647017316092,-0.02149378243561384,0.04883319934306907,-0.45401024654579825,1,0,0.09990467838487055,282866.23741529626,-0.01846755555555557,-0.07223036283221529,0.01569821466672135,-0.16806499831235844,0,0,0.02556727620482798,0.0,0.41235213869480786,0.5086737736478927,2.9247181398192024
2022-03-05,39148.65,39613.24,38407.59,39397.96,30363.13341,2622.7,2684.56,2589.25,2665.57,7825.04559,14065.6,14089.5,13736.6,13802.8,0.0,4328.87,0.006368034052761873,0.05591691165296808,0.04589111744712171,-0.4165497854672797,0,0,0.030601838267768217,4768047.010734993,0.01634575056239762,-0.00967450707940598,0.048915995129033,-0.44508563422621084,0,0,0.03575595463634417,478720.189258187,0.0,-0.06854898573414503,0.01570111824293377,-0.16806499831235844,0,0,0.02556727620482798,0.0,0.4135146642853317,0.5096177801286977,2.922791071894774
2022-03-06,39397.97,39693.87,38088.57,38420.81,39677.26158,2665.57,2675.83,2534.65,2550.75,8919.57461,14065.6,14089.5,13736.6,13802.8,0.0,4328.87,-0.024802045588147248,-0.07585079706789666,0.04100950221004038,-0.4310205442865345,0,0,0.04178204467839181,1599756.9813915552,-0.04307521468203801,-0.14881085464295607,0.04465816753950817,-0.4689886896620638,0,0,0.05534842693325486,207069.71758917798,0.0,-0.05819578730459829,0.015617969802739086,-0.16806499831235844,0,0,0.02556727620482798,0.0,0.5170973872874038,0.6078143686948294,2.6257878885749437
2022-03-07,38420.8,39547.57,37155.0,37988.0,63994.11559,2550.75,2648.61,2445.0,2496.73,14314.248739999999,13758.2,13881.3,13266.0,13270.3,0.0,4201.09,-0.011264988947395915,-0.08202942348461029,0.04104302061463084,-0.4374300915664421,0,0,0.06298225755501737,5680791.972447833,-0.021178084876996905,-0.17245711028027466,0.04470828224439949,-0.480234492263046,0,0,0.08155066827410258,675898.7918005675,-0.03857912887240267,-0.09452977339874602,0.016986320408195827,-0.20016032595592853,0,0,0.0463666985674777,0.0,0.49200769353542817,0.5835870739701958,2.4162382120406516
2022-03-08,37988.01,39362.08,37867.65,38730.63,55583.06638,2496.73,2624.34,2480.73,2576.06,12291.09835,13266.8,13665.9,13104.5,13196.4,0.0,4170.62,0.019549068126776703,-0.08612942584708627,0.040950806439361644,-0.42643237410039986,0,0,0.03858522311669085,2843257.6727936305,0.03177355981623964,-0.1568442620267998,0.045107903214967875,-0.46371969181254774,0,0,0.055747925125967615,386834.03914274543,-0.005568826627883272,-0.09957218010739854,0.0169809757339184,-0.20461449443078264,0,0,0.04254190536813068,0.0,0.48654478726354533,0.572176480871687,2.411568272951617
2022-03-09,38730.63,42594.06,38656.45,41941.71,67392.58799,2576.06,2773.43,2568.0,2727.14,10283.875390000001,13194.0,13822.1,13192.3,13774.8,0.0,4277.88,0.08290802395933139,-0.04330019235862048,0.043333623095049505,-0.37887901563001897,0,1,0.09388291512196333,812859.5598233324,0.05864770230507044,-0.13122399699273035,0.04622108054604304,-0.43226808394589855,0,1,0.07532799929596568,175349.98358513808,0.04383013549149761,-0.05732117927239877,0.01904178216967825,-0.16975263995371048,0,0,0.045721171995237765,0.0,0.5740841459153209,0.6126567741171064,2.275711377842525
2022-03-10,41941.7,42039.63,38539.73,39422.0,71962.93154,2727.14,2733.46,2551.22,2606.44,12358.85047,13769.9,13776.1,13396.4,13572.4,0.0,4259.52,-0.0600764727999884,-0.1049199884022406,0.044654912538217274,-0.4161937735530241,1,0,0.08878037643955138,1197855.2702491747,-0.044258820595935555,-0.16355164180637205,0.04681018568450821,-0.4573952289651238,0,0,0.06991912340203504,279240.33020282636,-0.014693498272207228,-0.08039217014818179,0.019047665733609505,-0.18195187810405522,0,0,0.027975892251923075,0.0,0.5833780008617371,0.6255143562109381,2.344375931359644
2022-03-11,39422.01,40236.26,38223.6,38729.57,59018.7642,2606.44,2677.37,2522.54,2556.75,14933.65864,13572.3,13859.8,13281.3,13302.0,0.0,4204.31,-0.01756455786109279,-0.12717611180923782,0.04469111177091974,-0.42644807179711824,0,0,0.05196701125264245,3360103.4005927495,-0.0190643176132963,-0.21174330594564605,0.04606144742651446,-0.4677396186586226,0,0,0.06055734819595186,783329.9418115647,-0.019922784474374455,-0.11700277471688592,0.018774493250852495,-0.19824967452625492,0,0,0.04348970079687265,0.0,0.5907175763310984,0.608873171488034,2.380415139286865
2022-03-12,38729.57,39486.71,38660.52,38807.36,24034.36432,2556.75,2616.0,2553.52,2568.69,2810.11076,13572.3,13859.8,13281.3,13302.0,0.0,4204.31,0.0020085428265792515,-0.10778325268120059,0.044595904209061135,-0.42529606818605564,0,0,0.021289518276945463,11966010.553445444,0.004669991199765411,-0.1636228066462404,0.04526244183514582,-0.46525396736177466,0,0,0.0243236824996399,601736.6248516513,0.0,-0.09546508544189747,0.018406446905957382,-0.19824967452625492,0,0,0.04348970079687265,0.0,0.5905303317165606,0.5940347090222043,2.4228402259550204
2022-03-13,38807.35,39310.0,37578.51,37777.34,32791.82359,2568.69,2601.62,2493.41,2514.54,3435.04323,13572.3,13859.8,13281.3,13302.0,0.0,4204.31,-0.026541872469552308,-0.10847263151013631,0.044609460289021824,-0.4405497866520116,0,0,0.04583408995974831,1235474.6739466332,-0.02108078436868599,-0.14113861791950166,0.044685594903962275,-0.4765268331678314,0,0,0.043033715908277474,162946.57449448446,0.0,-0.06752096009870179,0.017701977345460557,-0.19824967452625492,0,0,0.04348970079687265,0.0,0.58376612864916,0.5735470061817814,2.52002554393766
2022-03-14,37777.35,39947.12,37555.0,39671.37,46945.45375,2514.54,2609.11,2499.76,2589.79,5558.24179,13364.5,13441.5,13018.8,13081.8,0.0,4173.11,0.05013666923081428,-0.06031805962735681,0.04564635305918964,-0.41250081635427505,0,1,0.060298396551467785,936349.48445383,0.029925950670897983,-0.11242297331569462,0.04511601044089074,-0.46086140099967315,0,0,0.04222350074716479,185733.11149891364,-0.01655390166892201,-0.08295712643355868,0.017888817464448866,-0.21152177057717353,0,0,0.03231206714672299,0.0,0.5336822475532094,0.541953226276331,2.5516682493530856
2022-03-15,39671.37,39887.61,38098.33,39280.33,46015.54926,2589.79,2668.94,2507.69,2617.87,6611.1067,13074.8,13489.4,12945.4,13447.6,0.0,4262.45,-0.00985698250400735,-0.0659474109982342,0.04567196943622897,-0.4182917855285896,0,0,0.04555155213818211,4668315.334651257,0.010842577969642386,-0.08778660533835125,0.04511051376692324,-0.45501574870356837,0,0,0.06159587756458495,609735.122141513,0.02796251280404838,-0.05731430333959564,0.018743912144110305,-0.18947393799122428,0,0,0.040453315089681426,0.0,0.4987435151077147,0.5350763895274103,2.4366282086046738
2022-03-16,39280.33,41718.0,38828.48,41114.0,88120.76167,2617.87,2787.0,2603.29,2773.29,13754.62869,13446.8,14029.4,13421.6,14001.6,0.0,4357.95,0.04668163429380545,-0.03342914250866447,0.046456882146953114,-0.39113669539493257,0,0,0.07028068297903382,1887696.1812952554,0.05936887622380027,-0.053390949957504374,0.04631752733226535,-0.42266064614443005,0,1,0.06624262157942373,231680.7601569243,0.04119694220530068,-0.01876055587870451,0.02032236958515311,-0.15608274265875888,0,0,0.04340932464861153,0.0,0.5248355174718011,0.5737760137678279,2.285996182302049
2022-03-17,41114.01,41478.82,40500.0,40917.9,37189.38087,2773.29,2835.98,2746.91,2813.93,5825.3309,13988.7,14135.6,13822.0,14055.6,0.0,4411.67,-0.004769664834362919,-0.08142263776336933,0.0455915642844594,-0.3940407692878414,0,0,0.02392156000185737,7797047.421780347,0.014654075123769816,-0.11583925092691516,0.043426960150829204,-0.41420027188112174,0,0,0.031653239419601825,397522.6601182328,0.00385670209118949,-0.03676646952803231,0.01987210518923173,-0.15282800520757994,0,0,0.0223113919007371,0.0,0.5033743124025639,0.5464325678765815,2.2942481889982442
2022-03-18,40917.89,42325.02,40135.04,41757.51,45408.00969,2813.93,2983.17,2767.47,2938.81,8753.21266,14059.4,14442.1,13971.2,14436.8,0.0,4463.09,0.020519381493185218,-0.04823064278348954,0.045698561303598006,-0.3816068606635416,0,0,0.05244517692745558,2212931.59229798,0.044379213413269,-0.05785630017183463,0.0441540334284099,-0.38820294072949907,0,0,0.07339705527067088,197236.7244574826,0.02712086285893167,-0.011062931985231117,0.020527697429101894,-0.1298519697188872,0,0,0.032618031696774887,0.0,0.5088822490425415,0.5700382055189319,2.2261892352777632
2022-03-19,41757.51,42400.0,41499.29,42201.13,29067.18108,2938.81,2985.0,2893.31,2950.76,4113.7801,14059.4,14442.1,13971.2,14436.8,0.0,4463.09,0.010623717745622097,0.04159942935701477,0.04342247024766179,-0.3750372264954019,0,0,0.021343267348528327,2736062.31032965,0.004066271722227732,0.019813854145426246,0.042050016270474465,-0.38571520764764533,0,0,0.03107335059442315,1011681.0346692471,0.0,0.01941843550961031,0.019745271745350623,-0.1298519697188872,0,0,0.032618031696774887,0.0,0.4626318674277974,0.5310416433050318,2.1991314587286848
2022-03-20,42201.13,42296.26,40911.0,41262.11,30653.33468,2950.76,2962.61,2818.36,2861.01,4684.70359,14059.4,14442.1,13971.2,14436.8,0.0,4463.09,-0.022251062945470856,0.03221233368122234,0.0435627638013584,-0.38894331250722874,0,0,0.03357220462065566,1377611.5315931046,-0.030415892854722126,0.029480979316896416,0.041775733545384136,-0.40439922807411977,0,0,0.05041925753492647,154021.5200047133,0.0,0.03123682988678156,0.019609712962718455,-0.1298519697188872,0,0,0.032618031696774887,0.0,0.45754633830621844,0.5179726539568204,2.221487977376269
2022-03-21,41262.11,41544.22,40467.94,41002.25,39426.24877,2861.01,2960.5,2831.81,2889.55,9168.16389,14409.1,14469.7,14188.4,14398.4,0.0,4461.18,-0.006297787485904149,0.02303141507171924,0.04358843201629012,-0.39279161766689874,0,0,0.026249291197434257,6260323.3683275115,0.009975498163236063,0.04600988253181071,0.04177480520310987,-0.3984578136677512,0,0,0.04453634648993789,919067.3537603362,-0.002659869223096467,0.028493874781242212,0.019621385206054956,-0.13216644968417,0,0,0.019536892988109865,0.0,0.4582924761196886,0.5160079323441094,2.2214746483898957
2022-03-22,41002.26,43361.0,40875.51,42364.13,59454.94294,2889.55,3052.59,2886.58,2969.74,14068.97241,14387.6,14694.9,14298.8,14659.1,0.0,4511.61,0.03321476260449119,0.10360933120656557,0.04314385857577405,-0.3726233353962477,0,0,0.05866968116659065,1790015.0528792331,0.027751726047308356,0.13363133524451531,0.04073748375399673,-0.3817639797067598,0,0,0.05590051654353587,506958.2813131631,0.01810617846427376,0.04711596842744381,0.019862665772413347,-0.11645330054486717,0,0,0.027020758436738977,0.0,0.47514984972603774,0.5364919606898919,2.1721070751049165
2022-03-23,42364.13,43025.96,41751.47,42882.76,40828.87039,2969.74,3045.12,2920.02,3035.88,22324.66872,14653.5,14686.4,14447.0,14468.4,0.0,4456.23,0.012242196405308103,0.158737964816408,0.042492122120933055,-0.36494286704806145,0,0,0.029720335164993995,3335090.8356108903,0.022271309946325424,0.18238964316593842,0.04057698041062907,-0.3679950536788263,0,0,0.041207162338432315,1002395.4024190371,-0.013008984180475025,0.05309740954516018,0.019690328660950045,-0.12794734558078988,0,0,0.016546404578253272,0.0,0.44778365892979316,0.5101646794995385,2.158018856486384
2022-03-24,42882.76,44220.89,42560.46,43991.46,56195.12374,3035.88,3129.52,3001.83,3110.5,44921.76615,14461.9,14774.0,14439.3,14767.6,0.0,4520.16,0.025854212741903693,0.15069527257546556,0.042353476096266794,-0.34852396482945863,0,0,0.03774437129388296,2173537.54166126,0.024579364138239912,0.17958694547467902,0.040536718919830905,-0.3524607739660294,0,0,0.04105127792959333,1827620.4226092135,0.02067954991567844,0.06040326286764719,0.019875829886981375,-0.10991368918462802,0,0,0.02266448170318811,0.0,0.4474643257325215,0.5101828432700346,2.1309024593223964
2022-03-25,43991.46,45094.14,43579.0,44313.16,54614.43648,3110.5,3193.16,3075.99,3102.93,45789.19277,14764.9,14844.4,14577.3,14754.8,0.0,4543.04,0.007312782981060417,0.1896147141973923,0.04194244850483523,-0.34375986196689473,0,0,0.03419164871112779,7468341.661174776,-0.0024336923324225213,0.2032316980956479,0.040220883991700665,-0.35403668521537107,0,0,0.03776108387878556,18814623.36621142,-0.0008667623716785977,0.09355567908097084,0.018869595712006627,-0.11068518250638901,0,0,0.018102583566025995,0.0,0.4290278084023162,0.4990218265348693,2.2227517174960085
2022-03-26,44313.16,44792.99,44071.97,44511.27,23041.61741,3102.93,3153.88,3085.28,3146.01,18348.84596,14764.9,14844.4,14577.3,14754.8,0.0,4543.04,0.004470680944441696,0.1613490781092597,0.041731424041935444,-0.34082602168681236,0,0,0.016198594198727576,5153927.591136018,0.013883651903201288,0.21137829460349233,0.040240772972308846,-0.3450683554106632,0,0,0.02180539794851253,1321614.2893662031,0.0,0.06036737861844932,0.018109916428828435,-0.11068518250638901,0,0,0.018102583566025995,0.0,0.41981217974732876,0.5188567948903093,2.3043397887859407
2022-03-27,44511.27,46999.0,44421.46,46827.76,41874.91071,3146.01,3299.78,3126.02,3297.35,25029.63434,14764.9,14844.4,14577.3,14754.8,0.0,4543.04,0.05204277478490282,0.19400181084913326,0.042470494161334325,-0.30652077878939066,0,1,0.05504299159302091,804624.7118226378,0.048105377923147064,0.19122625116057246,0.039472513803485196,-0.313562621133865,0,0,0.05269686263211373,520308.3359391514,0.0,0.03987596025089846,0.01780462034065747,-0.11068518250638901,0,0,0.018102583566025995,0.0,0.40198123814825665,0.4825845333272274,2.385362310182398
2022-03-28,46827.76,48189.84,46663.56,47122.21,58949.2614,3297.35,3430.03,3275.51,3333.09,35297.31824,14758.7,15001.2,14664.5,14986.0,0.0,4575.52,0.00628793689896745,0.20465647426471345,0.04243374157563946,-0.3021602252056732,0,0,0.03238982212421698,9374961.708038615,0.010839007081444363,0.199514161298449,0.0394763977279761,-0.30612232152336694,0,0,0.04635938423504915,3256505.4538410623,0.015669477051535763,0.056170272746493666,0.017989306019364316,-0.0967500843820821,0,0,0.0224676364606967,0.0,0.3970598666981494,0.48014205624602646,2.3588301817569004
2022-03-29,47122.21,48096.47,46950.85,47434.8,36772.28457,3333.09,3481.63,3331.33,3401.07,41077.62955,14981.0,15273.8,14962.0,15228.4,0.0,4631.6,0.006633602286480356,0.25824854565377886,0.04163928811694225,-0.29753103368000067,0,0,0.024151466855557576,5543327.373073012,0.02039548887068765,0.3000584842264602,0.03755433126225342,-0.29197034705437824,0,0,0.044191974878494175,2014053.679708548,0.01617509675697315,0.07325392910000694,0.01816945310386557,-0.08213992960123445,0,0,0.020474902156497023,0.0,0.3953817020245823,0.5007622209827394,2.291718136023703
2022-03-30,47434.79,47700.22,46445.42,47067.99,40947.2085,3401.07,3447.56,3331.59,3385.27,43387.05647,15225.8,15266.6,15017.2,15109.1,0.0,4602.45,-0.007732930253737891,0.09054657089898055,0.03278734999482131,-0.3029631772019685,0,0,0.026659307100218278,5295166.800261679,-0.004645596826881038,0.15876759406320162,0.03167839552986669,-0.29525956736344006,0,0,0.03425723797510975,9339373.323404804,-0.007834046912347903,0.062210880049493156,0.018267509292525106,-0.08933048845170936,0,0,0.016506608600115137,0.0,0.5063758539337845,0.5969099860652779,1.7948441422058645
2022-03-31,47067.99,47600.0,45200.0,45510.34,48645.12667,3385.27,3445.58,3260.0,3280.86,46601.47765,15097.2,15184.4,14860.4,14921.2,0.0,4530.41,-0.033093616277219406,0.024518473161463383,0.033068630003413084,-0.3260306463467388,0,0,0.05273526851260615,1469924.3371671767,-0.030842443881876402,0.10263218035409416,0.032251206829323094,-0.3169954846083225,0,0,0.05656443737312775,1510952.3330562194,-0.012436213937295992,0.06339975483907745,0.018235843207575098,-0.10065576932349679,0,0,0.021714071254322707,0.0,0.5567616869603954,0.6305456145589461,1.8133854022073674
2022-04-01,45510.35,46720.09,44200.0,46283.49,56271.06474,3280.86,3480.99,3210.71,3455.74,50155.3206,14910.8,14963.5,14730.1,14855.6,0.0,4545.86,0.016988447021050623,0.054462239747677055,0.03309065581575867,-0.3145809536883886,0,0,0.054449005466095934,3312311.687298839,0.05330309735861927,0.1726457094768845,0.033377561859651884,-0.2805892284280233,0,1,0.0782119025158142,940945.5299211508,-0.0043964292416159845,0.04619111671373344,0.01817834033680715,-0.10460967259752159,0,0,0.015711246937181914,0.0,0.5605335583336479,0.6019578679821009,1.8203332647164023
2022-04-02,46283.49,47213.0,45620.0,45811.0,37073.53582,3455.74,3530.93,3433.0,3442.66,27847.59813,14910.8,14963.5,14730.1,14855.6,0.0,4545.86,-0.010208607864272912,0.0790738210769304,0.0325170678840183,-0.32157812795488777,0,0,0.03477330772085307,3631592.0835616942,-0.00378500697390427,0.2146163507811285,0.03238721701975682,-0.2833122032155251,0,0,0.028446027199897708,7357324.503957248,0.0,0.05639822222222235,0.01805591583706439,-0.10460967259752159,0,0,0.015711246937181914,0.0,0.5517460632478278,0.595427563162374,1.8009083653450064
2022-04-03,45810.99,47444.11,45530.92,46407.35,33394.67794,3442.66,3581.0,3412.39,3521.84,26010.01987,14910.8,14963.5,14730.1,14855.6,0.0,4545.86,0.013017615856453668,0.185413498188699,0.02873266933095476,-0.31274669263598837,0,0,0.041226012689800265,2565343.1976187984,0.0229996572417841,0.34282990810996306,0.028577690536106336,-0.2668286295401128,0,0,0.04787554233014564,1130886.7905161215,0.0,0.0762743791114846,0.017644632324896724,-0.10460967259752159,0,0,0.015711246937181914,0.0,0.521257268455221,0.5699821369707014,1.6284075812867422
2022-04-04,46407.36,46890.71,45118.0,46580.51,44641.87514,3521.84,3550.0,3408.12,3518.64,21658.11511,14846.1,15178.6,14806.8,15162.8,0.0,4582.64,0.003731305493634096,0.182307662630248,0.028735790424553445,-0.3101823405947028,0,0,0.038056904057083084,11964111.64270681,-0.0009086159507530889,0.3200328635151204,0.028624714086490827,-0.26749480074194815,0,0,0.040322397289862026,23836117.702833913,0.02067907051886153,0.09853073289477488,0.017940890433196733,-0.08609383287525926,0,0,0.02452053710396504,0.0,0.5099260674875686,0.5479460669811459,1.6016916504024798
2022-04-05,46580.5,47200.0,45353.81,45497.55,42192.74852,3518.64,3555.0,3395.15,3405.98,21356.64143,15153.0,15200.1,14781.1,14862.4,0.0,4525.12,-0.023249208735584892,0.18419028646194624,0.028679752722177987,-0.32622005534770915,0,0,0.04057778935349271,1814802.8542318472,-0.03201805242934763,0.3352857002842302,0.027985919769699635,-0.29094819061656224,0,0,0.046932160494189606,667018.5454577846,-0.01981164428733473,0.07676703277595842,0.01842434998864182,-0.10419981677033614,0,0,0.028191947464743246,0.0,0.5350542326151239,0.5990628520016607,1.5566213827703306
2022-04-06,45497.54,45507.14,43121.0,43170.47,60849.32936,3405.98,3406.88,3161.24,3168.31,48815.92437,14857.2,14860.9,14396.4,14497.2,0.0,4481.15,-0.05114736947374088,0.13642387069600925,0.030383490344375444,-0.3606821271208366,1,0,0.05527250456156719,1189686.1576503664,-0.06978021010105762,0.26898383085075284,0.031091103782639542,-0.3404259748478735,1,0,0.07753029217469261,699566.7869677604,-0.0245720744967165,0.09245457902232812,0.017498199554272616,-0.1262114856068277,0,0,0.032040669922467784,0.0,0.5876342166952921,0.6252795380012327,1.736377099047632
2022-04-07,43170.47,43900.99,42727.35,43444.19,37396.54156,3168.31,3268.84,3142.61,3227.11,28394.10936,14499.2,14635.1,14321.6,14535.6,0.0,4500.21,0.006340445216371338,0.12170109290760323,0.030256546860598407,-0.3566285671719992,0,0,0.027014889677998356,5898084.64594789,0.018558790017391136,0.2527309146526091,0.030841730729798556,-0.32818507901414984,0,0,0.0391154934291053,1529953.948175117,0.002648787352040438,0.1014822224242975,0.017421996877813147,-0.12389700564154493,0,0,0.021567737141913648,0.0,0.6012804606993032,0.6460112235395244,1.7366855077488226
2022-04-08,43444.2,43970.62,42107.14,42252.01,42375.04203,3227.11,3314.23,3173.25,3192.24,26915.2955,14531.7,14642.5,14312.0,14329.6,0.0,4488.28,-0.0274416440955626,0.007398363109181849,0.026887379913771107,-0.37428373705291734,0,0,0.04410393730381118,1544186.8730811006,-0.010805333564706587,0.17054496652170403,0.029485674549414746,-0.33544426332914895,0,0,0.044163346114327255,2490924.544769981,-0.014172101598833198,0.040276446844963454,0.015932055394735894,-0.13631322628863496,0,0,0.02306414694059848,0.0,0.5114283693682804,0.602861323991432,1.6876267607246296
2022-04-09,42252.02,42800.0,42125.48,42753.97,17891.66047,3192.24,3268.8,3181.49,3256.9,9743.53286,14531.7,14642.5,14312.0,14329.6,0.0,4488.28,0.011880144873581244,0.08452057226929122,0.024381041403710585,-0.3668501371993502,0,0,0.015776780495472043,1506012.392968628,0.020255369270480994,0.2495587851629042,0.028034461900638238,-0.3219834414820643,0,0,0.02680770057416574,481034.33314624004,0.0,0.05578969084318186,0.015642229470454846,-0.13631322628863496,0,0,0.02306414694059848,0.0,0.4812985011082066,0.5783278090842078,1.5586669319160877
2022-04-10,42753.96,43410.3,41868.0,42158.85,22771.09403,3256.9,3307.75,3191.08,3201.89,8071.8517,14531.7,14642.5,14312.0,14329.6,0.0,4488.28,-0.013919643017946681,0.08854423119079291,0.024283946438095803,-0.3756633572663972,0,0,0.03658306618894972,1635895.2339286841,-0.016890294451779364,0.2523281509729147,0.02796525590294176,-0.33343534079861437,0,0,0.03643785389254474,477898.5318497112,0.0,0.0772515411216359,0.015095904575025784,-0.13631322628863496,0,0,0.02306414694059848,0.0,0.4612940904622934,0.5565065629197928,1.6086436046922534
2022-04-11,42158.85,42414.71,39200.0,39530.45,63560.44721,3201.89,3213.71,2948.34,2979.34,37184.92426,14368.0,14372.7,13985.9,14004.4,0.0,4412.53,-0.06234515410168928,0.018632805735819158,0.027067900595555767,-0.41458772146895495,1,0,0.08132237300612565,1019492.8207475484,-0.06950582312321774,0.1598674810895826,0.0313371665286314,-0.3797654661012538,1,0,0.08907006249706306,534989.9798205389,-0.02269428316212596,0.0528040896105848,0.015783283070962377,-0.1559139784946237,0,0,0.0276198908914342,0.0,0.5252726027082107,0.606976588339143,1.7149716775743375
2022-04-12,39530.45,40699.0,39254.63,40074.94,57751.01778,2979.34,3084.86,2950.81,3028.06,28966.81089,14004.3,14284.7,13883.5,13956.4,0.0,4397.45,0.01377393882437472,0.06081952832041648,0.02665246559554813,-0.4065242885574305,0,0,0.03604172582666381,4192771.333504766,0.016352615008693228,0.20422025499693786,0.030988283162027196,-0.36962300955331134,0,0,0.04426926811225675,1771385.9930501026,-0.003427494216103555,0.04919560968275438,0.015809417339482837,-0.1588070784512272,0,0,0.028746668195236646,0.0,0.5233054255009382,0.6056244269338267,1.6858590145757923
2022-04-13,40074.95,41561.31,39588.54,41147.79,41342.27254,3028.06,3132.82,2998.35,3117.68,16925.129380000002,13954.6,14268.8,13924.6,14214.0,0.0,4446.59,0.026771094354726355,0.03721625948385454,0.025524319790423817,-0.39063629428916313,0,0,0.04794352260473762,1544287.1534995583,0.029596507334729072,0.20383505998555873,0.030979819496369757,-0.35096605233191147,0,0,0.04313143106412469,571862.1954259381,0.018457481872116155,0.08654772279044165,0.015705695524682463,-0.1432807753507884,0,0,0.02421556212185162,0.0,0.6627750139107444,0.6671003589265238,1.6251622539535588
2022-04-14,41147.78,41500.0,39551.94,39942.38,36807.01401,3117.68,3145.0,2975.86,3022.09,14737.68953,14212.1,14298.2,13879.4,13895.3,0.0,4392.59,-0.02929464741605814,0.016854491802894556,0.026064483518352832,-0.4084873891961047,0,0,0.048771755714106114,1256441.182678719,-0.030660619434964342,0.154407972893994,0.031705327674891204,-0.3708658352017353,0,0,0.05596788977164805,480671.46048846724,-0.022421556212185223,0.03329218596626893,0.01562572070770762,-0.16248975360432044,0,0,0.030139687520240738,0.0,0.739851665872111,0.7088089228754179,1.6680489383767596
2022-04-15,39942.37,40870.36,39766.4,40551.9,24026.35739,3022.09,3063.72,2993.53,3039.57,14302.88026,14212.1,14298.2,13879.4,13895.3,0.0,4392.59,0.015259982004077077,-0.013671741985698316,0.024759490146110244,-0.3994609174000527,0,0,0.02722338534076083,1574467.2332449963,0.005784076582762365,0.09601592332572517,0.03001804950934608,-0.36722687501171,0,0,0.023092082103718485,2472798.4367705,0.0,-0.007591989486915862,0.013679377676695597,-0.16248975360432044,0,0,0.030139687520240738,0.0,0.6970675083066626,0.6673398322116189,1.8099852662477627
2022-04-16,40551.9,40709.35,39991.55,40378.71,15805.44718,3039.57,3085.45,3010.0,3059.66,9536.396420000001,14212.1,14298.2,13879.4,13895.3,0.0,4392.59,-0.004270823315307148,-0.013177362474613874,0.024756454626888916,-0.40202571371577367,0,0,0.017776694698765652,3700787.6480103997,0.006609487526195945,0.08732626611180816,0.029950848156511018,-0.3630445689351878,0,0,0.02465960270095364,1442832.2852385745,0.0,-0.011404707020689298,0.013658398832057907,-0.16248975360432044,0,0,0.030139687520240738,0.0,0.7000518313431778,0.6660408698071221,1.8125430957069155
2022-04-17,40378.7,40595.67,39546.17,39678.12,19988.49259,3059.66,3083.15,2982.49,2987.15,16316.72392,14212.1,14298.2,13879.4,13895.3,0.0,4392.59,-0.01735047999304573,-0.049796791044293576,0.024631732303176102,-0.412400854606304,0,0,0.026450345933728713,1152041.9652708143,-0.02369871162155268,0.016448834732425865,0.029297804086819465,-0.3781395920117745,0,0,0.03369767169375502,688506.5017667804,0.0,-0.037508312091322216,0.012641062149557873,-0.16248975360432044,0,0,0.030139687520240738,0.0,0.693145265300458,0.6242034222625048,1.9485477190348612
2022-04-18,39678.11,41116.73,38536.51,40801.13,54243.49575,2987.15,3069.82,2882.61,3055.78,35486.14452,13887.7,14005.4,13733.8,13968.2,0.0,4391.69,0.028303004275403998,-0.03317446712919769,0.025135776392213188,-0.3957700334820024,0,0,0.06323893480401159,1916527.166406403,0.022975076578009235,0.03559083083680137,0.029568973882420746,-0.363852301517413,0,0,0.06126422713677032,1544548.8921014909,0.005246378271789753,-0.032458716613099736,0.012694358629787591,-0.1580958580452288,0,0,0.019444166034277885,0.0,0.6951888745699605,0.6282647353106038,1.9800729855308898
2022-04-19,40801.13,41760.0,40571.0,41493.18,35788.85843,3055.78,3131.06,3030.21,3101.96,22801.24594,13966.9,14244.0,13831.7,14099.6,0.0,4462.21,0.016961540035778544,0.005600052929915611,0.025001882699975008,-0.3855213627140903,0,0,0.028655311547584446,2109999.2839396927,0.015112344475060269,0.0842185102463815,0.029032884048944305,-0.35423861836092735,0,0,0.03251170227855933,1508781.8365846707,0.009407081800088646,-0.023356976615316327,0.012835852383187794,-0.15017599691402672,0,0,0.029241964311044234,0.0,0.7121587503471329,0.6475599616335709,1.9478147983825436
2022-04-20,41493.19,42199.0,40820.0,41358.19,40877.35041,3101.96,3174.04,3036.55,3075.95,24940.33334,14095.2,14301.6,13962.6,14074.1,0.0,4459.45,-0.0032533057239767516,0.008680987019005215,0.024979544956410922,-0.387520449582034,0,0,0.03334285180275055,12564827.357128685,-0.008385021083444077,0.06450831444342531,0.029076709753307173,-0.35965334116084496,0,0,0.04469838586452959,2974387.702538603,-0.001808561945019771,-0.022523335926214028,0.012832328433358766,-0.15171295626597234,0,0,0.024086797734846278,0.0,0.7119997858566156,0.6492174824949776,1.9466089587751558
2022-04-21,41358.19,42976.0,39751.0,40480.01,59316.27657,3075.95,3179.04,2939.23,2984.18,27393.34446,14068.0,14286.6,13672.5,13719.7,0.0,4393.66,-0.021233521099448538,-0.04447441739037239,0.02450102716732687,-0.4005255470388146,0,0,0.07966895265095043,2793519.188692102,-0.02983468521920052,0.004862378524719269,0.029252521702367598,-0.37875788215847794,0,0,0.0803604340220764,918170.7491474773,-0.02518100624551478,-0.0640830610337606,0.013078496542525376,-0.17307367761222817,0,0,0.04476045394578601,0.0,0.6953889919247699,0.6543334864397441,1.8733811148589967
2022-04-22,40480.01,40795.06,39177.0,39709.18,46664.0196,2984.18,3033.17,2933.88,2962.42,32685.92817,13713.9,13783.2,13302.2,13318.2,0.0,4271.78,-0.01904223837889374,-0.07400596416835115,0.024573845642317453,-0.41194088247415844,0,0,0.04074775656409922,2450551.9869030793,-0.007291785348068736,-0.024197267349170604,0.028993437851595878,-0.38328784633095797,0,0,0.03351651690172223,4482562.470524767,-0.029264488290560275,-0.07949738740980339,0.013858566822625887,-0.1972732532909012,0,0,0.036115991650523344,0.0,0.7164017025415247,0.6602487448791876,1.77318681108709
2022-04-23,39709.19,39980.0,39285.0,39441.6,20291.42375,2962.42,2978.5,2912.99,2931.71,14225.1864,13713.9,13783.2,13302.2,13318.2,0.0,4271.78,-0.00673849220759537,-0.1034259831339992,0.02400161440555412,-0.4159035142552117,0,0,0.017620989006531175,3011266.1723444005,-0.010366524665645027,-0.05747950490274878,0.0286550848387262,-0.38968100808357115,0,0,0.022345320649041076,1372221.9486848048,0.0,-0.09814729543053713,0.013153801053117522,-0.1972732532909012,0,0,0.036115991650523344,0.0,0.6973309981558732,0.6458507278456853,1.8246890052343887
2022-04-24,39441.61,39940.0,38929.62,39450.13,26703.61186,2931.71,2967.23,2911.95,2921.15,14349.723,13713.9,13783.2,13302.2,13318.2,0.0,4271.78,0.00021626911687144812,-0.10974234290671225,0.023927743264112174,-0.41577719222407195,0,0,0.025611575931435395,123468286.01058179,-0.0036019933758796308,-0.058583338973164034,0.02865709376792123,-0.3918793730496276,0,0,0.018924053882888658,3983817.1990873585,0.0,-0.09736492531244056,0.013160401601413454,-0.1972732532909012,0,0,0.036115991650523344,0.0,0.6975617082572386,0.6450579243359607,1.8181607071880859
2022-04-25,39450.12,40616.0,38200.0,40426.08,63037.12784,2921.15,3026.23,2796.57,3006.95,33613.390550000004,13340.0,13554.9,13189.3,13533.1,0.0,4296.12,0.024738828490552534,-0.09177877872278184,0.024443705603828473,-0.40132420438223415,0,0,0.05976340026042594,2548103.778763628,0.029371993906509353,-0.04420202097259718,0.029082181194566556,-0.37401765770041867,0,0,0.07637639468564487,1144402.3586879165,0.01613581414905907,-0.08280017350286006,0.01362257671138306,-0.1843206036935243,0,0,0.02701524410519396,0.0,0.7128528943979081,0.6613312690627815,1.7943512580766519
2022-04-26,40426.08,40797.31,37702.26,38112.65,66650.258,3006.95,3040.18,2766.34,2809.84,31220.12009,13527.6,13588.9,12808.6,12820.4,0.0,4175.2,-0.057226176765098224,-0.1861099057482143,0.0241112740124249,-0.4355841312872422,1,0,0.08120794539345849,1164681.0973721812,-0.0655514724222217,-0.147849030281893,0.029845265536341217,-0.41505172194846746,1,0,0.09745750647723703,476268.71180287,-0.05266346956720935,-0.1311030986526418,0.01636769601383074,-0.22727711075751006,1,0,0.06086393560263325,0.0,0.8080369934325823,0.739527683615011,1.4731003838931875
2022-04-27,38112.64,39474.72,37881.31,39235.72,57083.12272,2809.84,2919.99,2794.08,2889.1,25245.54619,12897.4,13259.9,12883.1,13175.6,0.0,4183.96,0.029467119184837465,-0.1673624815134943,0.024895634338314897,-0.41895242161406976,0,0,0.04061120835809827,1937179.6404711374,0.028208011844090608,-0.13320672409085865,0.03032533438939308,-0.3985514939930094,0,0,0.043581046000484534,894977.5467962768,0.02770584381142549,-0.12080608567996798,0.0170149392326525,-0.2058681710786441,0,0,0.028598318103160332,0.0,0.8254847894784436,0.7497453171511409,1.4631624225207196
2022-04-28,39235.72,40372.63,38881.43,39742.07,56086.6715,2889.1,2979.99,2853.67,2938.02,40099.91289,13194.7,13547.4,13039.7,13313.4,0.0,4287.5,0.012905332182001406,-0.1621748168011672,0.025029462367267646,-0.4114538096014518,0,0,0.03752195092001995,4346004.213528098,0.01693260877089764,-0.13614832979033076,0.030234540984608847,-0.38836740174495216,0,0,0.042994942171938826,2368205.026792451,0.010458726737302193,-0.12575188463660003,0.016810358456785877,-0.1975625632865616,0,0,0.038134511094085576,0.0,0.8328489966862859,0.7480953896979176,1.4889300274179265
2022-04-29,39742.06,39925.25,38175.0,38596.11,51453.65715,2938.02,2946.49,2776.47,2817.71,39451.530230000004,13204.5,13439.1,12838.1,12895.6,0.0,4131.93,-0.028834934868767537,-0.17999238973238496,0.025386224094693984,-0.4284245006688552,0,0,0.0453478342765631,1784420.1674105448,-0.04094934683902762,-0.16765575567089186,0.030961777570170834,-0.4134133571489538,0,0,0.06033977946630419,963422.463143546,-0.03138191596436668,-0.1465011152219523,0.017514556935564116,-0.22274458749216453,0,0,0.04660504358075623,0.0,0.835058456035916,0.7621280884818926,1.4494348725886057
2022-04-30,38596.11,38795.38,37578.2,37630.8,35321.18989,2817.71,2841.89,2714.39,2725.88,26211.86259,13204.5,13439.1,12838.1,12895.6,0.0,4131.93,-0.025010551581493567,-0.17313735735659175,0.02513342315750992,-0.4427199191775947,0,0,0.03234531288200092,1412250.971451026,-0.03259029495583288,-0.16915686740671654,0.031012464977891306,-0.43253038885662115,0,0,0.04677388586438141,804284.0539701274,0.0,-0.13575315658258047,0.01748247796599717,-0.22274458749216453,0,0,0.04660504358075623,0.0,0.8218153858257331,0.7418118533197727,1.4376342318320796
2022-05-01,37630.8,38675.0,37386.38,38468.35,38812.24104,2725.88,2848.49,2715.92,2825.33,29727.47942,13204.5,13439.1,12838.1,12895.6,0.0,4131.93,0.022257034131615505,-0.16885373164383244,0.025317378665143466,-0.430316517397861,0,0,0.033498187470998954,1743818.308059528,0.03648363097421736,-0.18242402495558108,0.030046268146676474,-0.41182703697458345,0,0,0.0469219524798872,814816.6856758655,0.0,-0.13193677805002824,0.017503540493307313,-0.22274458749216453,0,0,0.04660504358075623,0.0,0.8245967453102785,0.7767254060071486,1.4464138961306083
2022-05-02,38468.35,39167.34,38052.0,38525.16,53200.92628,2825.33,2882.69,2778.4,2856.22,38693.11277,12909.3,13090.1,12714.8,13057.1,0.0,4155.38,0.0014767984589929561,-0.15904127829560577,0.0253375959555703,-0.42947520970864034,0,0,0.028950950495727892,36024256.19655375,0.010933236117550926,-0.1703450239059332,0.03020756983702108,-0.4053964030918671,0,0,0.03651329379389542,3539032.4478186495,0.01252365147802359,-0.12106545679743663,0.017763344737584383,-0.213010511596509,0,0,0.028742982745020032,0.0,0.8226047030561027,0.7790180865116002,1.426397002699048
2022-05-03,38525.16,38651.51,37517.8,37728.95,40316.45358,2856.22,2861.63,2754.85,2780.96,31165.57182,13052.9,13189.0,12975.5,13124.4,0.0,4175.48,-0.02066727302365534,-0.1870048602214951,0.025237529186859228,-0.4412664013163556,0,0,0.030048808673445702,1950737.9626946913,-0.02634951089201809,-0.2103673079980919,0.02993008862335125,-0.42106391704503104,0,0,0.03839681261147237,1182775.6545448538,0.005154283876205312,-0.11653517865316787,0.01782954981897236,-0.2089541443656879,0,0,0.016267410319709855,0.0,0.8065480529827295,0.7638147150453785,1.4154880683035191
2022-05-04,37728.95,40023.77,37670.0,39690.0,62574.61736,2780.96,2966.82,2771.74,2940.42,34620.02768,13114.0,13561.1,12889.4,13499.7,0.0,4300.17,0.0519773277549469,-0.14792689045268081,0.027363851522103595,-0.41222492192987487,0,1,0.05930385487528336,1203882.6931655325,0.05733991139750305,-0.16433053679830834,0.03217118765079848,-0.38786777334357564,0,1,0.06634426374463524,603768.3142256205,0.02859559294139169,-0.10968290816999493,0.018260266006746354,-0.18633371907999421,0,0,0.04975666125913914,0.0,0.8394890172198073,0.8072907987730952,1.4985453402782014
2022-05-05,39690.0,39845.51,35571.9,36552.97,88722.43355,2940.42,2954.99,2685.18,2747.23,54702.37088,13507.4,13556.4,12711.8,12903.6,0.0,4152.38,-0.07903829680020158,-0.19659476169595946,0.030379420653055208,-0.458681663002143,1,0,0.11691553381298429,1122524.4712576983,-0.06570149842539508,-0.19340982624677772,0.0336823596869928,-0.4280857778693763,1,0,0.09821165319248841,832589.2691202861,-0.044156536811929215,-0.13179567230057054,0.019499749955247846,-0.22226240416606394,0,0,0.06545460181654734,0.0,0.8627547406397287,0.8261107831013796,1.5579381860482537
2022-05-06,36552.97,36675.63,35258.0,36013.77,68437.80187,2747.23,2758.68,2633.28,2692.09,55108.47631,12883.6,12929.2,12522.2,12666.0,0.0,4123.34,-0.014751195320106825,-0.1657776716352637,0.0292538954354428,-0.4666667555215538,0,0,0.039363554551495095,4639471.852290941,-0.020071126188924815,-0.15030726160003272,0.031626091743306134,-0.4395647403910008,0,0,0.046580909256376875,2745658.033071823,-0.01841346600948579,-0.12631404685042635,0.01931282185599892,-0.2365832489512513,0,0,0.03213327017211432,0.0,0.8566239488443236,0.8267808848915967,1.514738783704369
2022-05-07,36013.77,36146.3,34785.0,35472.39,34281.70682,2692.09,2704.11,2586.0,2636.04,23905.99908,12883.6,12929.2,12522.2,12666.0,0.0,4123.34,-0.015032583370194197,-0.1834951923375715,0.029213227113085338,-0.4746841319832722,0,0,0.038376325925600245,2280491.8603048157,-0.020820254894895807,-0.18315768597909587,0.031434434429254185,-0.4512331453481473,0,0,0.04480584513133341,1148208.209678479,0.0,-0.12862214150086682,0.019285954933641478,-0.2365832489512513,0,0,0.03213327017211432,0.0,0.8513238829399062,0.8195946420708676,1.5147402379710457
2022-05-08,35472.4,35514.22,33713.95,34038.4,72445.64344,2636.04,2642.28,2484.0,2518.97,50195.79406,12883.6,12929.2,12522.2,12666.0,0.0,4123.34,-0.040425525317014155,-0.19439572223901302,0.02963020891253537,-0.4959203019052117,0,0,0.052889383754818206,1792076.2921724215,-0.04441131394060793,-0.2109083276946595,0.032192485964765725,-0.4756046024102907,0,0,0.06283520645343145,1130247.639703958,0.0,-0.1160953550692273,0.019211679545621817,-0.2365832489512513,0,0,0.03213327017211432,0.0,0.8213651714154644,0.7924269826838879,1.5423010476081653
2022-05-09,34038.39,34243.15,30033.33,30076.31,191876.926428,2518.97,2530.81,2225.0,2229.62,118986.70902,12597.0,12639.6,12139.0,12211.3,0.0,3991.24,-0.11640059462254393,-0.29652591326606625,0.03552008963847658,-0.5545954785005975,1,0,0.1399712930209856,1648418.6405234374,-0.11486837874210487,-0.31541650035309654,0.03725116476490482,-0.5358410515512421,1,0,0.13715790134641775,1035852.5119312095,-0.035899257855676714,-0.14782687583742748,0.02005820162167444,-0.26398934374849325,0,0,0.040994816276727325,0.0,0.8149770590324066,0.8020989486142613,1.7708502786008296
2022-05-10,30074.23,32658.99,29730.4,31017.1,165532.00311,2229.62,2457.01,2199.47,2342.15,146782.93407,12217.0,12551.0,12105.8,12335.6,0.0,4001.05,0.031280100517649734,-0.26428021637212595,0.03634214779355677,-0.5406631802970804,0,0,0.09441856266382094,5291925.136153176,0.05047048375956442,-0.2685101611860494,0.03892990427150453,-0.5124147248817025,0,1,0.10995879853980335,2908292.0165048684,0.010179096410701582,-0.1391525234479678,0.02023314514633727,-0.25649742031920536,0,0,0.03609066441843126,0.0,0.8199844071448115,0.8027515326216138,1.7961680978923174
2022-05-11,31017.11,32162.59,27785.0,29103.94,207063.739278,2342.15,2453.0,2002.92,2086.6,205403.5266,12331.1,12556.0,11943.0,12011.5,0.0,3935.18,-0.061680814776365334,-0.2637589503787586,0.03630903528078057,-0.5689954495931409,1,0,0.15041228094890247,3357019.6252846154,-0.10910915184766146,-0.29964354521471204,0.041610003520725435,-0.5656147407032686,1,0,0.21570018211444453,1882550.6778870234,-0.02627354972599638,-0.14230527548484762,0.02035261343826595,-0.27603187231785525,0,0,0.051034425342380216,0.0,0.824075135071209,0.7898306824490394,1.7839977922705628
2022-05-12,29103.94,30243.0,26700.0,29029.75,204507.263138,2086.6,2194.59,1800.0,1959.75,246981.93342000002,11993.7,12134.8,11693.0,11876.4,0.0,3930.08,-0.002549139394872224,-0.2756133883169881,0.036069827415764484,-0.5700941402719523,0,0,0.12204721018954694,80225687.65462682,-0.06079267708233482,-0.35280344511007045,0.042244346312393294,-0.5920221835010211,1,0,0.201347110600842,4062691.5057315864,-0.011247554427007533,-0.14903556791149586,0.02038314703553716,-0.2841747432373789,0,0,0.037199824862752966,0.0,0.8244223124701947,0.7870611225621358,1.7695898310982092
2022-05-13,29029.74,31083.37,28751.67,29287.05,97872.36957,1959.75,2148.0,1940.0,2009.32,145133.57506,11905.8,12434.8,11904.3,12366.0,0.0,4023.89,0.00886332124803002,-0.28824731534792025,0.03558455052136172,-0.566283746530772,0,0,0.07961539315158067,11042391.041376602,0.025294042607475475,-0.35550794180287904,0.042100021641603806,-0.5817027752275912,0,0,0.10351760794696714,5737853.767929099,0.04122461351924822,-0.13001266357112706,0.02167570435258377,-0.2546651236800232,0,0,0.04289988678634967,0.0,0.7867714867458014,0.7723297619581713,1.6416783291444321
2022-05-14,29287.05,30343.27,28630.0,30086.74,51095.87863,2009.32,2069.61,1951.6,2056.42,68654.7746,11905.8,12434.8,11904.3,12366.0,0.0,4023.89,0.02730524241943111,-0.24674643824429077,0.03605848088148701,-0.5544410190885473,0,0,0.056944354888565536,1871283.8777362437,0.023440766030298876,-0.3195371415146472,0.042503096681032186,-0.5718975678505778,0,0,0.057386137073166095,2928860.994672651,0.0,-0.1100587968593697,0.021418002892148666,-0.2546651236800232,0,0,0.04289988678634967,0.0,0.7763312619126043,0.7672546170155599,1.6835586505181903
2022-05-15,30086.74,31460.0,29480.0,31328.89,46275.66912,2056.42,2170.0,2001.01,2145.31,31340.58991,11905.8,12434.8,11904.3,12366.0,0.0,4023.89,0.04128562948328729,-0.22743718543397473,0.03695789967481302,-0.536045836089686,0,0,0.06320045172363273,1120865.9887352043,0.04322560566421241,-0.29420608836118267,0.04357489065661483,-0.5533925809345965,0,0,0.07877183250905465,725046.6980843415,0.0,-0.1100587968593697,0.021418002892148666,-0.2546651236800232,0,0,0.04289988678634967,0.0,0.76158241181501,0.7534394075632117,1.7255522191024968
2022-05-16,31328.89,31328.9,29087.04,29874.01,73082.19658,2145.31,2145.31,1979.08,2023.21,46736.73552,12407.9,12500.6,12192.8,12239.6,0.0,4008.01,-0.04643892586044385,-0.26015442296200153,0.037611904203444006,-0.5575913691101614,0,0,0.07504382572008246,1573726.7709928423,-0.05691485146668773,-0.33874678885889276,0.044248032885627606,-0.5788111758546247,1,0,0.08216151561133052,821169.274871292,-0.010221575287077456,-0.11915539786834395,0.02143914148699273,-0.26228362023241236,0,0,0.02514788064969452,0.0,0.7572495837484502,0.7492270390615412,1.7543560073384148
2022-05-17,29874.01,30788.37,29450.38,30444.93,56724.13307,2023.21,2122.97,2007.68,2091.06,41027.6697,12233.4,12580.2,12233.4,12576.8,0.0,4088.85,0.019110926186340693,-0.232702305451972,0.03793014325215146,-0.5491365304210256,0,0,0.04394787572183605,2968150.409635237,0.03353581684550777,-0.2999815878010813,0.044985950905750416,-0.5646862645907107,0,0,0.05513471636394926,1223398.1851410884,0.027549919932023936,-0.09488819960706141,0.022192997112921997,-0.24195959303727285,0,0,0.027574581769607618,0.0,0.7620359709015962,0.7620008466974083,1.70910337022631
2022-05-18,30444.93,30709.99,28654.47,28715.32,59749.15799,2091.06,2110.64,1908.14,1914.82,54227.41336,12567.5,12593.6,11862.3,11891.4,0.0,3923.68,-0.05681110122440747,-0.29621262940511695,0.038296920861633915,-0.5747505806296642,1,0,0.07158269523028127,1051716.0587475055,-0.08428261264621772,-0.37337766462245325,0.046446764043028735,-0.60137564353179,1,0,0.10575406565630179,643399.6909140263,-0.054497169391260036,-0.14868057444767402,0.02402516076794203,-0.28327064950094033,1,0,0.06149822560842299,0.0,0.7734040933889881,0.7832058197573377,1.594033242533093
2022-05-19,28715.33,30545.18,28691.38,30319.23,67877.36415,1914.82,2040.0,1903.07,2019.52,82913.69782,11894.5,12074.1,11701.8,11895.9,0.0,3900.79,0.0558555502776914,-0.26929606263005146,0.03989785813758604,-0.5509980403054654,0,1,0.06114271371667418,1215230.2082825955,0.05467876876155464,-0.34895356484287354,0.047853680194970154,-0.5795793545217411,0,1,0.06780324037395027,1516378.0116884706,0.00037842474393268155,-0.15629521404862556,0.023893759143822364,-0.2829994213800087,0,0,0.031296497112450604,0.0,0.7454383075557552,0.7631875251673046,1.6698017754097816
2022-05-20,30319.22,30777.33,28730.0,29201.01,60517.25325,2019.52,2063.53,1923.0,1959.01,71136.62336,11894.3,12095.0,11487.5,11835.0,0.0,3901.36,-0.03688154349566264,-0.2939485504563909,0.040184382912457225,-0.5675579256115771,0,0,0.07011161600232327,1640854.2350884697,-0.029962565362066207,-0.363120336806515,0.0479429735362853,-0.5921762355914455,0,0,0.07173521319441974,2374182.5427350197,-0.005119410889466103,-0.15909365430116318,0.023884386075228834,-0.2866700419499494,0,0,0.051330798479087454,0.0,0.7392208783316602,0.7613637519846711,1.6824533802692023
2022-05-21,29201.01,29656.18,28947.28,29445.06,20987.13124,1959.01,1991.16,1937.52,1975.37,30214.76901,11894.3,12095.0,11487.5,11835.0,0.0,3901.36,0.008357587631386831,-0.27260245242034276,0.04028083398953375,-0.5639437530793773,0,0,0.024075345745602196,2511144.0111908647,0.00835115696193478,-0.3380526643835158,0.04800903562711903,-0.5887704353220625,0,0,0.02715440651624764,3618029.569726134,0.0,-0.137371808421467,0.023609057472992752,-0.2866700419499494,0,0,0.051330798479087454,0.0,0.7414441490518434,0.762279348640662,1.7061594675695013
2022-05-22,29445.07,30487.99,29255.11,30293.94,36158.98748,1975.37,2056.21,1966.33,2042.9,29953.69042,11894.3,12095.0,11487.5,11835.0,0.0,3901.36,0.0288292840972304,-0.2371048709643463,0.04084420866749874,-0.5513725636545304,0,0,0.04069724836056324,1254244.6359612306,0.03418600059735666,-0.31039487986173464,0.04875600372156739,-0.5747121411783319,0,0,0.04399627979832596,876197.3069275327,0.0,-0.11136640086498184,0.02315682715940373,-0.2866700419499494,0,0,0.051330798479087454,0.0,0.7419782255900437,0.7745689860119114,1.7638077422379057
2022-05-23,30293.93,30670.51,28866.35,29109.15,63901.49932,2042.9,2088.85,1956.58,1973.41,54487.74669,11874.8,12073.9,11783.8,12054.2,0.0,3973.75,-0.03910980215845139,-0.26196832785688196,0.04123134386933169,-0.568918293932855,0,0,0.06197913714416257,1633899.417903271,-0.03401537030691659,-0.3268740769039229,0.04893409270004111,-0.5891784651831867,0,0,0.06702611216118291,1601856.1661919921,0.018521335023236274,-0.09490772026249794,0.02350224450260101,-0.2734582188147934,0,0,0.024066300542549515,0.0,0.7002939715307009,0.7455369105675179,1.754356964552851
2022-05-24,29109.14,29845.86,28669.0,29654.58,59442.96036,1973.41,1993.67,1912.87,1979.08,60417.92426,11884.6,11899.4,11575.4,11810.2,0.0,3941.48,0.018737407310072562,-0.24830209684987092,0.041515363545022235,-0.5608409404223539,0,0,0.039685606742702155,3172420.1567547726,0.002873199183139663,-0.3224997004604352,0.04898629069032679,-0.5879980930849348,0,0,0.04082705095296814,21028028.38531202,-0.020241907384977886,-0.11322851436380288,0.0237014351466027,-0.28816481026086116,0,0,0.027433913058203925,0.0,0.6722344792421091,0.7303073506611482,1.7515962966913405
2022-05-25,29654.58,30223.74,29294.21,29542.15,59537.38659,1979.08,2022.08,1934.36,1942.68,68325.9,11804.3,12032.0,11662.5,11891.0,0.0,3978.73,-0.0037913199242747275,-0.2692304076972093,0.041049158434463696,-0.5625059329148564,0,0,0.03146453457178988,15703562.54379243,-0.01839238434019841,-0.35393671328089915,0.04837770484777129,-0.5955757905058112,0,0,0.045154116993019966,3714899.6882187836,0.006841543750317536,-0.12133953048451573,0.023492729155147163,-0.2832947586672453,0,0,0.0310739214531999,0.0,0.6637312354576241,0.7187224526953124,1.7473125702104426
2022-05-26,29542.14,29886.64,28019.56,29201.35,94581.65463,1942.68,1966.31,1734.68,1792.43,132678.54872,11889.1,12341.8,11848.0,12256.4,0.0,4057.84,-0.011536059494654305,-0.23381475704260923,0.040055415432677016,-0.567552890501309,0,0,0.06393813984627417,8198776.426739468,-0.07734161055860977,-0.3620882327819378,0.04886232571594776,-0.6268546102169844,1,0,0.129226803836133,1715487.0529181075,0.03072912286603313,-0.043992387133006794,0.022450691593719495,-0.2612710352476012,0,0,0.04028915505368618,0.0,0.6153941393022749,0.5957850072983923,1.7841498300383796
2022-05-27,29201.35,29397.66,28282.9,28629.8,90998.5201,1792.43,1822.75,1703.2,1727.68,192947.5798,12244.3,12717.8,12219.8,12715.0,0.0,4158.24,-0.019572725233593657,-0.2703128679682698,0.03946825102906863,-0.5760170589535886,0,0,0.038937051603573844,4649249.019820935,-0.03612414431804867,-0.40200062303139383,0.048369453503290895,-0.6403341681291206,0,0,0.06919684200777919,5341234.513096902,0.037417186123168245,-0.034958559761984254,0.022947164311164166,-0.23362987607888522,0,0,0.039166338969720806,0.0,0.5533078264696281,0.5248344697493912,1.7199612681665426
2022-05-28,28629.81,29266.0,28450.0,29031.33,34479.35127,1727.68,1809.3,1722.2,1792.17,42172.26943,12244.3,12717.8,12219.8,12715.0,0.0,4158.24,0.01402489713515287,-0.2695063442845327,0.039490862028987356,-0.570070741818353,0,0,0.028107565171833323,2458437.0461590355,0.037327514354510205,-0.39000755610921634,0.04898523886718867,-0.6269087366271335,0,0,0.048600300194735935,1129790.1524215178,0.0,-0.04494719605810682,0.022847416314308304,-0.23362987607888522,0,0,0.039166338969720806,0.0,0.5464337959744894,0.5107444576561271,1.7284599799433875
2022-05-29,29031.33,29587.78,28839.21,29468.1,27567.34764,1792.17,1827.38,1762.53,1813.19,21131.65049,12244.3,12717.8,12219.8,12715.0,0.0,4158.24,0.015044780931497082,-0.23650077689176452,0.03956790113971909,-0.5636025503129691,0,0,0.02540272362317217,1832351.6601540982,0.011728798049292166,-0.3565022660245376,0.048972764822552785,-0.6225328245450779,0,0,0.03576569471483967,1801687.810150094,0.0,-0.014004776823102527,0.022128685936343453,-0.23362987607888522,0,0,0.039166338969720806,0.0,0.5397597597219435,0.5020960491682261,1.7880810172249713
2022-05-30,29468.1,32222.0,29299.62,31734.22,96785.9476,1813.19,2012.33,1803.07,1999.16,49595.8772,12719.1,12881.0,12672.2,12807.1,0.0,4158.24,0.07690078423787083,-0.15669557915324683,0.042349727649700755,-0.5300432441926297,0,1,0.0920892336411609,1258581.8983952245,0.10256509246135259,-0.26660014380677066,0.053181946369781095,-0.5838178687934182,0,1,0.10467396306448708,483555.08852231834,0.007243413291388112,-0.0068628059182976875,0.022170779525538815,-0.22807874053715224,0,0,0.016303456676374766,0.0,0.525943381973827,0.48600574327974067,1.9101587519432972
2022-05-31,31734.23,32399.0,31200.01,31801.04,62433.11632,1999.16,2016.06,1922.0,1941.77,36813.11383,12813.6,12824.3,12480.4,12652.6,0.0,4132.15,0.002105613435591014,-0.17331936514043356,0.042064968042462916,-0.5290536969334549,0,0,0.03770285500096857,29650656.078719057,-0.02870705696392495,-0.31272807070324526,0.05259259481566973,-0.5957652329413332,0,0,0.04844034051406704,1282371.1275088328,-0.0120636209602486,-0.018843636589224277,0.02228009148648759,-0.23739090602246976,0,0,0.02718018430994417,0.0,0.523558920348367,0.4953226190902693,1.8880061236693388
2022-06-01,31801.05,31982.97,29301.0,29805.83,103395.63382,1941.77,1973.29,1762.67,1817.78,37647.39497,12660.8,12821.2,12453.1,12545.6,0.0,4101.23,-0.06274040094286226,-0.2263281969497336,0.0433156008139964,-0.5586010568104087,1,0,0.08998138954694437,1647991.0199211556,-0.06385411248500084,-0.3635714335730441,0.05328193021108784,-0.6215772852274455,1,0,0.11586660652004087,589584.4074725681,-0.00845675987544059,-0.03917408919285292,0.022189779678179575,-0.24384010800906505,0,0,0.029340964162734372,0.0,0.5222648784421556,0.4935085258437418,1.9520509857103774
2022-06-02,29805.84,30689.0,29594.55,30452.62,56961.42928,1817.78,1853.5,1782.17,1833.92,43640.12065,12540.5,12899.7,12439.4,12893.4,0.0,4176.82,0.02170011705763586,-0.19285800426462962,0.043564536989508684,-0.5490226480740779,0,0,0.035939436409740795,2624935.288568108,0.00887896225065754,-0.34054427248144525,0.05337838073459313,-0.6182172842281886,0,0,0.03889482638283018,4914996.850763689,0.02772286698125237,-0.017600804608210674,0.022783463608081905,-0.22287718790684224,0,0,0.03570043588192417,0.0,0.5368025012242224,0.4996249262933293,1.9121112846486754
2022-06-03,30452.63,30699.0,29282.36,29700.21,54067.44727,1833.92,1843.7,1736.62,1775.07,37690.3505,12892.2,12942.1,12500.2,12546.6,0.0,4108.54,-0.02470756210795655,-0.2516953892668179,0.04226487459449166,-0.5601651990060692,0,0,0.04769797923987741,2188294.6261882493,-0.032089731285988576,-0.396320933744159,0.051824930081123585,-0.630468588986941,0,0,0.060324381573684506,1174529.5845204222,-0.0268974824328726,-0.07060156892375391,0.022605253958521376,-0.24377983509330248,0,0,0.03522069724068669,0.0,0.5095766394622749,0.46981273379420196,1.8696917086234381
2022-06-04,29700.21,29988.88,29485.0,29864.04,25617.90113,1775.07,1816.0,1748.6,1804.35,22410.5104,12892.2,12942.1,12500.2,12546.6,0.0,4108.54,0.005516122613274499,-0.18299279100986865,0.0401830240462896,-0.5577390163142015,0,0,0.016872466015984477,4644177.8916538125,0.016495124135949446,-0.3432111617884196,0.05124138728135136,-0.624373122490148,0,0,0.037354171862443594,1358613.4077660271,0.0,-0.02766669766576768,0.021170476872470662,-0.24377983509330248,0,0,0.03522069724068669,0.0,0.448927584502168,0.4385857600285716,1.8980680174409288
2022-06-05,29864.03,30189.0,29531.42,29919.21,23139.9281,1804.35,1830.29,1772.96,1805.85,21032.73367,12892.2,12942.1,12500.2,12546.6,0.0,4108.54,0.001847372291223781,-0.16922860339253565,0.04017146357189517,-0.556921995627451,0,0,0.02197852149171057,12525792.96116949,0.000831324299609193,-0.32920147543358513,0.05127872320977245,-0.6240608547392876,0,0,0.03174682282581606,25299970.998294435,0.0,-0.009426811937470414,0.020904997283707177,-0.24377983509330248,0,0,0.03522069724068669,0.0,0.4481508306951144,0.43949054413602867,1.9216192095376003
2022-06-06,29919.2,31765.64,29890.23,31373.1,68836.92456,1805.85,1919.42,1804.15,1859.79,28984.62921,12545.7,12807.5,12525.0,12603.8,0.0,4121.43,0.048593863273796334,-0.11556283633552744,0.04130694408787414,-0.5353911236633448,0,0,0.059777643905128915,1416576.2044146312,0.02986959049754967,-0.29447580461601497,0.05180797126742438,-0.6128317064183514,0,0,0.06198011603460605,970372.1752950037,0.004559004032965053,-0.0049107847781463265,0.02092234047551416,-0.24033222431168338,0,0,0.02241387518050112,0.0,0.44516287980418096,0.4406242950670606,1.9742974928278956
2022-06-07,31373.1,31589.6,29218.96,31125.33,110674.51658,1859.79,1874.78,1725.14,1813.41,53899.168059999996,12600.2,12737.9,12410.9,12679.0,0.0,4160.68,-0.007897530049628454,-0.08558187223841307,0.04072002558279184,-0.5390603862255376,0,0,0.07616433303679027,14013796.180141786,-0.024938299485425697,-0.28009861173416106,0.05148602758947933,-0.6224870252749518,0,0,0.08251856998693062,2161299.990743135,0.0059664545613229425,0.001026369808937222,0.02095020492232367,-0.23579970104633785,0,0,0.025790677498225414,0.0,0.44953110630604665,0.43983186651395817,1.9436566991683837
2022-06-08,31125.32,31327.22,29843.88,30204.77,68542.61276,1813.41,1838.58,1765.44,1791.61,37589.4119,12678.5,12781.4,12578.0,12617.9,0.0,4115.77,-0.0295759113236711,0.004271135654606573,0.035004773456709534,-0.5526930953680983,0,0,0.04910946184989987,2317514.034808508,-0.012021550559443317,-0.19645051623146548,0.04750423086730759,-0.6270253165874548,0,0,0.040823616746948205,3126832.9693246293,-0.0048189920340721,0.033297028162439846,0.01984015839226791,-0.23948237619943108,0,0,0.016119956569635174,0.0,0.34958272057494416,0.36069088051587156,1.76433852599515
2022-06-09,30204.77,30700.0,29944.1,30109.93,46291.1865,1791.61,1833.13,1777.27,1788.71,26248.15665,12615.4,12724.1,12254.1,12294.8,0.0,4017.82,-0.00313990141292253,-0.02924741513552198,0.034529970704607026,-0.5540975949499621,0,0,0.0251046747700842,14742832.01414069,-0.0016186558458591849,-0.2362957112055163,0.04629966013810454,-0.627629034239118,0,0,0.03122920987750956,16215920.48608867,-0.02560647968362406,-0.003307500243198591,0.020355930396808223,-0.2589565552823184,0,0,0.03822754335166087,0.0,0.3351780091944378,0.33552499322324875,1.6963092852257153
2022-06-10,30109.93,30382.8,28850.0,29091.88,76204.2498,1788.71,1804.29,1650.0,1662.87,59383.166730000004,12299.8,12337.9,11821.9,11856.5,0.0,3900.86,-0.03381110484149241,-0.00041437688505396864,0.03317299409101281,-0.5691740479161825,0,0,0.05268824152993891,2253822.453274551,-0.07035237685259221,-0.2030719831304515,0.04385427767279676,-0.6538262167512913,1,0,0.09278536506161034,844081.7630597841,-0.03564921755538919,-0.012904300045789463,0.02084084504566504,-0.2853741742610541,0,0,0.04352043183064142,0.0,0.32017662490195226,0.32999151280210365,1.5917290350288622
2022-06-11,29091.87,29440.41,28099.99,28424.7,65901.39895,1662.87,1681.63,1500.48,1533.14,43532.24848,12299.8,12337.9,11821.9,11856.5,0.0,3900.86,-0.02293354709286577,-0.020842411663896443,0.033445613162141646,-0.5790544151771256,0,0,0.04715687412707956,2873579.4749651277,-0.07801571980972644,-0.21768592932772035,0.044692843870437024,-0.6808332136306954,1,0,0.11815620230376879,557993.2224715627,0.0,-0.0016755919302144928,0.020736572784584205,-0.2853741742610541,0,0,0.04352043183064142,0.0,0.3176037056111629,0.3028486507189627,1.6128796875348945
2022-06-12,28424.71,28544.96,26560.0,26574.53,92474.598809,1533.14,1547.83,1423.8,1434.7,57211.58565,12299.8,12337.9,11821.9,11856.5,0.0,3900.86,-0.06509022082906779,-0.09261840984325842,0.03542429096616363,-0.6064538562502675,1,0,0.07469407737408712,1420713.9478710068,-0.06420809580338394,-0.2859773455696454,0.04543163880003186,-0.701326305227154,1,0,0.08645012894681812,891033.6932410301,0.0,-0.04120168203137631,0.019232364150190407,-0.2853741742610541,0,0,0.04352043183064142,0.0,0.29991232106833665,0.2640806903774707,1.8419094121987492
2022-06-13,26574.53,26895.84,21925.77,22487.41,254611.034966,1434.7,1455.73,1164.58,1209.93,199066.175,11698.4,11737.9,11257.2,11332.1,0.0,3749.63,-0.153798392671479,-0.25258070498831053,0.04443319172466094,-0.6669806206010351,1,0,0.22101567054631902,1655485.5612503453,-0.1566668990032759,-0.41163283764989644,0.05222970833286598,-0.7481185868010666,1,0,0.24063375567181577,1270633.1941216604,-0.044228903976721634,-0.08360828076985283,0.02076931936416986,-0.3169812912869473,0,0,0.04241932210269932,0.0,0.4529996490647279,0.403254409721589,2.1393657419345815
2022-06-14,22485.27,23362.88,20846.0,22136.41,187201.64671,1209.93,1268.46,1075.55,1208.65,172914.42907,11343.0,11506.7,11208.6,11334.1,0.0,3735.48,-0.015608733953799026,-0.2934186305355855,0.04343059821747236,-0.6721786314955328,0,0,0.11369865303362203,11993383.148836702,-0.0010579124412155583,-0.4366082291137411,0.05110702634593582,-0.7483850552818008,0,0,0.15960782691432596,163447169.97525874,0.00017648979447759672,-0.08344654698366483,0.020770134253877442,-0.31686074545542214,0,0,0.026301161980219017,0.0,0.457541960478574,0.4083137658690213,2.0910109090534883
2022-06-15,22136.42,22800.0,20111.62,22583.72,200774.493467,1208.65,1249.11,1014.01,1237.99,211367.87498999998,11338.9,11766.3,11331.7,11598.3,0.0,3789.99,0.02020698026464096,-0.24403453034929012,0.043236173321566054,-0.6655543515718355,0,0,0.11904061864033033,9935893.017097335,0.024275017581599334,-0.3881060295273353,0.05110529190082199,-0.7422770980749734,0,0,0.189904603429753,8707214.61714089,0.023310187840234198,-0.05239550312101715,0.021247597986477445,-0.3009366411109505,0,0,0.03747100868230677,0.0,0.4663595078119191,0.4214854647393672,2.0348725065467477
2022-06-16,22583.72,22995.73,20232.0,20401.31,99673.59429,1237.99,1258.13,1052.05,1068.35,57217.905920000005,11634.9,11745.1,11041.3,11176.6,0.0,3666.77,-0.09663642659402438,-0.32989466554858227,0.04579111267350649,-0.6978739839258548,1,0,0.13546826159692685,1031428.7012541129,-0.13702857050541617,-0.4890868745994854,0.05487554050109403,-0.7775924989122673,1,0,0.1928955866523145,417561.83789511287,-0.036358776717277386,-0.11133197633738301,0.021430098658761002,-0.3263537296880274,0,0,0.06297084981121281,0.0,0.507767081558542,0.46167796074143796,2.1367653054239777
2022-06-17,20400.6,21365.43,20246.66,20468.81,86694.33663,1068.35,1118.27,1050.82,1086.84,45273.82362,11176.8,11368.1,11093.0,11279.7,0.0,3674.84,0.0033086110646816103,-0.28718154629654136,0.04508135496630966,-0.6968743664461436,0,0,0.054657305432020735,26202558.387671582,0.01730706229231993,-0.4324061791708882,0.053938041645688856,-0.7737432784366627,0,0,0.06206065290199114,2615914.630465281,0.00922463003059959,-0.051440536858569974,0.01927109524856259,-0.3201395920729061,0,0,0.024388946514534993,0.0,0.48648447753993707,0.42415602106148337,2.339323789935309
2022-06-18,20468.81,20792.06,17622.0,18970.79,196441.655524,1086.84,1097.57,880.84,994.56,76776.68897,11176.8,11368.1,11093.0,11279.7,0.0,3674.84,-0.07318549539518904,-0.37429842380561773,0.04471673828089683,-0.7190587661047632,1,0,0.16710216074291062,2684160.6744839586,-0.08490670199845418,-0.5075265409602282,0.05353975855817438,-0.7929539904695883,1,0,0.21791546010296,904247.5814090859,0.0,-0.05179935944316938,0.019269894053543582,-0.3201395920729061,0,0,0.024388946514534993,0.0,0.48126588276309457,0.4190058925798823,2.3205480502988687
2022-06-19,18970.79,20815.95,17960.41,20574.0,128320.87595,994.56,1158.37,935.78,1128.13,88650.18128,11176.8,11368.1,11093.0,11279.7,0.0,3674.84,0.08450939576053496,-0.29543532912046533,0.04799334733417725,-0.6953165921840576,0,1,0.13879362301934484,1518421.2312841108,0.13430059523809534,-0.42413259758755695,0.06061712397704798,-0.7651475881479816,0,1,0.1973088207919299,660087.7272506419,0.0,-0.04692015209125466,0.01926023547006832,-0.3201395920729061,0,0,0.024388946514534993,0.0,0.4507901879461508,0.375940188542648,2.491834665802263
2022-06-20,20574.0,21090.0,19637.03,20573.89,109028.94154,1128.13,1170.13,1052.44,1128.42,56447.16916,11294.3,11409.7,11247.4,11394.6,0.0,3674.84,-5.346553903051721e-06,-0.3012787204373162,0.047904553448060376,-0.6953182211903208,0,0,0.07062203598833285,20354306801.222393,0.00025706257257573917,-0.4287551192941068,0.06052104258704356,-0.7650872163828153,0,0,0.1042962726644335,219576785.63071692,0.010186441128753332,-0.03721166032953105,0.019375584046759573,-0.3132142340517865,0,0,0.01424358906850623,0.0,0.45255333808074977,0.37903118447661327,2.4724172756949385
2022-06-21,20573.9,21723.0,20348.4,20723.52,104371.0749,1128.42,1194.96,1109.71,1125.99,43306.75322,11396.1,11652.4,11370.5,11556.4,0.0,3764.79,0.007272810343595726,-0.3159186292704085,0.047450278012265104,-0.6931023283978885,0,0,0.06633043035160043,14350839.147553908,-0.002153453501355984,-0.44882764697244115,0.05982752424302003,-0.765593090139209,0,0,0.07571115196404941,20110279.646128565,0.014199708633914288,-0.023540346430080294,0.019575308787039038,-0.30346207628140226,0,0,0.024393409712367142,0.0,0.46122695985338197,0.384936938637537,2.42398494392246
2022-06-22,20723.51,20900.0,19770.51,19987.99,92133.97938,1125.99,1127.58,1043.84,1049.87,46994.7535,11550.0,11720.8,11295.6,11519.1,0.0,3759.89,-0.035492522505829016,-0.31334339889691043,0.047382103693389306,-0.703994900914213,0,0,0.056508433314205256,2595869.4090050813,-0.0676027318182223,-0.467991953015339,0.06045065955196147,-0.7814396376028662,1,0,0.0797622562793489,695160.4659225905,-0.00322764874874526,-0.04439116656435105,0.019242352789726833,-0.30571025603934615,0,0,0.036912606019567404,0.0,0.49237893669556443,0.39984280583687154,2.462384906217743
2022-06-23,19988.0,21233.0,19890.07,21110.13,83127.08716,1049.87,1154.88,1044.85,1144.71,66812.03194,11518.7,11742.4,11436.4,11662.7,0.0,3795.73,0.056140712497855016,-0.2881325582759897,0.04867488919322877,-0.6873769637485388,0,1,0.0636154301276212,1480691.4386108238,0.09033499385638244,-0.4215948824706429,0.06357104761621193,-0.7616959886084724,0,1,0.09612041477754209,739602.9123574287,0.0124662517036922,-0.012489204247176144,0.019059751988691767,-0.2970550653358407,0,0,0.026237492175911238,0.0,0.538109046720897,0.43586398867151255,2.553803621582881
2022-06-24,21110.12,21558.41,20736.72,21237.69,77430.36622,1144.71,1245.72,1131.99,1224.93,59674.79738,11663.2,12123.8,11661.0,12107.7,0.0,3911.74,0.006042596611200324,-0.28110547133502484,0.04875174103444588,-0.6854879088491026,0,0,0.0386901776982336,12814067.041279553,0.07007888460832867,-0.36946383346716904,0.06548418257953538,-0.7449959092924636,0,1,0.09284612181920601,851537.36675675,0.03815583012509971,0.018223866790009202,0.0202795041847118,-0.27023361782149574,0,0,0.03822360976898992,0.0,0.5246248622140008,0.4816259829328656,2.403989592176648
2022-06-25,21237.68,21614.5,20906.62,21491.19,51431.67794,1224.93,1256.38,1179.27,1242.12,37556.19166,11663.2,12123.8,11661.0,12107.7,0.0,3911.74,0.011936326408380493,-0.26403436827406956,0.04891019355091757,-0.6817337898697432,0,0,0.032938148143495126,4308832.809360991,0.014033454972937065,-0.3070189630836352,0.06451325731152936,-0.7414173208676047,0,0,0.06207934821112303,2676188.078455713,0.0,-0.012132436930909485,0.019475894803713388,-0.27023361782149574,0,0,0.03822360976898992,0.0,0.5466773928706594,0.5637421051126479,2.511318166927581
2022-06-26,21491.18,21888.0,20964.73,21038.07,53278.10464,1242.12,1280.33,1194.66,1197.58,35251.46782,11663.2,12123.8,11661.0,12107.7,0.0,3911.74,-0.021083988369187567,-0.26516881012092297,0.04892226921225276,-0.688444110942435,0,0,0.04388567962745634,2526945.0180693106,-0.035858049141789805,-0.306827653269124,0.06450957439139449,-0.7506895912831498,0,0,0.0715359307937673,983083.5428266983,0.0,-0.047762485253637355,0.018134201060224748,-0.27023361782149574,0,0,0.03822360976898992,0.0,0.602315825607908,0.6341984246051456,2.6977886741132058
2022-06-27,21038.08,21539.85,20510.0,20742.56,64475.0013,1197.58,1238.9,1172.01,1192.29,42354.27194,12114.3,12238.4,11968.3,12048.2,0.0,3900.11,-0.014046440571782393,-0.2855112046192855,0.0487344237289802,-0.6928203622228709,0,0,0.04964912720512794,4590127.660401441,-0.004417241436897701,-0.3347227104571553,0.06389875453403487,-0.7517908555511837,0,0,0.05610212280569333,9588376.968132475,-0.004914228135814436,-0.05244199764058188,0.018142658937951806,-0.27381985630936884,0,0,0.0224182865490281,0.0,0.6035306426406294,0.6371041637145928,2.6861772044484
2022-06-28,20742.57,21212.1,20202.01,20281.29,63801.0832,1192.29,1238.0,1136.1,1144.39,42707.29833,12051.1,12148.1,11636.8,11654.8,0.0,3821.55,-0.022237852994037355,-0.3117544056114917,0.048549967142990945,-0.6996513778505203,0,0,0.0498040312031434,2869029.421446971,-0.04017478969042754,-0.3688526850467959,0.06395120142872666,-0.761762605728656,0,0,0.08904307098104675,1063036.9948098552,-0.03265218040869189,-0.08338183248132136,0.019000421786786674,-0.2975312213703651,0,0,0.0438703366853143,0.0,0.5896733911522067,0.6304188922332534,2.555203359996991
2022-06-29,20281.28,20432.31,19854.92,20123.01,77309.04379,1144.39,1157.04,1087.49,1100.05,57237.75495,11656.3,11724.0,11540.4,11666.8,0.0,3818.83,-0.007804237304431916,-0.3658892514137736,0.04562478384695472,-0.7019953697718341,0,0,0.028693023558602967,9906021.782023404,-0.03874553255446145,-0.4497438924348227,0.060224904085641365,-0.7709932404440863,0,0,0.06322439889095946,1477273.285553959,0.001029618697875545,-0.08903655003865052,0.01892174602430861,-0.2968079463812142,0,0,0.015736963006137104,0.0,0.5948288383998128,0.6335103454563488,2.41123412585708
2022-06-30,20123.0,20179.08,18626.0,19942.21,93846.64806,1100.05,1107.07,996.0,1071.4,96336.21668,11664.8,11672.3,11326.7,11487.6,0.0,3785.38,-0.008984739360562877,-0.37290698668974354,0.04553445589972957,-0.704672863702675,0,0,0.07787903146140783,10445104.731794177,-0.0260442707149674,-0.4482353728814432,0.06021042626766332,-0.7769575544855181,0,0,0.10366809781594169,3698939.422989574,-0.015359824459148963,-0.09207593696157312,0.01898607669630783,-0.3076088528858672,0,0,0.030084612973989216,0.0,0.5973193335465409,0.6315980344769724,2.3983065403669794
2022-07-01,19942.21,20918.35,18975.0,19279.8,111844.59494,1071.4,1118.18,1033.5,1059.36,102957.90468,11483.6,11604.7,11359.5,11589.3,0.0,3825.33,-0.03321647901611702,-0.35315339314489824,0.0447659984543758,-0.714482591328385,0,0,0.10079720743991114,3367140.786183986,-0.011237633003546965,-0.41722320632859866,0.05958685356797214,-0.7794640236324234,0,0,0.07993505512762429,9161877.15230882,0.008853024130366594,-0.07622592781532977,0.019078554588495916,-0.30147909735281364,0,0,0.021157446955381323,0.0,0.5843249709080326,0.6290114530473495,2.346402856814973
2022-07-02,19279.8,19467.39,18977.01,19252.81,46180.3021,1059.36,1078.78,1027.6,1066.93,41836.754909999996,11483.6,11604.7,11359.5,11589.3,0.0,3825.33,-0.00139991078745616,-0.3677782075893633,0.04433795029060662,-0.714882290228791,0,0,0.025470567672978697,32987796.5337708,0.00714582389367191,-0.4182243500261734,0.05956265336523733,-0.7778881123830816,0,0,0.04796940755251053,5854705.767377143,0.0,-0.10114477174368286,0.018218081978320668,-0.30147909735281364,0,0,0.021157446955381323,0.0,0.5729445370445718,0.6368114785030836,2.4337318278647566
2022-07-03,19252.82,19647.63,18781.0,19315.83,51087.46631,1066.93,1087.68,1040.8,1074.08,35840.29446,11483.6,11604.7,11359.5,11589.3,0.0,3825.33,0.003273288418677689,-0.34963995204074305,0.04440302506214868,-0.7139490177314369,0,0,0.044866309136081695,15607335.407762107,0.006701470574451696,-0.39490836981076805,0.05962549352817528,-0.776399636103981,0,0,0.04364665574258911,5348115.847210732,0.0,-0.07629955525799825,0.017674867327017407,-0.30147909735281364,0,0,0.021157446955381323,0.0,0.580302357845617,0.6448143759164906,2.512211215988201
2022-07-04,19315.83,20354.01,19055.31,20236.71,74814.04601,1074.08,1160.86,1045.25,1150.97,64045.03564,11584.6,11596.0,11480.5,11533.8,0.0,3825.33,0.04767488634969341,-0.3223719898580367,0.04566636855836919,-0.700311569661565,0,0,0.06417545144442931,1569254.507891156,0.07158684641739921,-0.36211378058580646,0.061444711812803095,-0.7603927911948821,0,1,0.10044571100897495,894647.9681489945,-0.004788900106132421,-0.08072306441585775,0.017673232381396918,-0.3048242441776364,0,0,0.01001404567445248,0.0,0.5566082645973549,0.6172717216123753,2.5839270221540214
2022-07-05,20236.71,20750.0,19304.4,20175.83,96041.13756,1150.97,1176.78,1076.96,1132.58,67221.40479,11533.5,11792.4,11365.2,11788.2,0.0,3831.39,-0.003008394151025384,-0.32565632581876314,0.04562477595608798,-0.7012131505825252,0,0,0.07165008824915746,31924280.362153254,-0.015977827397760214,-0.3728272004873051,0.0613907506329604,-0.7642211938204294,0,0,0.08813505447738786,4207165.407718015,0.02205691099204099,-0.06044665487064227,0.0182370503063755,-0.2894908144076378,0,0,0.03623962945996835,0.0,0.5475778434557302,0.5957074087094243,2.501761533361712
2022-07-06,20175.84,20675.22,19761.25,20564.51,82439.5808,1132.58,1204.6,1111.61,1186.74,60751.55796,11796.0,11949.7,11704.4,11879.2,0.0,3845.08,0.019264634961733806,-0.34451775565691634,0.044583968595668044,-0.6954571309971311,0,0,0.04444404461861728,4279320.016732895,0.047820021543732105,-0.361895697901376,0.06191399547982169,-0.7529462462293669,0,0,0.07835751723208118,1270420.7002549095,0.00771958399077044,-0.05749059807359669,0.018284800002367405,-0.28400597907324365,0,0,0.02064953868947413,0.0,0.5551776314205713,0.5985221954284422,2.4383063641293283
2022-07-07,20564.51,21838.1,20251.68,21624.98,85014.58261,1186.74,1254.97,1163.03,1237.41,57233.0584,11876.2,12144.2,11812.8,12094.9,0.0,3902.62,0.051567968310453294,-0.305228892352306,0.04611328813953921,-0.6797524739792166,0,1,0.07336053027563486,1648592.5063454886,0.04269679963597772,-0.3176336294605191,0.06268982062889508,-0.7423978416053061,0,0,0.07430035315699732,1340452.808721651,0.018157788403259323,-0.04606830191655498,0.01859638078402891,-0.2710051111432567,0,0,0.02739997850333624,0.0,0.5770341130890373,0.6160271122240496,2.479690208443165
2022-07-08,21624.99,22527.37,21189.26,21594.75,403081.57349,1237.41,1276.4,1193.26,1213.91,77086.99924,12089.4,12186.6,11928.5,12135.0,0.0,3899.38,-0.001397920368018779,-0.28505497641597666,0.046008632421421385,-0.6802001545186487,0,0,0.06196459787679878,288341667.5905457,-0.018991280173911607,-0.3224474076389392,0.0627077289275848,-0.7472900363687841,0,0,0.06848942672850548,4059071.212860232,0.003315447006589478,-0.03827102766704438,0.01860414628918302,-0.2685881672211775,0,0,0.0212690564482901,0.0,0.5770640456193448,0.6143647450409626,2.473029773899077
2022-07-09,21594.75,21980.0,21322.12,21591.83,178417.84468,1213.91,1235.26,1204.52,1216.92,30298.739270000002,12089.4,12186.6,11928.5,12135.0,0.0,3899.38,-0.00013521805068350545,-0.28290002666894276,0.04602747406998918,-0.6802433972303635,0,0,0.030468931998816264,1319384874.50047,0.0024795907439596476,-0.3196661281034936,0.06273321844697285,-0.7466634190820577,0,0,0.02526049370542025,12219200.749882126,0.0,-0.012997364739564587,0.018020768122265815,-0.2685881672211775,0,0,0.0212690564482901,0.0,0.6028984581476525,0.6413190859305465,2.5541335539290233
2022-07-10,21592.15,21607.65,20655.0,20862.47,192188.21556,1216.92,1219.95,1153.32,1168.18,44228.02612,12089.4,12186.6,11928.5,12135.0,0.0,3899.38,-0.0337794434283708,-0.28287652774588645,0.04602690858482421,-0.6910445973044685,0,0,0.04566333708328886,5689500.452324794,-0.04005193439174315,-0.2974916860608465,0.06198099868823632,-0.7568100392000116,0,0,0.05703744285983334,1104266.6415245938,0.0,0.023489225319444973,0.016737586635511073,-0.2685881672211775,0,0,0.0212690564482901,0.0,0.6110608351871721,0.6273982643631881,2.7499114470934196
2022-07-11,20861.11,20868.48,19875.23,19963.61,137535.40724,1168.18,1171.04,1091.68,1096.07,52048.46105,12120.8,12120.8,11830.1,11878.8,0.0,3854.43,-0.04308502301021888,-0.2976668179435491,0.046368626683033404,-0.7043559479387369,0,0,0.04975302563013403,3192185.2585648345,-0.06172850074474834,-0.28508159724487014,0.061431811221400276,-0.771821790876369,1,0,0.07240413477241409,843183.4888293998,-0.02111248454882575,0.0018808248639985425,0.01721425972787082,-0.28403008823954873,0,0,0.024472168905950005,0.0,0.6201588275543113,0.6511151647678521,2.693615669792842
2022-07-12,19963.61,20059.42,19240.0,19328.75,139506.45862,1096.07,1098.2,1033.33,1038.49,75241.71389,11877.3,12003.0,11691.5,11757.9,0.0,3818.8,-0.0318008616678046,-0.27265882030651145,0.04540870413744552,-0.7137576835412464,0,0,0.042393843368039745,4386875.3057243135,-0.052533141131496985,-0.27616226388792087,0.06110784976992129,-0.783808708939393,1,0,0.06246569538464513,1432271.0949065413,-0.010177795736943107,-0.008316113524227231,0.01731845628555857,-0.2913170837552438,0,0,0.02649282609989879,0.0,0.6391014324095827,0.6650293108968579,2.6219818423130623
2022-07-13,19331.28,20366.61,18910.94,20234.87,209250.24888,1038.49,1119.58,1006.39,1115.14,126309.73471,11761.4,11935.2,11458.7,11711.2,0.0,3801.78,0.046879389510444236,-0.10016893897518664,0.03751670808311991,-0.7003388184936047,0,0,0.0719386880172693,4463586.37408274,0.07380908819536058,-0.07834337523658386,0.05617493700683081,-0.7678518268704317,0,1,0.10150295030220415,1711303.0479749101,-0.003971797684960698,0.03345364054323552,0.015215858975692538,-0.29413182892135586,0,0,0.04068754696359041,0.0,0.4667643705815958,0.5351880263309484,2.465630332585876
2022-07-14,20234.87,20900.0,19616.07,20588.84,174809.21696,1115.14,1214.49,1072.1,1193.37,103270.95674,11706.6,11810.2,11487.6,11782.1,0.0,3790.38,0.01749307013091772,-0.06991061332890025,0.037614493578836165,-0.6950968244299996,0,0,0.0623604826692519,9993049.574559351,0.07015262657603505,-0.01264220411202599,0.057665421140609144,-0.7515660227705644,0,1,0.11931756286818013,1472089.4577935017,0.006054033745474419,0.03952673789714223,0.015239918276032782,-0.2898584791937895,0,0,0.027380517904278555,0.0,0.46955326857600255,0.5335508096553894,2.4681542391502562
2022-07-15,20588.84,21200.0,20382.29,20830.04,143343.3049,1193.37,1288.56,1181.06,1231.19,82212.25306,11798.0,11997.5,11707.4,11995.0,0.0,3863.16,0.011715084482661453,-0.07765239739068674,0.03747545660750875,-0.6915248579691653,0,0,0.03925628563363292,12235778.816137644,0.031691763660893324,-0.005492774578146786,0.0577836076902514,-0.7436927118788734,0,0,0.08731389956058772,2594119.6582962913,0.018069783824615326,0.034203288412957056,0.015008464348278844,-0.27702637542793773,0,0,0.024185077115464807,0.0,0.46275063171427405,0.5408253591037879,2.49695310381807
2022-07-16,20830.04,21588.94,20478.61,21195.6,121011.67393,1231.19,1424.7,1191.94,1356.26,80344.57043,11798.0,11997.5,11707.4,11995.0,0.0,3863.16,0.017549654249343627,0.03893328418616249,0.033073112480187065,-0.686111225882007,0,0,0.052384928947517326,6895383.992005769,0.10158464574923443,0.2694903355641878,0.054390354510155114,-0.7176558268121418,0,1,0.17161901110406558,790912.4644605148,0.0,0.0732244152962438,0.013231149068888807,-0.27702637542793773,0,0,0.024185077115464807,0.0,0.30168052766980336,0.38259484957118794,2.499638339165145
2022-07-17,21195.6,21684.54,20750.01,20798.16,118229.4525,1356.26,1387.53,1317.82,1338.85,63980.438369999996,11798.0,11997.5,11707.4,11995.0,0.0,3863.16,-0.018751061541074532,0.016090334513828575,0.03328295070938794,-0.6919969736025459,0,0,0.04493330179208173,6305210.464426869,-0.012836771710439066,0.2318740568988995,0.05451724950584512,-0.721280214507127,0,0,0.05206707248758266,4984149.439728349,0.0,0.06341480713139536,0.013175177256608436,-0.27702637542793773,0,0,0.024185077115464807,0.0,0.3036610046307748,0.38290780110690714,2.5261842629746165
2022-07-18,20799.58,22777.63,20762.45,22432.58,239942.73132,1338.85,1596.99,1335.76,1580.96,88195.77314,12021.9,12160.9,11834.1,11891.6,0.0,3830.85,0.07858483635090807,0.18248001269319847,0.033142184338883426,-0.6677926061775176,0,1,0.08983273435333787,3053295.163912061,0.18083429809164597,0.5896074646074647,0.06013653235922374,-0.6708781177332692,0,1,0.16523504706001418,487715.93217423547,-0.008620258441017103,0.05424789666391838,0.013316595129275025,-0.28325859491778776,0,0,0.027481583638871074,0.0,0.22758694662095358,0.258283523558203,2.4887862947910158
2022-07-19,22432.58,23800.0,21579.54,23396.62,263770.76574,1580.96,1631.84,1493.19,1542.37,77071.83876,11889.5,12304.6,11866.7,12296.2,0.0,3936.69,0.04297499440545827,0.13719354525128802,0.030518408837608174,-0.6535159952865445,0,0,0.09490516151478287,6137771.697505594,-0.024409219714603858,0.36719172435800806,0.056344703496236895,-0.6789117260704018,0,0,0.08989412397803373,3157487.5430783667,0.03402401695314339,0.09011764497282737,0.014545901448713922,-0.25887217320025074,0,0,0.035612628291667316,0.0,0.333285572918504,0.21266206356086087,2.0980747026551203
2022-07-20,23398.48,24276.74,22906.19,23223.3,238762.17094,1542.37,1620.68,1484.03,1521.76,55850.65986,12307.6,12494.1,12212.2,12403.7,0.0,3959.9,-0.007407907637940858,0.12877535555988673,0.03058793011990944,-0.6560827167914856,0,0,0.05901616049398677,32230672.99198099,-0.013362552435537411,0.34857588486556423,0.05649681413077953,-0.6832022849672222,0,0,0.08979733992219541,4179636.961805059,0.008742538345179796,0.08855949309321964,0.01452361320375376,-0.2523928347557741,0,0,0.022727089497488622,0.0,0.3302324480990205,0.2097998058487833,2.10608122303832
2022-07-21,23223.3,23442.77,22341.46,23152.19,184817.68191,1521.76,1605.54,1464.38,1575.22,52267.46876,12413.5,12631.4,12350.3,12547.9,0.0,3998.95,-0.003062010997575748,0.11719389370145605,0.030613709746724185,-0.6571357952949264,0,0,0.04756828619668383,60358071.370615415,0.035130375354852195,0.39896446682474984,0.05659623661000931,-0.6720730623265612,0,0,0.08961287947080399,1487813.7040640472,0.011625563339971112,0.08579661486276002,0.014462234985599341,-0.2437014803028112,0,0,0.022402154942261283,0.0,0.3237319312529148,0.22558695318869143,2.1168020440261888
2022-07-22,23152.19,23756.49,22500.0,22684.83,171598.43966,1575.22,1646.2,1517.0,1535.36,38901.40218,12538.6,12671.1,12320.9,12402.1,0.0,3961.63,-0.020186427288303888,0.13492302127427513,0.03005271169881667,-0.6640569986329675,0,0,0.055388997845696945,8500679.798481572,-0.025304401924810538,0.462428681646299,0.055031002437601804,-0.6803710573594223,0,0,0.0841496456857024,1537336.7417346635,-0.011619474174961453,0.07665529425041884,0.014663561228786282,-0.25248927142099425,0,0,0.028237153385313834,0.0,0.3342839098622157,0.23198316784205233,2.04948107319312
2022-07-23,22684.83,23000.77,21934.57,22451.07,122137.77375,1535.36,1596.54,1487.0,1548.68,29182.63274,12538.6,12671.1,12320.9,12402.1,0.0,3961.63,-0.010304683790885893,0.06352116258876661,0.02853788154372346,-0.667518785033816,0,0,0.04748994145936032,11852634.947583418,0.008675489787411506,0.3529016082675962,0.053118917807020695,-0.6775981197317827,0,0,0.07073120334736677,3363798.4502455015,0.0,0.06339869841460377,0.014549595295875078,-0.25248927142099425,0,0,0.028237153385313834,0.0,0.3133646688465674,0.20768368295012093,1.9614196373982848
2022-07-24,22448.58,23014.64,22257.15,22579.68,115189.67277,1548.68,1664.57,1545.77,1597.91,28829.14461,12538.6,12671.1,12320.9,12402.1,0.0,3961.63,0.00572845748554518,0.06318907564805776,0.028536572487680982,-0.6656141805291398,0,0,0.03354741962685025,20108287.785635807,0.03178836170157817,0.304490868865976,0.05211144377698736,-0.6673494921485479,0,0,0.0743471159201707,906908.5035446701,0.0,0.024315105263592596,0.012863911779090024,-0.25248927142099425,0,0,0.028237153385313834,0.0,0.3415655068125947,0.12605429107411975,2.2183415740343237
2022-07-25,22577.13,22666.0,21250.0,21310.9,180344.76643,1597.91,1609.2,1435.25,1440.58,41395.85891,12425.9,12477.1,12247.9,12304.9,0.0,3966.84,-0.056191230345159826,-0.00838901894218036,0.030403797649117954,-0.6844037311351819,1,0,0.06644487093459216,3209481.857353847,-0.09845986319630029,0.1597752230058287,0.055743053448712054,-0.7001022156437816,1,0,0.12074997570423028,420433.8027885606,-0.007837382378790725,0.016287156107270384,0.012961632799462853,-0.2583477988331164,0,0,0.018626725938447344,0.0,0.36206878532640896,0.16090544095730921,2.3456747049361617
2022-07-26,21310.9,21347.82,20706.5,21254.67,177817.24326,1440.58,1454.26,1356.67,1448.61,40346.61388,12290.6,12313.2,12050.8,12176.9,0.0,3921.05,-0.0026385558563929434,0.010295621223809892,0.030144761417472302,-0.6852364495186509,0,0,0.03017313371602569,67391625.95815797,0.005574143747657079,0.20961438901785256,0.05517032234613855,-0.6984305422841762,0,0,0.06736802866195865,7238159.495862207,-0.010402360035433045,0.005715371210056386,0.013116994370909732,-0.2660627320507257,0,0,0.02154899851357911,0.0,0.36295497610192357,0.16051991472288324,2.298143735038003
2022-07-27,21254.67,23112.63,21042.53,22952.45,210971.19796,1448.61,1644.53,1420.9,1636.11,50110.32076,12171.4,12675.1,12171.4,12566.1,0.0,4023.61,0.07987797505207106,0.10653892287162248,0.03326794377789527,-0.6600937744860005,0,1,0.09019080751728038,2641168.249580552,0.1294344233437572,0.37224165261807096,0.059400168031040014,-0.659397073426639,0,1,0.1366839637921655,387148.29945533106,0.03196215785626899,0.04298567420859545,0.014289582858029662,-0.24260451323593232,0,0,0.04008403561964338,0.0,0.4697676645617693,0.2842156840468664,2.3281239786479446
2022-07-28,22954.31,24199.72,22582.13,23842.93,236029.0741,1636.11,1784.0,1595.4,1724.4,49535.69735,12561.7,12932.8,12434.7,12907.6,0.0,4072.43,0.038796729760875115,0.17561210356934875,0.033479568860586784,-0.6469065245106946,0,0,0.06784359137069144,6083734.755929812,0.053963364321469864,0.5068289656498222,0.05902099175405302,-0.6410169936110017,0,1,0.10937137555091621,917950.3315509262,0.02717629176912495,0.10749219205820792,0.013512302916107399,-0.22202131250301366,0,0,0.03858966810251314,0.0,0.4845881478656282,0.2632864645704509,2.47770822570852
2022-07-29,23845.25,24442.66,23414.03,23773.75,198298.50623,1724.4,1765.2,1655.61,1721.95,42624.81203,12890.4,12992.2,12729.7,12961.3,0.0,4130.29,-0.0029014890367921042,0.18142116909945383,0.033422077288878076,-0.6479310213587897,0,0,0.04326746937273258,68343467.88177422,-0.0014207840408257955,0.5653379391845825,0.0582287806739763,-0.641527030937407,0,0,0.06364296291994549,30000697.360206805,0.0041603396448604,0.11095587479000235,0.013504680835408551,-0.21878465692656357,0,0,0.02025259811901584,0.0,0.4826176472913892,0.26050419500921446,2.4748494946102166
2022-07-30,23777.28,24668.0,23502.25,23643.51,151060.13211,1721.95,1744.24,1673.01,1696.67,31287.60845,12890.4,12992.2,12729.7,12961.3,0.0,4130.29,-0.005478311162521732,0.18560129494173405,0.03337358549417589,-0.6498597647744575,0,0,0.04930528504439485,27574165.082440212,-0.01468103022735845,0.5836008960238939,0.057978076237610955,-0.6467897834319059,0,0,0.041982235791285294,2131157.4633311634,0.0,0.12828615202479177,0.013044365662768998,-0.21878465692656357,0,0,0.02025259811901584,0.0,0.4808741628684246,0.23885069601000783,2.5584655300468024
2022-07-31,23644.64,24194.82,23227.31,23293.32,127743.32483,1696.67,1754.11,1666.51,1678.53,21407.122610000002,12890.4,12992.2,12729.7,12961.3,0.0,4130.29,-0.014811252643960215,0.20817228394485432,0.032787630024163406,-0.6550457802591986,0,0,0.0415359424933843,8624742.39372776,-0.010691531057895776,0.5844755323969191,0.05796898895540688,-0.6505661414323097,0,0,0.05218852209969432,2002248.552765057,0.0,0.11838506208312838,0.013033568651155306,-0.21878465692656357,0,0,0.02025259811901584,0.0,0.5123763607137388,0.2504012798212109,2.5156275879193846
2022-08-01,23296.36,23509.68,22850.0,23268.01,144210.16219,1678.53,1704.67,1606.64,1630.31,25131.95348,12983.6,13094.6,12838.3,12966.8,0.0,4118.63,-0.0010865776110919878,0.2085513750979726,0.03278496624633739,-0.6554205997912207,0,0,0.028351371690144553,132718393.54497439,-0.02872751753021996,0.5280383905223396,0.058546826152728,-0.6606045087299655,0,0,0.06012966859063612,874838.7223217316,0.0004243401510650724,0.11885963776932162,0.013029512141107783,-0.2184531558898694,0,0,0.019765863590091703,0.0,0.512209264147804,0.2533434315208507,2.516206342126832
2022-08-02,23266.9,23459.89,22654.37,22987.79,158073.28225,1630.31,1678.71,1558.18,1630.25,30489.82907,12957.4,13084.7,12804.5,12907.7,0.0,4091.19,-0.012043144213879864,0.19010107253998387,0.032961291894515306,-0.6595704192010672,0,0,0.035041211008104756,13125571.544024475,-3.680281664220075e-05,0.5178105913898408,0.058595938978254755,-0.6606169994399999,0,0,0.07393344579052291,828239505.9944332,-0.004557793750192718,0.11376010630495381,0.01310210416717999,-0.22201528521143737,0,0,0.021707972760445372,0.0,0.5180209586129666,0.2560894972770079,2.515723147725377
2022-08-03,22985.93,23647.68,22681.22,22818.37,145948.80995,1630.25,1684.81,1588.48,1618.65,23862.76783,12910.4,13297.4,12856.5,13235.8,0.0,4155.17,-0.007369999464933441,0.1275731084746483,0.03210153908864278,-0.6620793850294029,0,0,0.04235447141929941,19803069.5407415,-0.0071154730869498195,0.40633552568702935,0.05775873740875807,-0.6630318700466528,0,0,0.05951255676026313,3353639.8777709985,0.0254189359839474,0.14756628344517853,0.013580830462326401,-0.20223974154973728,0,0,0.033311171217455665,0.0,0.5216568394439861,0.25326243309612884,2.363737294292888
2022-08-04,22816.91,23223.32,22400.0,22622.98,154854.67016,1618.65,1662.84,1581.17,1608.2,29571.25863,13234.5,13342.8,13172.3,13314.5,0.0,4151.94,-0.008562837748708585,0.12129116869045764,0.0321622966289311,-0.6649729444273399,0,0,0.03639308349297925,18084482.488124885,-0.006455997281685333,0.41994384502640014,0.057620135415404346,-0.6652073353776462,0,0,0.05078348464121368,4580425.228746096,0.00594599495308179,0.1294769345616802,0.013182992174584116,-0.19749626307922274,0,0,0.012805587892898719,0.0,0.5454106709490595,0.28348581996438577,2.439679232621057
2022-08-05,22622.41,23472.86,22586.95,23312.42,175251.69749,1608.2,1741.84,1605.62,1736.64,35952.92229,13311.1,13369.3,13072.1,13200.6,0.0,4145.19,0.030475207068211052,0.13362389864869129,0.03240618840856601,-0.65476292553531,0,0,0.038001631748226905,5750629.99872137,0.07986568834722063,0.4633702411648719,0.05857144630771519,-0.6384688887639817,0,1,0.07843882439653585,450167.25620669645,-0.008554583348980405,0.11123644689878098,0.013364622207770592,-0.2043613481845798,0,0,0.022514128145690263,0.0,0.5037225445841561,0.23317130069486264,2.4247721826362043
2022-08-06,23313.56,23354.36,22909.52,22954.21,83911.80307,1736.64,1749.99,1684.1,1690.86,20204.7758,13311.1,13369.3,13072.1,13200.6,0.0,4145.19,-0.01536562913674333,0.06146734008540111,0.031354366187942295,-0.6600677103857887,0,0,0.019379451525450023,5461003.107208509,-0.026361249309010626,0.3664508933983075,0.058776148745905636,-0.6479993005202381,0,0,0.03896833563985197,766457.1545371407,0.0,0.09141869713680983,0.013091312739380205,-0.2043613481845798,0,0,0.022514128145690263,0.0,0.4768605747526603,0.22344485426250896,2.3950495157853493
2022-08-07,22954.21,23402.0,22844.62,23174.39,88890.00877,1690.86,1729.71,1668.56,1700.33,16757.08048,13311.1,13369.3,13072.1,13200.6,0.0,4145.19,0.009592140178206865,0.07314926081570738,0.031371968379225866,-0.6568070322127103,0,0,0.02405155000843608,9266953.406542359,0.005600700235383282,0.40070515936107265,0.058498980234425194,-0.6460278501198067,0,0,0.035963607064511065,2991956.3369186223,0.0,0.0878121137206429,0.01310256644416411,-0.2043613481845798,0,0,0.022514128145690263,0.0,0.47458994034948704,0.22574307685869383,2.3943358402002644
2022-08-08,23174.39,24245.0,23154.25,23810.0,170958.44152,1700.33,1818.3,1694.33,1777.21,28021.17873,13275.7,13405.3,13107.9,13199.0,0.0,4140.06,0.027427259142527527,0.10273191295040762,0.03168436900605815,-0.6473941897493152,0,0,0.045810583788324234,6233155.792200956,0.04521475243041073,0.46041646122999036,0.05875673373230622,-0.6300230869957135,0,0,0.06975540313187525,619735.1754999689,-0.00012120661182069004,0.08768026370004112,0.013103507500172315,-0.20445778484979993,0,0,0.022532010000757604,0.0,0.46301874257092335,0.21903419503248797,2.4180048605759095
2022-08-09,23810.98,23933.25,22865.0,23149.95,143182.50858,1777.21,1790.67,1668.64,1702.66,25815.91318,13189.6,13220.5,12951.7,13042.4,0.0,4122.47,-0.027721545569088568,0.10964569391831347,0.031455467853869344,-0.657168967786105,0,0,0.046144808088138416,5165024.31557839,-0.04194777206970468,0.45753222962214735,0.058818199259341016,-0.6455427942134704,0,0,0.07167021014177814,615429.7535231223,-0.011864535192059988,0.0747754429336629,0.013370001231068332,-0.21389652345821888,0,0,0.020609703735508748,0.0,0.4864622421439105,0.2439164131773779,2.3526882147095916
2022-08-10,23151.32,24226.0,22664.69,23954.05,208916.54953,1702.66,1885.0,1655.04,1854.64,35394.03917,13037.1,13394.2,12970.5,13367.3,0.0,4210.24,0.034734416273037194,0.1998856920166241,0.030641629006597674,-0.6452609320018724,0,0,0.06517937467776853,6014682.605889843,0.0892603338305944,0.692081710109756,0.0585527403182574,-0.613903825696305,0,1,0.1239917180692749,396525.9111837359,0.02491105931423654,0.12530727009462228,0.013207592855791447,-0.19431385312695895,0,0,0.031696752522947846,0.0,0.4595799139660839,0.2327392265329188,2.3199992717195856
2022-08-11,23954.05,24918.54,23852.13,23934.39,249759.79557,1854.64,1942.28,1850.45,1880.22,24532.507990000002,13367.6,13561.7,13273.2,13333.4,0.0,4207.27,-0.0008207380380352847,0.2382792472353359,0.02981590186205184,-0.6455520798485558,0,0,0.044555553745050526,304307514.6032364,0.013792434111202123,0.8105326002176236,0.05697892956917941,-0.6085786196516341,0,0,0.04884002935826655,1778691.8541924616,-0.0025360394395277375,0.13399501611682352,0.012996202036662298,-0.19635710497131015,0,0,0.021637391813040936,0.0,0.4351242473708848,0.1964506752298301,2.2941994004053807
2022-08-12,23933.09,24456.5,23583.0,24403.68,174207.5704,1880.22,1964.78,1853.23,1958.2,15267.29034,13331.0,13568.1,13299.6,13566.1,0.0,4280.15,0.019607351597429545,0.20602109131415225,0.0289801219840163,-0.6386022948551687,0,0,0.03579378192141513,8884804.288142366,0.04147387007903336,0.756012697957207,0.05625627057194976,-0.5923448601769101,0,0,0.05696558063527727,368118.20622778434,0.017452412737936296,0.15838684336361775,0.013115159484249538,-0.1823315974733594,0,0,0.019791981483256057,0.0,0.4891946944034167,0.2307350627203198,2.2096643141988777
2022-08-13,24401.7,24888.0,24291.22,24441.38,152852.25435,1958.2,2020.23,1946.86,1983.7,17273.52174,13331.0,13568.1,13299.6,13566.1,0.0,4280.15,0.0015448489735974125,0.1871178755092564,0.028920798493221763,-0.6380439899813153,0,0,0.024416788250090575,98942529.35856204,0.01302216321111227,0.6622673605000966,0.05547582437259994,-0.587036308412285,0,0,0.03698643948177654,1326469.9724052134,0.0,0.1514161312499469,0.013144847096134504,-0.1823315974733594,0,0,0.019791981483256057,0.0,0.49007720477850386,0.23216107569941252,2.200160738280409
2022-08-14,24443.06,25047.56,24144.0,24305.24,151206.14473,1983.7,2029.98,1905.85,1935.65,17626.98501,13331.0,13568.1,13299.6,13566.1,0.0,4280.15,-0.005570061919580649,0.1668359734306799,0.028977821750479475,-0.6400601073692836,0,0,0.037175522644499755,27146174.5760338,-0.02422241266320513,0.57217813659955,0.055954652701636166,-0.5970392853648432,0,0,0.0641283289850955,727713.5427405502,0.0,0.13097957482284284,0.012927718036092455,-0.1823315974733594,0,0,0.019791981483256057,0.0,0.49470662611910876,0.23385065158616652,2.2415247033026486
2022-08-15,24305.25,25211.32,23773.22,24094.82,242539.54758,1935.65,2012.89,1872.58,1899.25,25494.5075,13560.0,13694.0,13484.5,13666.4,0.0,4297.14,-0.008657392397688812,0.13678404951971168,0.02899874281985157,-0.6431762482593698,0,0,0.059685027736251964,28015279.461279124,-0.01880505256632148,0.40035833837169865,0.05393299185964022,-0.6046169827857197,0,0,0.07387653020929323,1355725.7472601465,0.007393429209573865,0.13934139224676945,0.012915534464955207,-0.17628622402237337,0,0,0.015329567406193291,0.0,0.49584918964377966,0.256318533156313,2.245259028648479
2022-08-16,24093.04,24247.49,23671.22,23854.74,179324.94821,1899.25,1915.32,1852.05,1876.78,24578.36941,13664.3,13729.7,13512.5,13652.9,0.0,4305.2,-0.009963967358959214,0.14696396219665586,0.0287975903027555,-0.6467316284746147,0,0,0.024157463045080367,17997325.942211032,-0.01183098591549292,0.4017851140904509,0.05391692767625185,-0.6092947536936071,0,0,0.033711996078389574,2077455.6584720095,-0.0009878241526664056,0.13821592330137555,0.012928490313800925,-0.1770999083851681,0,0,0.01590870804005015,0.0,0.4965675693671894,0.2571139580249064,2.2274501762601675
2022-08-17,23856.15,24446.71,23180.4,23342.66,210668.68766,1876.78,1957.41,1819.13,1834.14,31479.12676,13644.9,13656.7,13388.0,13491.1,0.0,4274.04,-0.021466593222143726,0.040569564445997575,0.025593963521351095,-0.6543150969043994,0,0,0.054248744573240484,9813787.746478966,-0.02271976470337489,0.16014320412913685,0.04390113439929714,-0.6181714849580624,0,0,0.07539228194140031,1385538.684735459,-0.011850962066667137,0.13450671061926056,0.01305357386106456,-0.18685206615555236,0,0,0.019916834060973585,0.0,0.6955759893541001,0.47783764583768823,1.9606848045532705
2022-08-18,23342.66,23600.0,23111.04,23191.2,144185.97011,1834.14,1881.74,1821.26,1846.45,19071.80275,13481.7,13555.9,13391.4,13519.7,0.0,4283.74,-0.006488549291297496,-0.008779900686509357,0.024404809313023614,-0.6565580904373927,0,0,0.02108385939494287,22221569.3248551,0.006711592353909612,0.19715113753509228,0.04352695318808496,-0.6156088076160022,0,0,0.032754745592894485,2841616.9111822275,0.0021199160928315752,0.09950228525886051,0.011786289845639156,-0.18512826076474276,0,0,0.012167429750660147,0.0,0.6564051134754523,0.5963781067306664,2.0706082173917553
2022-08-19,23191.45,23208.67,20783.57,20834.39,283995.87747,1846.45,1847.93,1603.12,1608.72,55727.81937,13513.0,13515.9,13211.8,13231.1,0.0,4228.48,-0.10162518541515753,-0.10286694828039078,0.030652206968071284,-0.6914604381760283,1,0,0.11639889624798223,2794542.006141537,-0.12874976305884267,0.057144359163074254,0.04999743377104124,-0.665099082557348,1,0,0.15217688597145568,432838.1949421429,-0.021346627513924132,0.06670590227109652,0.01255639471846176,-0.20252302425382132,0,0,0.02298372773238811,0.0,0.7095273187333183,0.6702916012837328,2.4411611170037513
2022-08-20,20834.39,21382.85,20761.9,21140.07,183041.68363,1608.72,1656.7,1523.62,1575.82,41175.67445,13513.0,13515.9,13211.8,13231.1,0.0,4228.48,0.014671895841442906,-0.08690840909650444,0.03082449918021772,-0.6869335778619826,0,0,0.02937312884962051,12475658.282441568,-0.020451041822069804,0.0003808991759881586,0.04979769372694467,-0.6719481552262172,0,0,0.0844512698150805,2013376.8574956697,0.0,0.054447357725197154,0.012435251058725356,-0.20252302425382132,0,0,0.02298372773238811,0.0,0.709401842293907,0.6644825229642897,2.4787979146275605
2022-08-21,21140.07,21800.0,21069.11,21515.61,159200.6841,1575.82,1647.03,1562.51,1618.1,26181.95079,13513.0,13515.9,13211.8,13231.1,0.0,4228.48,0.017764368802941632,-0.05154193353002867,0.03085489826855324,-0.6813721504793054,0,0,0.033970219761373224,8961792.915248897,0.026830475561929745,0.053889641517298914,0.04975005085169571,-0.6631463682219683,0,0,0.052234101724244475,975828.437005629,0.0,0.0668435184363938,0.012179816061609488,-0.20252302425382132,0,0,0.02298372773238811,0.0,0.6970070819939496,0.6549167961673531,2.533279056078405
2022-08-22,21516.7,21548.71,20890.18,21399.83,222222.04526,1618.1,1628.88,1530.65,1624.72,34293.28619,13166.8,13206.4,12860.3,12917.3,0.0,4137.99,-0.0053812092708502846,-0.04682360350753878,0.030818395423581762,-0.6830867536170974,0,0,0.030772674362366373,41295853.983085655,0.004091218095297,0.049099878606297054,0.049738900774748594,-0.6617682265481714,0,0,0.06045964843172979,8382149.660494668,-0.023716848939241753,0.0415413518678287,0.013066956080094706,-0.22143666522011676,0,0,0.026793524962647024,0.0,0.6581471737371045,0.6095055486460378,2.3584966268894147
2022-08-23,21400.75,21684.87,20890.14,21529.12,200967.77164,1624.72,1675.76,1563.91,1665.4,29128.46993,12918.5,13002.3,12808.4,12872.5,0.0,4128.73,0.006041636779357429,-0.04652678868788229,0.03082085196344467,-0.6811720788918848,0,0,0.03691418878244906,33263740.66200777,0.025038160421487987,0.04223642132535632,0.049618356238195646,-0.6532995251448401,0,0,0.06716104239221803,1163362.5556363207,-0.003468217042261079,0.03792906040106114,0.013095443178114936,-0.22413689184628,0,0,0.015063119052243126,0.0,0.6545024612584447,0.6060381380233275,2.3535536757866726
2022-08-24,21529.11,21900.0,21145.0,21368.08,174383.22046,1665.4,1694.09,1605.58,1656.18,22119.68571,12873.5,12996.1,12810.7,12939.8,0.0,4140.77,-0.0074801013696795815,0.002683133983079067,0.029051900328784557,-0.6835569440612578,0,0,0.035333076252054466,23312917.661474593,-0.005536207517713443,0.14966194171791924,0.04585122532217772,-0.6552189309201281,0,0,0.053442258691688095,3995450.9806066705,0.005228199650417542,0.05159733114450349,0.01299714747106075,-0.22008052461545888,0,0,0.01432788760259043,0.0,0.6493263387848902,0.6030578983032304,2.2352503148069895
2022-08-25,21368.05,21819.88,21310.15,21559.04,169915.78301,1656.18,1722.32,1654.51,1695.17,15420.88741,12930.9,13146.0,12911.1,13130.1,0.0,4199.12,0.008936694359062525,0.014320147054741605,0.02908557992865304,-0.6807289891882854,0,0,0.023643446090363927,19013248.75290207,0.023542127063483465,0.17020454090472947,0.04596712816757496,-0.6471020511827661,0,0,0.04000188771627621,655033.4563262548,0.014706564243651465,0.07827936502722377,0.012995420925975273,-0.20861058874584118,0,0,0.017890191239975296,0.0,0.6542517843224921,0.6140379417563424,2.2381389347017935
2022-08-26,21559.04,21886.77,20107.9,20241.05,273811.61955,1695.17,1706.0,1488.0,1508.03,43498.518299999996,13142.4,13206.0,12544.5,12546.1,0.0,4057.66,-0.061133983702428396,-0.11813117989582822,0.027214343058615403,-0.7002472979599066,1,0,0.08788427477823527,4478876.693101166,-0.11039600748007583,-0.07828324501408823,0.044644314763265885,-0.6860605757800969,1,0,0.14455945836621287,394022.5317262968,-0.044477955232633426,-0.0015915837053660509,0.014451393897881833,-0.24380997155118378,0,0,0.05272554817831836,0.0,0.6499071994074199,0.6360956735350248,1.883162580668322
2022-08-27,20239.14,20402.93,19800.0,20037.6,162582.46032,1508.03,1518.34,1447.51,1491.06,29203.34765,13142.4,13206.0,12544.5,12546.1,0.0,4057.66,-0.010051356031431258,-0.15959993171980125,0.02601190677631335,-0.7032602190894951,0,0,0.030089930929851894,16175160.650959717,-0.01125309178199374,-0.13531663187195553,0.04340990697022826,-0.6895933649348297,0,0,0.047503118586777145,2595137.608790558,0.0,-0.028006755709814368,0.013513604241829902,-0.24380997155118378,0,0,0.05272554817831836,0.0,0.6094376060096409,0.607334687100381,1.9248667536917226
2022-08-28,20037.6,20171.18,19520.0,19555.61,139307.95976,1491.06,1510.87,1424.4,1426.93,21983.81013,13142.4,13206.0,12544.5,12546.1,0.0,4057.66,-0.024054277957439862,-0.17742846627057152,0.026226542601126574,-0.7103980802605462,0,0,0.03329888456560549,5791398.190895639,-0.04300967097232833,-0.17132901652196642,0.0439882663696677,-0.7029438521766103,0,0,0.06059862782336891,511136.3217072918,0.0,-0.032033823767677494,0.013481645416146439,-0.24380997155118378,0,0,0.05272554817831836,0.0,0.6027983329280874,0.597762090711044,1.9453503143031006
2022-08-29,19555.61,20433.62,19550.79,20285.73,210509.49545,1426.93,1560.0,1422.14,1552.09,34780.91304,12452.8,12599.1,12391.7,12495.1,0.0,4030.61,0.03733557787253883,-0.14201698478779157,0.027402549824284424,-0.6995856252340772,0,0,0.04351975501990799,5638306.705352147,0.08771278198650245,-0.08521397796860919,0.04709669587616403,-0.676888231044827,0,1,0.08882216881752986,396531.8199579396,-0.0040650082495755635,-0.035968614259372034,0.013491713478222934,-0.24688389025507498,0,0,0.01659850661459289,0.0,0.5645314638794632,0.5436649908861071,2.031063701276937
2022-08-30,20287.2,20576.25,19540.0,19811.66,256634.35529,1552.09,1605.68,1473.61,1524.46,42274.16741,12495.8,12648.4,12239.8,12350.9,0.0,3986.16,-0.02336962978408963,-0.14947032024631957,0.027555380026054732,-0.7066061979541755,0,0,0.05230505671912399,10981528.070651742,-0.017801802730511684,-0.0917886484006839,0.047160458386887004,-0.6826402030156737,0,0,0.08663395563019047,2374711.387539964,-0.011540523885363085,-0.047094041492751426,0.013622231232254632,-0.25557524470803805,0,0,0.03308260936449978,0.0,0.5746037930816453,0.5470170564375298,2.0228227907761114
2022-08-31,19813.03,20490.0,19797.94,20050.02,276946.60765,1524.46,1620.0,1524.38,1554.7,34392.11381,12356.6,12502.3,12267.5,12295.0,0.0,3955.0,0.012031298740236895,-0.1383010407851809,0.027723235343955165,-0.7030762894732282,0,0,0.034516673798829195,23018826.43272165,0.019836532280282926,-0.04637768277198806,0.04704861138548445,-0.6763448851583301,0,0,0.06150382710490763,1733775.6411400884,-0.0045259859605372155,-0.05180923589474651,0.013627895030982181,-0.25894450069916586,0,0,0.01909719398129315,0.0,0.5657120920702567,0.5477464327242502,2.034299129684874
2022-09-01,20048.44,20208.37,19565.66,20131.46,245289.97263,1554.7,1599.94,1513.42,1585.37,28744.88661,12264.5,12288.3,12008.2,12280.4,0.0,3966.85,0.004061841334821459,-0.12425422365525363,0.02772937203274467,-0.701870232472522,0,0,0.0319256526849021,60388712.537846215,0.019727278574644513,-0.02752952001226816,0.047193327936807875,-0.6699600505457399,0,0,0.05457401111412477,1457112.8972557236,-0.0011874745831639277,-0.04859889833200348,0.013617251816202412,-0.25982448526929947,0,0,0.022808703299566673,0.0,0.5642884439589706,0.546980062646168,2.0363397874711535
2022-09-02,20132.64,20441.26,19755.29,19951.86,245986.6033,1585.37,1649.0,1546.62,1575.05,35842.59592,12284.8,12451.4,12030.9,12120.3,0.0,3924.26,-0.00892135990136822,-0.12562290820948208,0.02773726361825015,-0.7045299554259459,0,0,0.034381255682427475,27572738.942510884,-0.00650952143663619,-0.026936026936027035,0.04719023239151438,-0.6721084526716588,0,0,0.06500111107583893,5506171.414777239,-0.013037034624279409,-0.08427900089152152,0.012772998969141343,-0.2694741790828874,0,0,0.03469386071301866,0.0,0.6154594277614571,0.5988440892429998,2.171552817762937
2022-09-03,19950.98,20055.93,19652.72,19831.9,146639.03204,1575.05,1582.71,1534.27,1557.6,16144.8997,12284.8,12451.4,12030.9,12120.3,0.0,3924.26,-0.006012472020152426,-0.12337366695280627,0.02772695780190286,-0.7063064608017406,0,0,0.020331385293390906,24389101.131363127,-0.01107901336465511,-0.03146374829001375,0.047220218717861626,-0.6757411675066669,0,0,0.031099126861838765,1457249.3593168436,0.0,-0.08969168951143491,0.01267756753338772,-0.2694741790828874,0,0,0.03469386071301866,0.0,0.6237002732878947,0.6044327820016507,2.187086431053648
2022-09-04,19832.45,20029.23,19583.1,20000.3,145588.77893,1557.6,1583.78,1540.24,1579.44,13678.10641,12284.8,12451.4,12030.9,12120.3,0.0,3924.26,0.00849136996455191,-0.14207534009768186,0.0270671783409689,-0.7038126003042094,0,0,0.022306165407518938,17145479.24339442,0.014021571648690445,-0.09051962410171366,0.0448525856776478,-0.671194549054141,0,0,0.027566732512789318,975503.8163813335,0.0,-0.081837189218672,0.01264562892708039,-0.2694741790828874,0,0,0.03469386071301866,0.0,0.66410332331187,0.6684010967454235,2.1404358053435373
2022-09-05,20000.3,20057.27,19633.83,19796.84,222543.01057,1579.44,1632.02,1557.2,1616.56,18497.92286,12111.5,12159.2,12049.0,12128.3,0.0,3924.26,-0.010172847407288854,-0.13755080222756522,0.027013356654408467,-0.7068256695252766,0,0,0.021389272227284692,21876155.50479926,0.023502000709112014,-0.04394213595448471,0.04484872263909446,-0.6634669631128515,0,0,0.046283466125600005,787078.3095519622,0.0006600496687376722,-0.08123115615956855,0.012651176394735328,-0.2689919957567868,0,0,0.009086186852238214,0.0,0.6662086746478311,0.6775038039539514,2.135242957581419
2022-09-06,19795.34,20180.0,18649.51,18790.61,356315.05718,1616.56,1687.21,1553.95,1559.42,124355.47873,12133.4,12236.9,11925.1,12013.2,0.0,3908.19,-0.05082780888262972,-0.1891648496465279,0.028150620123684217,-0.7217270783639387,1,0,0.0814497240909157,7010237.012191955,-0.03534666204780512,-0.08287214834767365,0.04527776015112004,-0.675362282635623,0,0,0.08545484859755549,3518166.535220448,-0.009490200605196009,-0.08995045679741831,0.0126988142083167,-0.27592940836105884,0,0,0.025954783071954122,0.0,0.6614323030270022,0.6808908598011171,2.2167894965620394
2022-09-07,18790.61,19464.06,18510.77,19292.84,287394.7788,1559.42,1657.34,1490.24,1629.53,170768.52006,12010.0,12300.3,11917.6,12257.5,0.0,3979.87,0.026727711340930327,-0.1897169256614868,0.028121763569216654,-0.7142894800404527,0,0,0.04941159518246152,10752685.391099503,0.04495902322658418,-0.08309653895712943,0.04526861454248177,-0.6607668879604128,0,0,0.10254490558627329,3798313.8827599376,0.020335963773182808,-0.0713311614516251,0.013392285576403979,-0.2612047350402623,0,0,0.03122170099938804,0.0,0.6900481145324087,0.7002117759031308,2.099846393680608
2022-09-08,19292.85,19458.25,19012.0,19319.77,262813.28273,1629.53,1664.63,1595.26,1635.4,197047.08229,12262.1,12374.1,12112.3,12340.6,0.0,4006.18,0.0013958546279344564,-0.165450897302154,0.027868707518072876,-0.7138906696889175,0,0,0.023098101064350146,188279921.6131011,0.0036022656839702627,-0.03950289546944197,0.044637562302208986,-0.6595448801620462,0,0,0.04241775712363954,54700722.42578162,0.006779522741178878,-0.0538091148868306,0.01336936819927728,-0.2561960557403925,0,0,0.021214527656678046,0.0,0.6840473964616085,0.6906161645950072,2.0845178513671936
2022-09-09,19320.54,21597.22,19291.75,21360.11,428919.74652,1635.4,1746.6,1630.51,1718.35,202198.77292,12337.9,12608.5,12324.8,12585.9,0.0,4067.36,0.10560891770450676,-0.10828816003974273,0.0337840419093885,-0.6836749729696029,0,1,0.10793343292707767,4061396.6626014356,0.05072153601565366,-0.07348595953931769,0.042471655869905964,-0.6422764735394717,0,1,0.06755899554805478,3986447.354297866,0.019877477594282267,-0.05845608312823081,0.013050965258018589,-0.2414111095038334,0,0,0.022541097577447836,0.0,0.6829913181889358,0.6632163068244361,2.5886220180083024
2022-09-10,21361.62,21810.8,21111.13,21648.34,307997.33504,1718.35,1789.19,1706.35,1774.01,169663.74177,12337.9,12608.5,12324.8,12585.9,0.0,4067.36,0.013493844366906371,-0.09551319252339419,0.03392048174261676,-0.6794065322854973,0,0,0.03231979911623701,22825008.086300556,0.03239153839439002,-0.05648807054493621,0.042838818971261246,-0.6306892581975488,0,0,0.04669646732543793,5237901.557042717,0.0,-0.05606221968890157,0.013055067307268206,-0.2414111095038334,0,0,0.022541097577447836,0.0,0.6825606803440734,0.6618459348656371,2.5982597378976897
2022-09-11,21647.21,21860.0,21350.0,21826.87,280702.55149,1774.01,1789.73,1719.99,1766.12,177404.02113,12337.9,12608.5,12324.8,12585.9,0.0,4067.36,0.008246821696259232,-0.10559104200677938,0.03372475834741715,-0.6767626551202703,0,0,0.023365695585303804,34037623.39630707,-0.00444755102846095,-0.09809008272903696,0.042081906328513635,-0.6323317865670741,0,0,0.039487690530654776,39887934.08224227,0.0,-0.07225363221559633,0.012544696239022286,-0.2414111095038334,0,0,0.022541097577447836,0.0,0.6803631960993785,0.6454630627727721,2.688365730120565
2022-09-12,21826.87,22488.0,21538.51,22395.74,395395.61828,1766.12,1783.1,1693.26,1716.23,258134.03809,12624.4,12779.2,12571.3,12776.7,0.0,4110.41,0.02606282989727804,-0.08369576513273802,0.034137278807415,-0.668338175184222,0,0,0.04239600924104323,15170857.045447854,-0.028248363644599372,-0.13483389625447395,0.042229667244232695,-0.6427178119606876,0,0,0.05234729610833042,9138014.150395203,0.015159821705241772,-0.05818916269229912,0.01294449588428735,-0.22991103717633443,0,0,0.01627180727417889,0.0,0.6896162096348362,0.5937777586524076,2.6372021545335644
2022-09-13,22395.44,22799.0,19860.0,20173.57,431915.03333,1716.23,1760.35,1561.21,1574.18,332109.74931,12775.1,12863.2,12010.1,12053.2,0.0,3932.69,-0.0992228879242214,-0.16999091553920065,0.0384519837750698,-0.7012466192566608,1,0,0.14568566693946586,4352977.411119987,-0.08276862658268413,-0.18674347118538992,0.044492230236805964,-0.6722895679671577,1,0,0.1265039576160286,4012507.188978875,-0.056626515453912174,-0.11152062862576562,0.016339182852809987,-0.2735184917305559,1,0,0.07077788471111408,0.0,0.7665867604776805,0.64770948456583,2.353358829989995
2022-09-14,20173.62,20541.48,19617.62,20226.71,340826.40151,1574.18,1646.95,1551.88,1638.37,283611.57716,12057.8,12178.6,12008.9,12175.7,0.0,3946.01,0.0026341396193136912,-0.1605369950885709,0.03847491709184765,-0.7004596611400408,0,0,0.0456752482237596,129387639.56726189,0.040776785373972446,-0.13735948400684483,0.045219055836047975,-0.6589265900153427,0,0,0.05802718555637612,6955219.863624382,0.010163276142435285,-0.10907773810220678,0.016412288923191125,-0.2661350595496408,0,0,0.013937597017009348,0.0,0.7707885513868651,0.6712014009403994,2.3442734788044417
2022-09-15,20227.17,20330.24,19497.0,19701.88,333069.76076,1638.37,1654.92,1457.57,1472.75,382397.35537,12166.8,12194.3,11866.2,11902.9,0.0,3901.35,-0.02594737354715615,-0.1740895100931723,0.03865499550688003,-0.7082319462048818,0,0,0.04229241067349926,12836352.465160388,-0.10108827676288012,-0.21527829580451618,0.04857170702408672,-0.693405113280331,1,0,0.13400101850280097,3782805.7791401534,-0.022405282653153447,-0.12817789627112186,0.016752107876222687,-0.2825775109696707,0,0,0.027564711120819176,0.0,0.7724997912596377,0.6874222975963684,2.3074691685249804
2022-09-16,19701.88,19890.0,19320.01,19803.3,283791.07064,1472.75,1483.13,1405.39,1434.07,422767.44967,11881.1,11889.4,11708.9,11888.5,0.0,3873.33,0.005147732094602064,-0.151626249964657,0.03858414925465365,-0.7067300024301811,0,0,0.028782576641266943,55129232.472152025,-0.026263792225428628,-0.21812402542881137,0.0486158886077821,-0.7014574576825153,0,0,0.05420934821870621,16096962.886077337,-0.0012097892110325414,-0.11878942413887672,0.016702001436929067,-0.28344544095665175,0,0,0.015182739622324094,0.0,0.7712896160424425,0.6812627247451177,2.3101498523310773
2022-09-17,19803.3,20189.0,19748.08,20113.62,179350.24338,1434.07,1476.36,1409.16,1468.92,258055.61468,11881.1,11889.4,11708.9,11888.5,0.0,3873.33,0.015670115586796207,-0.13270464659008596,0.03876110191652002,-0.7021344276701228,0,0,0.02192146416209505,11445360.944083445,0.024301463666348333,-0.2044626174551165,0.04889203095620446,-0.6942024369375277,0,0,0.04574789641369156,10618928.63877406,0.0,-0.12065356479803546,0.016679383780261,-0.28344544095665175,0,0,0.015182739622324094,0.0,0.7739003624167673,0.680184904645226,2.3238915291028928
2022-09-18,20112.61,20117.26,19335.62,19416.18,254217.46904,1468.92,1469.76,1323.78,1334.63,324582.12898,11881.1,11889.4,11708.9,11888.5,0.0,3873.33,-0.03467501126102601,-0.06807062745777526,0.03465623844368325,-0.7124629197449331,0,0,0.04025714635937653,7331429.363122988,-0.0914209078778967,-0.17037769158088412,0.046063999694485165,-0.7221587277795473,1,0,0.10937862928302226,3550414.2434176533,0.0,-0.10147304456923467,0.016372513399336652,-0.28344544095665175,0,0,0.015182739622324094,0.0,0.7690832457813109,0.621907973704734,2.1167316484084164
2022-09-19,19417.45,19686.2,18232.56,19537.02,380512.40306,1334.63,1392.79,1279.98,1376.06,393496.81842,11850.3,11997.7,11724.5,11977.3,0.0,3899.89,0.006223675305853105,-0.07582992866154181,0.034552245255454105,-0.7106733823190325,0,0,0.0744043871583281,61139402.83936668,0.031042311352209806,-0.12676574735693158,0.04643217960546474,-0.7135338925007859,0,0,0.08198043689955377,12676140.226606738,0.007469403204777736,-0.09476158444876093,0.01648286374062914,-0.2780932060369353,0,0,0.022809815233817365,0.0,0.7682200183121332,0.632402476633518,2.096251284767486
2022-09-20,19537.02,19634.62,18711.87,18875.0,324098.3286,1376.06,1385.41,1311.96,1322.8,302716.42737,11977.0,12025.2,11761.7,11880.9,0.0,3855.93,-0.03388541343562124,-0.12272996210658216,0.03481689060544083,-0.7204773343770821,0,0,0.04888741721854305,9564535.299839264,-0.03870470764356204,-0.18249799147147883,0.04650071006725707,-0.7246214794413322,0,0,0.05552615663743578,7821176.4818378,-0.008048558523206406,-0.1020474488137797,0.01649483311558492,-0.28390351511644735,0,0,0.022178454494188152,0.0,0.7665234942423508,0.6336172485803729,2.1107742802685148
2022-09-21,18874.31,19956.0,18125.98,18461.36,385034.10021,1322.8,1409.0,1218.75,1245.8,512883.74799,11877.0,12067.8,11580.0,11597.3,0.0,3789.93,-0.021914701986754936,-0.13731277304539335,0.034973815098924936,-0.7266029902927517,0,0,0.09912704156140179,17569662.811115716,-0.0582098578772301,-0.23322172435865873,0.04743385160221419,-0.7406512239854941,1,0,0.1527131160699952,8810941.627143329,-0.023870245520120514,-0.10218853785233761,0.016501355607633054,-0.300996914026713,0,0,0.04206151431798775,0.0,0.7829676895981433,0.6768813973243831,2.1194497431622907
2022-09-22,18461.36,19550.17,18356.39,19401.63,379321.72111,1245.8,1349.63,1237.06,1326.57,567861.68319,11591.6,11727.0,11442.2,11497.3,0.0,3757.99,0.050931784007245406,-0.09881918071895168,0.03636499244999737,-0.7126783928461152,0,1,0.06152988176766585,7447641.075750027,0.06483384170813933,-0.2034526239942357,0.04891423774217076,-0.72383664649417,0,1,0.08485794191034032,8758721.998290747,-0.008622696662154095,-0.10683239463973593,0.01652833855781053,-0.30702420560297033,0,0,0.024771033199098857,0.0,0.735848592120001,0.6396431146345724,2.2001588557262703
2022-09-23,19401.63,19500.0,18531.42,19289.91,385886.91829,1326.57,1359.65,1261.7,1327.38,462941.79658,11511.8,11532.6,11161.9,11320.6,0.0,3693.23,-0.00575827907242854,-0.097255813344016,0.03635874587182769,-0.714332870843646,0,0,0.05021174282306148,67014162.26873331,0.000610597254574019,-0.19852914538274824,0.0489307238575321,-0.7236680219087054,0,0,0.07379198119604034,758166224.0534046,-0.015368825724300428,-0.12513330963384284,0.016575659274940636,-0.3176744298182169,0,0,0.03274561419006066,0.0,0.7382737100445325,0.6339817552638717,2.1935009240800567
2022-09-24,19288.57,19316.14,18805.34,18920.5,239496.56746,1327.38,1349.44,1306.31,1316.97,169925.6421,11511.8,11532.6,11161.9,11320.6,0.0,3693.23,-0.019150426310957425,-0.12238671109659804,0.0364086268794441,-0.7198035181500175,0,0,0.026997172379165418,12506063.233816022,-0.007842516837680336,-0.22310446739855005,0.048608105594728286,-0.7258351600996757,0,0,0.03274941722286773,21667205.68727574,0.0,-0.13781311642714067,0.016207209266006203,-0.3176744298182169,0,0,0.03274561419006066,0.0,0.7360864071986849,0.6269792851562189,2.2464450120576385
2022-09-25,18921.99,19180.21,18629.2,18807.38,191191.4492,1316.97,1337.58,1269.0,1294.61,193843.76288,11511.8,11532.6,11161.9,11320.6,0.0,3693.23,-0.005978700351470523,-0.07082982355164369,0.03476388726987794,-0.7214787289545348,0,0,0.02929754170969047,31978710.78550821,-0.016978367009119477,-0.14152238350695945,0.044596729532029755,-0.7304900313725001,0,0,0.05297348236148333,11417096.155650333,0.0,-0.09767975705597753,0.01438435804412045,-0.3176744298182169,0,0,0.03274561419006066,0.0,0.7050743350978831,0.5399398380944362,2.416782382322839
2022-09-26,18809.13,19318.96,18680.72,19227.82,439239.21943,1294.61,1340.39,1278.17,1336.39,316381.54944,11297.6,11471.5,11191.9,11249.6,0.0,3655.04,0.022355054239346472,-0.040413023515790236,0.035003321673991124,-0.7152523708335018,0,0,0.03319357056598189,19648309.42676999,0.0322722673237501,-0.10373157351146156,0.04506149552201794,-0.7217923336185378,0,0,0.04655826517708156,9803508.635790186,-0.006271752380615836,-0.10333888618773956,0.014380041270074341,-0.3219538068373596,0,0,0.024854217038828078,0.0,0.6978875053196703,0.5305630777949181,2.4341583361969588
2022-09-27,19226.68,20385.86,18816.32,19079.13,593260.74161,1336.39,1400.21,1303.53,1327.9,338194.64605,11249.5,11502.6,11169.0,11287.3,0.0,3647.29,-0.007733065942992945,-0.02436538671000288,0.034755101857692663,-0.7174543430269572,0,0,0.08226475735528825,76717304.47022991,-0.006352935894461953,-0.0694007414519282,0.04442172733451163,-0.7235597690884071,0,0,0.07280668725054602,53234302.89951219,0.003351230265964844,-0.10033396832481811,0.014421345766661039,-0.3196815179131106,0,0,0.02955534095842233,0.0,0.7030916240091781,0.5427340698962357,2.4099746528713144
2022-09-28,19078.1,19790.0,18471.28,19412.82,521385.45547,1327.9,1355.64,1252.29,1337.05,393517.39316000004,11292.0,11548.6,11080.0,11475.3,0.0,3719.04,0.017489791201171112,-0.04303074131421447,0.034199694126575274,-0.712512678481701,0,0,0.06793036766425492,29810828.006157562,0.006890579109872563,-0.1385486666365997,0.04116043617713501,-0.7216549358081593,0,0,0.07729703451628596,57109397.597976625,0.01665588759047787,-0.08161599346944015,0.014878147992416926,-0.3083502097497469,0,0,0.04083553371153699,0.0,0.7192690174665181,0.5835533729609946,2.29865109269616
2022-09-29,19412.82,19645.52,18843.01,19591.51,406424.93256,1337.05,1352.24,1288.27,1335.78,275204.95566,11476.2,11500.6,11027.9,11168.5,0.0,3640.47,0.009204742020994416,-0.01111214305111241,0.03397808577508416,-0.7098664318528185,0,0,0.04096213104553973,44153816.59745058,-0.0009498522867507075,-0.12376841635726754,0.0410821823674332,-0.7219193225038878,0,0,0.047889622542634284,289731426.85917354,-0.026735684470122756,-0.09573391412771537,0.015436767726712286,-0.32684194030570424,0,0,0.042324394502395196,0.0,0.6698737457242262,0.5532752248923011,2.2011125881722977
2022-09-30,19590.54,20185.0,19155.36,19422.61,444322.9534,1335.78,1373.47,1313.84,1329.03,235195.05635,11157.5,11293.0,10961.2,10995.1,0.0,3585.62,-0.008621081274490683,-0.03129223811248072,0.03393900787212967,-0.7123676969242733,0,0,0.053012442714959494,51539061.500801675,-0.0050532273278534046,-0.1451534058017624,0.040844084543250864,-0.7233245273827591,0,0,0.044867309240574034,46543441.578254536,-0.01552580919550517,-0.10572590483936561,0.015598363650455712,-0.3372932638989344,0,0,0.030177078880592196,0.0,0.6712554322842645,0.5528756468046941,2.175804262205126
2022-10-01,19422.61,19484.0,19159.42,19310.95,165625.13959,1329.03,1333.94,1302.3,1311.84,94775.08167,11157.5,11293.0,10961.2,10995.1,0.0,3585.62,-0.005748969886127497,-0.040757600293272245,0.03394077758301186,-0.7140212863729332,0,0,0.016808080389623593,28809483.224956073,-0.01293424527663034,-0.17253385644991392,0.04061379644309209,-0.726903115807618,0,0,0.02411879497499703,7327447.9004013445,0.0,-0.10466271456955789,0.015606196878730345,-0.3372932638989344,0,0,0.030177078880592196,0.0,0.66896350404274,0.5509658975372774,2.174825557981655
2022-10-02,19312.24,19395.91,18920.35,19056.8,206812.47032,1311.84,1318.21,1268.52,1276.86,133923.3291,11157.5,11293.0,10961.2,10995.1,0.0,3585.62,-0.01316092683166814,-0.04486098037977415,0.033984429283653486,-0.7177850312983934,0,0,0.024954871751815693,15714114.653476886,-0.026664837175265244,-0.18932097393733538,0.04079777744873132,-0.7341851997576803,0,0,0.03891577776733554,5022467.528868102,0.0,-0.09283598590793951,0.015514406004531711,-0.3372932638989344,0,0,0.030177078880592196,0.0,0.6642914381244001,0.5475617359280288,2.1905065117324907
2022-10-03,19057.74,19719.1,18959.68,19629.08,293585.75212,1276.86,1330.02,1262.56,1322.96,197376.21187,10968.2,11296.3,10830.1,11248.0,0.0,3678.43,0.03003022543134226,-0.010226957578446827,0.03443416906020098,-0.7093100521681851,0,0,0.038688517240746796,9776338.676771993,0.03610419309869539,-0.15064201335387772,0.041504460605070286,-0.7245881708812404,0,0,0.050991715546955335,5466848.59185085,0.023001155059981127,-0.07197016575497306,0.01622613945382222,-0.3220502435025797,0,0,0.04144736842105253,0.0,0.6761086951676698,0.5700855617503354,2.122140508948023
2022-10-04,19629.08,20475.0,19490.6,20337.82,327012.00127,1322.96,1369.77,1318.61,1361.26,142904.18062,11247.6,11611.6,11219.8,11581.7,0.0,3790.93,0.03610663362725086,0.016875746863797003,0.03502662975703614,-0.6988142167226971,0,0,0.048402434479211706,9056837.424323577,0.028950232811271626,-0.1381375677455301,0.04182338149823721,-0.716614934309274,0,0,0.03758282767436058,4936199.725563649,0.02966749644381239,-0.04443784394775696,0.01724672640577385,-0.30193717151260907,0,0,0.03382923059654464,0.0,0.6882523831079538,0.580784475189144,2.0309134976580236
2022-10-05,20337.82,20365.6,19730.0,20158.26,312239.75224,1361.26,1364.7,1316.1,1352.45,146447.26953,11578.9,11648.2,11307.5,11565.7,0.0,3783.28,-0.00882887153097045,0.01825644900903378,0.035012503611624876,-0.7014733473102072,0,0,0.0315304991601457,35365720.011612765,-0.006471945109677746,-0.1633777898747958,0.04149858175940034,-0.718448986899327,0,0,0.03593478501977902,22627979.806443986,-0.0013814897640243018,-0.04638737498247891,0.017242473551465694,-0.30290153816481025,0,0,0.029457793302610367,0.0,0.6900246026820227,0.5826816527238643,2.030595158007191
2022-10-06,20158.26,20456.6,19853.0,19960.67,320122.1702,1352.45,1384.0,1345.26,1351.92,300150.15653,11564.1,11667.9,11444.0,11444.0,0.0,3744.52,-0.00980193727037948,0.0622683350886426,0.033686572940710126,-0.7043994868334088,0,0,0.030239465909711376,32659038.185950838,-0.0003918814004214566,-0.13306229239076062,0.0411082506361453,-0.7185593215046309,0,0,0.028655541748032434,765901359.9359562,-0.010522493234304986,-0.04738121399793571,0.0172601210162064,-0.3102367520131154,0,0,0.019564837469416257,0.0,0.6976129008340003,0.5737549726892825,1.9516985652704555
2022-10-07,19960.67,20068.82,19320.0,19530.09,220874.83913,1351.92,1361.76,1317.44,1331.22,309842.44966,11431.6,11503.1,10983.4,11035.7,0.0,3639.66,-0.02157142019781888,0.01229730822419084,0.03364602083671025,-0.7107760097136163,0,0,0.038341861199820367,10239230.181053687,-0.015311556896857814,-0.18306505556817,0.040097874861742794,-0.722868616466503,0,0,0.03329276903892665,20235842.075939644,-0.03567808458580912,-0.09967774831735665,0.0178397507889523,-0.3348461835189739,0,0,0.04709261759562155,0.0,0.6877357191147402,0.5311024069160832,1.8860130040278538
2022-10-08,19530.09,19627.38,19237.14,19417.96,102480.09842,1331.22,1337.91,1303.35,1315.53,147838.91864,11431.6,11503.1,10983.4,11035.7,0.0,3639.66,-0.005741396993050318,0.005082358640915441,0.03366801094852665,-0.7124365594617645,0,0,0.020096858784342003,17849300.44918379,-0.011786181097038884,-0.1955912926501162,0.04007027729679405,-0.7261349371405018,0,0,0.026270780597934043,12543400.783408515,0.0,-0.10574040160121867,0.017749880589308265,-0.3348461835189739,0,0,0.04709261759562155,0.0,0.6891254987860472,0.5283701510004181,1.8968010410614442
2022-10-09,19416.52,19558.0,19316.04,19439.02,113900.82681,1315.53,1328.97,1307.13,1323.29,93568.70655,11431.6,11503.1,10983.4,11035.7,0.0,3639.66,0.0010845629510001231,-0.08993820724706003,0.027231984778925796,-0.7121246788080946,0,0,0.01244712953636547,105019055.38485725,0.0058987632361100495,-0.22990659644426337,0.038677105313591045,-0.7245194719760512,0,0,0.016504318781219475,15862401.01199482,0.0,-0.1231695786554795,0.017207372478072604,-0.3348461835189739,0,0,0.04709261759562155,0.0,0.6929124724402426,0.4959812829765977,1.5825756656265155
2022-10-10,19439.96,19525.0,19020.25,19131.87,212509.09849,1323.29,1338.35,1287.0,1290.1,152303.51416,10982.2,11077.7,10820.8,10937.2,0.0,3612.39,-0.015800693656367493,-0.11624309300389779,0.02715384684662579,-0.7166733085694764,0,0,0.02638267979031846,13449343.973004732,-0.025081425840140947,-0.2727774927988005,0.03802911489766313,-0.7314289164100867,0,0,0.039803116037516406,6072360.256036446,-0.008925577897188175,-0.13099579688381435,0.017208935635304665,-0.34078306572158734,0,0,0.023488644259956976,0.0,0.6936467854308865,0.49875376185423903,1.5778913724335826
2022-10-11,19131.87,19268.09,18860.0,19060.0,243473.84286,1290.1,1298.11,1266.64,1279.93,159109.39367,10928.3,10988.8,10718.3,10830.3,0.0,3588.84,-0.003756559081783406,-0.126764396360999,0.027059322925890406,-0.7177376420252813,0,0,0.021410807974816377,64812821.90195007,-0.007883109836446689,-0.27528706996127095,0.038017478138661194,-0.7335460917609194,0,0,0.024587282116990617,20183556.38009918,-0.009773982372088041,-0.1394894286463424,0.01721285098466082,-0.3472262404166065,0,0,0.024976224111982127,0.0,0.6916098386937294,0.4969055143998866,1.572040984354909
2022-10-12,19060.0,19238.31,18965.88,19155.53,213826.26731,1279.93,1306.81,1275.24,1294.42,148551.93265,10820.4,10926.9,10756.4,10804.0,0.0,3577.03,0.005012067156348277,-0.14467974713048115,0.026516462337851918,-0.7163229241314027,0,0,0.01422200273237025,42662205.83599128,0.011320931613447716,-0.2457770811604505,0.03804741016786708,-0.730529585287609,0,0,0.024389301772222257,13121870.75265372,-0.002428372251922828,-0.15439824054724616,0.0168024490219418,-0.34881141810116206,0,0,0.015781192151055164,0.0,0.6769864690491479,0.5324141834321761,1.5781298620175122
2022-10-13,19155.1,19513.79,18190.0,19375.13,399756.68337,1294.42,1301.19,1190.0,1286.95,231899.12603,10808.5,11094.4,10437.1,11018.0,0.0,3669.91,0.011464052417239357,-0.03957851783298638,0.01977580840642002,-0.7130708352640759,0,0,0.06832418672803747,34870421.04453796,-0.0057709244294742446,-0.18246325070830527,0.03537771048306023,-0.7320846786868933,0,0,0.08639807296320762,40183982.13738272,0.019807478711588278,-0.0858859058175423,0.014395169841276267,-0.3359130141279715,0,0,0.05965692503176614,0.0,0.49006064917251485,0.4030200975370019,1.3737798780196908
2022-10-14,19375.58,19951.87,19070.37,19176.93,351634.32601,1286.95,1343.4,1283.09,1296.18,210475.5042,11022.4,11206.7,10680.4,10699.6,0.0,3583.07,-0.010229608781979871,-0.05190067984363245,0.019830149612513084,-0.7160060083674648,0,0,0.045966690184508156,34374137.83487479,0.007171995804032827,-0.2088600255131624,0.034360585254695805,-0.7301631911265996,0,0,0.04652903146167984,29346811.74988026,-0.028898166636413092,-0.12123327611554169,0.014930536279370828,-0.3551039105067747,0,0,0.04918875471980271,0.0,0.4909618667417585,0.33287754503338024,1.3281596829388567
2022-10-15,19176.93,19227.68,18975.18,19069.39,113847.64232,1296.18,1301.62,1263.59,1275.07,78630.92763,11022.4,11206.7,10680.4,10699.6,0.0,3583.07,-0.005607779764540077,-0.032103027731363754,0.019309390090133268,-0.7175985841269926,0,0,0.01324111573574194,20301695.87310433,-0.016286318258266652,-0.1342250891189951,0.029516416965479082,-0.7345578392737069,0,0,0.029825813484749837,4828032.83730256,0.0,-0.10109301094691203,0.014543340695806655,-0.3551039105067747,0,0,0.04918875471980271,0.0,0.459204728988829,0.2522893612685903,1.3277126086013193
2022-10-16,19068.4,19425.84,19063.74,19262.98,131894.61885,1275.07,1315.45,1274.49,1305.94,90533.13628,11022.4,11206.7,10680.4,10699.6,0.0,3583.07,0.010151871664484391,-0.02728434149863912,0.019384974140689418,-0.7147316811951813,0,0,0.01879771457998703,12992135.173464797,0.024210435505501726,-0.08934710300055082,0.029663319084247654,-0.728131368961002,0,0,0.03136438121200058,3739424.632207892,0.0,-0.10000420574504776,0.014551423385724177,-0.3551039105067747,0,0,0.04918875471980271,0.0,0.46013768302775027,0.2625070333149033,1.3321693902476461
2022-10-17,19262.98,19676.96,19152.03,19549.86,222813.87634,1305.94,1338.69,1295.55,1331.59,170826.67395,10675.7,11101.2,10675.7,11090.2,0.0,3677.95,0.01489281513036933,-0.02802876856577774,0.01936278891228747,-0.7104832328606697,0,0,0.026850831668359786,14961155.750472065,0.019641024855659328,-0.09349045557280189,0.02952902731146744,-0.7227915904212908,0,0,0.03239735954760858,8697437.543662744,0.0365060376088826,-0.06714892543214024,0.01627068838954377,-0.3315613096099137,0,0,0.03836720708373158,0.0,0.4742714775151014,0.29359530715613247,1.1900404302700862
2022-10-18,19548.48,19706.66,19091.0,19327.44,260313.07848,1331.59,1342.0,1286.7,1310.85,202471.28555,11119.0,11387.5,11038.5,11280.5,0.0,3719.98,-0.011377063569764756,-0.004570414983791959,0.018399165152020086,-0.7137770835249266,0,0,0.03185419279532105,22880495.312238935,-0.015575364789462198,-0.017817672313675148,0.02450231239155591,-0.7271092125231858,0,0,0.042186367624060694,12999448.69942941,0.01715929379091441,-0.05114185978046015,0.016647445420811965,-0.3200913737402961,0,0,0.030938344931518993,0.0,0.4715537344107839,0.33769463324137183,1.1052238727738657
2022-10-19,19327.44,19360.16,19065.97,19123.97,186137.29538,1310.85,1313.68,1280.1,1284.99,165295.28907,11285.0,11339.8,11008.7,11107.7,0.0,3695.16,-0.01052751942316199,-0.021141914171147858,0.018458157057012543,-0.7167903008374721,0,0,0.015383312147007064,17681004.52614008,-0.019727657626730677,-0.06618170719300032,0.024010548946867268,-0.7324927085480174,0,0,0.026132499085596117,8378856.142427475,-0.015318469925978406,-0.07260400925083266,0.016738309912848054,-0.3305065335840687,0,0,0.0298081511023883,0.0,0.4758906210064542,0.3378267951357893,1.102748492866621
2022-10-20,19123.35,19347.82,18900.0,19041.92,223530.13068,1284.99,1310.85,1270.1,1282.72,184677.25395,11092.4,11286.7,10967.0,11018.1,0.0,3665.78,-0.004290427144573172,0.008843443708609122,0.01737407033601745,-0.7180053914183654,0,0,0.02351758646186938,52099616.693542674,-0.0017665507124569046,-0.030299364983368604,0.022988904976812996,-0.7329652737443193,0,0,0.031768429587127354,104540564.41295686,-0.008066476408257417,-0.0726207610534555,0.016738519693122844,-0.3359069868363952,0,0,0.029015892032201625,0.0,0.4856757226693239,0.3340540344844685,1.0379687257212156
2022-10-21,19041.92,19250.0,18650.0,19164.37,269310.75769,1282.72,1307.0,1253.18,1299.56,246114.45609,11020.9,11345.6,10895.6,11336.4,0.0,3752.75,0.006430549020266962,0.03808007644073874,0.016880315792013496,-0.7161920112644303,0,0,0.03130809935312249,41879836.08286977,0.01312835225146558,0.043152994060041694,0.020384707686625522,-0.729459547794661,0,0,0.04141401705192522,18746775.216575477,0.02888882838238893,-0.02249661559156002,0.017168258431045153,-0.3167221177491683,0,0,0.03969514131470308,0.0,0.44656223071025186,0.27610123529121666,0.9832276248365877
2022-10-22,19164.37,19257.0,19112.72,19204.35,110403.90837,1299.56,1320.44,1294.0,1313.87,73891.47369,11020.9,11345.6,10895.6,11336.4,0.0,3752.75,0.002086163020229792,-0.010168217824997328,0.0140555822560818,-0.7155999415334843,0,0,0.0075128811961872625,52921741.05378806,0.011011419249592036,-0.009573561892700755,0.01665551616329745,-0.7264805134514538,0,0,0.02012375653603481,6710434.4054826135,0.0,-0.013994590034181908,0.017101641383898684,-0.3167221177491683,0,0,0.03969514131470308,0.0,0.597385032324337,0.4030971556358944,0.82188450346469
2022-10-23,19204.29,19695.0,19070.11,19570.4,167057.20184,1313.87,1371.22,1299.33,1364.27,112385.69696,11020.9,11345.6,10895.6,11336.4,0.0,3752.75,0.019060785707404992,0.01454076250226155,0.01444496091978428,-0.7101790529638806,0,0,0.031930364223521204,8764440.079230238,0.038359959508931674,0.027791589446880316,0.018082695278899188,-0.7159883170225478,0,0,0.05269484779405843,2929765.0232446687,0.0,0.0013956857410384327,0.016864105936588488,-0.3167221177491683,0,0,0.03969514131470308,0.0,0.5768316860337854,0.3771147132648964,0.8565501431619315
2022-10-24,19570.4,19601.15,19157.0,19329.72,256168.14467,1364.27,1371.15,1323.93,1343.5,280799.91465,11390.0,11492.5,11170.2,11421.1,0.0,3797.34,-0.012298164575072601,0.02162839248434234,0.01417382566509817,-0.7137433186678342,0,0,0.022977570290723375,20829769.74397745,-0.015224259127592066,0.020144726151696712,0.01825754558855178,-0.7203121844794601,0,0,0.03514700409378491,18444229.55852019,0.0074715077096785265,0.00887762132749148,0.01691638829198257,-0.3116170017840783,0,0,0.028219698627977977,0.0,0.5717833145180389,0.35911219820718493,0.83787490814849
2022-10-25,19330.6,20415.87,19237.0,20080.07,326370.67061,1343.5,1524.58,1334.74,1459.82,434509.72074,11419.3,11693.6,11393.5,11547.7,0.0,3859.11,0.03881846193323013,0.06766971263408283,0.01571041945653096,-0.7026312745804087,0,0,0.05870846067767687,8407612.519405069,0.0865798288053592,0.12761372150686312,0.02374161095584539,-0.696096861292747,0,1,0.13004343001191923,5018601.636771636,0.011084746653124533,0.02006077416391361,0.017027304229765,-0.3039864506485366,0,0,0.02598785905418398,0.0,0.5621753766563793,0.3483586237731338,0.9226598654688587
2022-10-26,20079.02,21020.0,20050.41,20771.59,380492.69576,1459.82,1595.25,1457.4,1566.09,560010.21396,11474.6,11666.6,11379.1,11437.4,0.0,3830.6,0.03443812695872084,0.08028835302181947,0.016382722267967435,-0.6923904526608559,0,0,0.046678660612885205,11048585.35803131,0.07279664616185566,0.1718809628925686,0.026394050331408174,-0.6739737320367976,0,1,0.08802176120146346,7692801.3384966,-0.009551685617049332,0.016693926895178457,0.017084725404176167,-0.3106345532571484,0,0,0.02513683179743648,0.0,0.5139402264504206,0.2735291769099899,0.958909920487435
2022-10-27,20771.61,20872.21,20200.0,20295.11,328643.57791,1566.09,1578.57,1503.39,1514.21,410610.3022,11382.3,11501.5,10889.6,11059.1,0.0,3807.3,-0.022939023926430213,0.063733514054362,0.016942494177306606,-0.6994467154272669,0,0,0.03312177169771433,14326827.318187052,-0.03312708720443902,0.1403042397770915,0.02725184938988195,-0.6847740326465525,0,0,0.049649652293935344,12394997.957894672,-0.03307569902250507,-0.02021741249014375,0.018150490802103715,-0.33343579729012973,0,0,0.05532999972873015,0.0,0.56592745605154,0.34055162456607485,0.9334449975806123
2022-10-28,20295.11,20750.0,20000.09,20591.84,287039.94569,1514.21,1575.49,1479.71,1554.29,266909.2307,11101.2,11589.5,11025.9,11589.4,0.0,3901.06,0.014620763326732344,0.06073409221328996,0.01686110866480463,-0.6950523969864569,0,0,0.03641782375931436,19632336.763280615,0.026469247990701383,0.16247709509741592,0.027538173341087036,-0.6764302383435653,0,0,0.06162299184836805,10083744.349530496,0.04795146078794832,0.009943095169625327,0.01997902003887709,-0.30147307006123736,0,0,0.048630645244792686,0.0,0.5516689108570083,0.3685945615388329,0.8439403030074376
2022-10-29,20591.84,21085.0,20554.01,20809.67,254881.77755,1554.29,1664.08,1547.37,1619.34,252210.96863,11101.2,11589.5,11025.9,11589.4,0.0,3901.06,0.010578462148112866,0.06217795361358047,0.016882910602368392,-0.6918265203108204,0,0,0.025516502664386397,24094384.707102466,0.041851906658345595,0.2122804653460899,0.028296807536533224,-0.662888226881257,0,0,0.07207257277656332,6026270.449903211,0.0,0.03768635000223841,0.019306196678254277,-0.30147307006123736,0,0,0.048630645244792686,0.0,0.5900380288369986,0.35670086072036405,0.874480983433406
2022-10-30,20809.68,20931.21,20515.0,20627.48,192795.60886,1619.34,1640.28,1576.33,1590.62,138066.15876,11101.2,11589.5,11025.9,11589.4,0.0,3901.06,-0.008755064352293895,0.062034402173549275,0.01688587539598021,-0.6945245989571694,0,0,0.02017745260206284,22021013.312066972,-0.017735620684970477,0.1968277616005658,0.028573605537215562,-0.6688671134177289,0,0,0.0402044485797991,7784677.140181993,0.0,0.05405135014688356,0.019042768746489067,-0.30147307006123736,0,0,0.048630645244792686,0.0,0.5801910901163303,0.34800666812003617,0.8867337913640083
2022-10-31,20627.48,20845.92,20237.95,20490.74,303567.61628,1590.62,1635.74,1545.51,1573.13,234239.66593,11557.6,11557.6,11333.5,11418.5,0.0,3871.98,-0.006629021092251608,0.06109435320375223,0.016900819341446185,-0.6965496018338463,0,0,0.02967047554163478,45793663.06409805,-0.010995712363732202,0.1991782534455424,0.028530552957726094,-0.6725081553927599,0,0,0.05735698893289176,21302799.23241838,-0.014746233627280114,0.03850806268246765,0.01928312188870692,-0.31177371136506105,0,0,0.019626045452555096,0.0,0.5862759900165573,0.3600834063865596,0.8764561399563975
2022-11-01,20490.74,20700.0,20330.74,20483.62,279932.43771,1573.13,1613.32,1563.43,1578.6,204562.92419,11425.2,11583.7,11254.0,11285.9,0.0,3856.1,-0.000347474029732564,0.07487196171445354,0.01666166523234085,-0.6966550429665211,0,0,0.018027087009034458,805597995.1810905,0.003477144291952783,0.23631408298482226,0.027846470124898656,-0.6713694189946228,0,0,0.03160395286963124,58830557.120638065,-0.011612733721592217,0.02644814508280957,0.01942901113391717,-0.31976589999517824,0,0,0.029213443323084624,0.0,0.5918363725750075,0.3663432887776481,0.8575658607553133
2022-11-02,20482.81,20800.0,20048.04,20151.84,373716.27299,1578.6,1620.97,1501.58,1518.03,266790.58585000003,11291.5,11424.0,10875.5,10908.2,0.0,3759.69,-0.01619733230747289,0.026631915504954806,0.01616199282190573,-0.7015684220393885,0,0,0.037314706746381425,23072690.93260938,-0.03836944127708097,0.14744965834189983,0.028516482038870507,-0.6839787907743616,0,0,0.078647984558935,6953203.05530042,-0.03346653789241438,-0.030209815078236057,0.019957350743159293,-0.34253098027870194,0,0,0.05028327313397261,0.0,0.589333477431042,0.39753350059333364,0.8098261603777199
2022-11-03,20151.84,20393.32,20031.24,20207.82,319185.1544,1518.03,1559.27,1515.0,1531.19,126097.01123,10905.5,10962.5,10667.7,10695.1,0.0,3719.89,0.0027779101064715483,-0.006392032184373786,0.014749460430373161,-0.7007394059428814,0,0,0.01791781597421187,114900768.26054649,0.008669130386092627,0.12483287542423938,0.028166854642486482,-0.6812391617068139,0,0,0.028912153292537164,14545503.431031033,-0.019535762087237174,-0.07655180154899544,0.019377963974461374,-0.35537513862770626,0,0,0.027564024646800803,0.0,0.5253089014059316,0.3618520497307609,0.7611456414283441
2022-11-04,20207.12,21302.05,20180.96,21148.52,453694.39165,1531.19,1677.74,1528.2,1644.6,231552.39317,10679.5,10937.4,10595.8,10838.2,0.0,3770.55,0.04655128559141963,0.04912427957571741,0.016925610131387592,-0.6868084405626705,0,0,0.053010328855163394,9746117.393424926,0.07406657566990371,0.2160153794964692,0.03081785507328506,-0.6576296379567697,0,1,0.09092788520004863,3126273.353573651,0.013379959046666334,-0.06290151050087756,0.019592789280254822,-0.34675008438208205,0,0,0.03151814877009101,0.0,0.5278083584406834,0.3886556037755579,0.8638689086375134
2022-11-05,21148.52,21480.65,21080.65,21299.37,245621.98525,1644.6,1667.48,1620.93,1626.69,104361.22592,10679.5,10937.4,10595.8,10838.2,0.0,3770.55,0.007132886840308439,0.06706688703335106,0.016809516208002744,-0.6845744806098645,0,0,0.01877989818478199,34435095.69099262,-0.010890186063480356,0.2032442748091603,0.030963796887955777,-0.6613581149020415,0,0,0.028616392797644268,9583043.804874124,0.0,-0.05293603635092614,0.019528639807432576,-0.34675008438208205,0,0,0.03151814877009101,0.0,0.5233408823213124,0.38269202954671055,0.8607618229502515
2022-11-06,21299.37,21365.27,20886.13,20905.58,230036.97217,1626.69,1639.19,1563.99,1568.28,114238.88744,10679.5,10937.4,10595.8,10838.2,0.0,3770.55,-0.018488340265463088,0.07042927093525941,0.016667356223025932,-0.6904061749407597,0,0,0.02291923974364736,12442266.014384065,-0.03590727182192066,0.1780772524451255,0.03168710044803931,-0.6735178211205416,0,0,0.04795062106256539,3181496.3885754086,0.0,-0.017896463296392606,0.01843950897825072,-0.34675008438208205,0,0,0.03151814877009101,0.0,0.4635690238384527,0.34929622704888363,0.9038932220891964
2022-11-07,20905.58,21069.77,20384.89,20591.13,386977.60337,1568.28,1608.71,1545.85,1568.3,178355.98017,10753.3,11005.2,10727.9,10981.4,0.0,3806.8,-0.015041438697228293,0.06041674820629983,0.01690881430690028,-0.6950629114814286,0,0,0.03326092351415396,25727415.70041115,1.2752824750661418e-05,0.1921430906174697,0.03153220321594746,-0.67351365755053,0,0,0.04008161703755667,13974647748.787502,0.013212526065213615,-0.004920394718957666,0.01860736263841667,-0.33811900284488167,0,0,0.02525178938933115,0.0,0.42756729851966824,0.34323321044010024,0.9087158426649898
2022-11-08,20590.67,20700.88,17166.83,18547.23,760705.362783,1568.3,1581.34,1206.16,1334.22,697741.82376,10980.3,11198.9,10897.1,11057.2,0.0,3828.11,-0.09926118673428808,-0.045876283886739144,0.0250705988549521,-0.7253313287670807,1,0,0.19054327789109204,7663673.094928821,-0.14925715743161383,0.008259716313128607,0.04244397752420089,-0.7222440809647823,1,0,0.2811980033277869,4674762.597780701,0.0069025807274119,0.0019482225866958025,0.01864996369047304,-0.3335503158300786,0,0,0.027294432586911627,0.0,0.23783524387175553,0.20919143280474314,1.3442699314776463
2022-11-09,18545.38,18587.76,15588.0,15922.81,731926.929729,1334.22,1337.62,1072.4,1101.8,642357.45906,11058.9,11130.7,10789.3,10809.8,0.0,3748.57,-0.14149929666047167,-0.16773373433961236,0.03579574650094368,-0.7641967525612051,1,0,0.1883938827380342,5172653.824271115,-0.17419915756022253,-0.14595767769940315,0.0530347755079771,-0.7706289280680827,1,0,0.24071519332002161,3687488.683537653,-0.02237456137177596,-0.011648319496763482,0.0190353425102685,-0.3484618351897392,0,0,0.03158245295935184,0.0,0.31405972621572537,0.2889500651899393,1.8804877126196577
2022-11-10,15922.68,18199.0,15754.26,17601.15,608448.36432,1101.8,1349.0,1084.71,1299.35,352315.33150000003,10814.1,11644.7,10787.7,11643.7,0.0,3956.37,0.10540476209915228,-0.0765398740818467,0.04112447931591584,-0.7393419673627114,0,1,0.13889660618766386,5772493.523800272,0.1792975131602832,0.015172704757291378,0.06267250215828836,-0.7295032652797815,0,1,0.2034017008504252,1964976.0090943777,0.07714296286702815,0.07510410607277751,0.023598103342361232,-0.2982002507353296,0,1,0.07360203371780448,0.0,0.5145313315128371,0.5139293483956028,1.7427019999133928
2022-11-11,17602.45,17695.0,16361.6,17070.31,393552.86492,1299.35,1309.25,1201.16,1289.08,286447.29738,11640.3,11845.1,11538.9,11804.6,0.0,3992.93,-0.03015939299420778,-0.10885733780271267,0.04142376411589214,-0.7472032554061165,0,0,0.0781122311194114,13049093.345633639,-0.007903951975988033,-0.0041253997929575625,0.06267686176303107,-0.7316412584806716,0,0,0.08385049802960245,36240976.13958887,0.013818631534649573,0.09261384672343587,0.023663141253932193,-0.2885023385891316,0,0,0.025939040712942472,0.0,0.5001943571738885,0.5110993012944118,1.750559917881123
2022-11-12,17069.98,17119.1,16631.39,16812.08,167819.96035,1289.08,1292.51,1238.91,1257.38,101142.25026,11640.3,11845.1,11538.9,11804.6,0.0,3992.93,-0.015127434709738652,-0.13228556401944136,0.04138863872314645,-0.7510274216547949,0,0,0.029009497932439,11093741.446099084,-0.024591181307599075,-0.022976805625704144,0.06284920622099588,-0.7382405169488526,0,0,0.042628322384641,4112946.3389903116,0.0,0.07139226719912872,0.023459895838365278,-0.2885023385891316,0,0,0.025939040712942472,0.0,0.4972191337825629,0.5187486571574941,1.764228680554264
2022-11-13,16813.16,16954.28,16229.0,16329.85,184960.78846,1257.38,1274.63,1201.16,1221.88,79241.76684,11640.3,11845.1,11538.9,11804.6,0.0,3992.93,-0.028683541834204962,-0.14846380520761138,0.041623024948437504,-0.7581688370213295,0,0,0.04441437000339861,6448322.353141614,-0.02823331053460365,-0.05732228548504059,0.06306472059677354,-0.745630853719213,0,0,0.0601286542049956,2806675.4224987025,0.0,0.10327488878088897,0.022704698060691454,-0.2885023385891316,0,0,0.025939040712942472,0.0,0.5065231664212488,0.5413525747811141,1.8332332147665547
2022-11-14,16331.78,17190.0,15815.21,16619.46,380210.7775,1221.88,1290.68,1171.61,1242.34,203962.37332,11762.7,11869.6,11673.5,11740.0,0.0,3957.25,0.017735006751439686,-0.1284744818790743,0.04181886319916052,-0.7538799597131942,0,0,0.08272170094575883,21438422.237133518,0.016744688512783323,-0.02566917894703824,0.06305904824760482,-0.7413715215974785,0,0,0.09584332791345378,12180713.386048127,-0.005472442945970268,0.09723727989831388,0.022755926579718477,-0.29239596894739384,0,0,0.016703577512776863,0.0,0.4957838834301961,0.535325792490305,1.837712240612945
2022-11-15,16617.72,17134.69,16527.72,16900.57,282461.84391,1242.34,1290.7,1234.31,1253.31,151184.03048,11740.5,12090.8,11734.0,11866.2,0.0,3991.73,0.016914508654312543,-0.12263990306795725,0.041914212563097485,-0.7497169601617633,0,0,0.035914173308947424,16699372.277908908,0.008830110919715972,-0.040300473222353306,0.06292700988449722,-0.7390878034461869,0,0,0.04499285890960744,17121399.79220839,0.010749574105621829,0.10903211335003182,0.022786080043443263,-0.28478952697815707,0,0,0.030068598203300066,0.0,0.5010977256011132,0.5391082653482133,1.8394648877093491
2022-11-16,16900.57,17015.92,16378.61,16662.76,261493.40809,1253.31,1268.5,1187.32,1216.13,114327.93443000001,11853.9,11930.7,11676.6,11741.9,0.0,3958.79,-0.014071123044962497,-0.14767880690705726,0.04181004227029374,-0.7532387236113944,0,0,0.03824756522928961,18583678.176763125,-0.02966544589925868,-0.08670837119533781,0.06305579954072431,-0.7468278800975108,0,0,0.06675273202700374,3853907.885934663,-0.010475131044479391,0.0587635930821806,0.022056534382060504,-0.29228145040744496,0,0,0.02164045001234897,0.0,0.5003563202790263,0.5490170871257144,1.895584437256616
2022-11-17,16661.61,16751.0,16410.74,16692.56,228038.97873,1216.13,1228.6,1182.1,1200.12,159982.08829,11749.8,11798.1,11499.8,11717.3,0.0,3946.56,0.0017884192054620218,-0.13632845322505194,0.041803791371582834,-0.7527974110055368,0,0,0.02038393152398424,127507970.70051679,-0.013164711009513996,-0.08447190754090861,0.06303820085022295,-0.7501608178916931,0,0,0.03874612538746126,12152334.11892153,-0.002095061276284116,0.03872168786844554,0.021883750760302228,-0.2937641641352043,0,0,0.02545808334684621,0.0,0.5076373845735123,0.5602749819105193,1.9102654168755178
2022-11-18,16692.56,17011.0,16546.04,16700.45,214224.18184,1200.12,1233.77,1199.0,1212.24,119352.75831,11718.7,11814.3,11578.4,11682.2,0.0,3965.34,0.00047266566662029774,-0.12672682502639354,0.04179279702696537,-0.7526805668290194,0,0,0.027841165956605907,453216014.63374496,0.010098990100990024,-0.05661522657763873,0.0629675256762769,-0.7476376944647419,0,0,0.02868243912096613,11818274.791214194,-0.0029955706519418923,0.051720878309641005,0.021671926671350837,-0.2958797434784705,0,0,0.02019311431066063,0.0,0.5076190483416178,0.5568559321286125,1.9284292705696786
2022-11-19,16699.43,16822.41,16553.53,16700.68,104963.15558,1212.24,1233.89,1197.5,1217.22,69619.21189,11718.7,11814.3,11578.4,11682.2,0.0,3965.34,1.3772083985674755e-05,-0.12295188720465156,0.04179784857933024,-0.7526771607250144,0,0,0.01609994323584435,7615913216.687682,0.004108097406454236,-0.051063365348634204,0.06297093816023072,-0.7466009655318856,0,0,0.029895992507517212,16946784.73611022,0.0,0.060273549886096456,0.021593851010255346,-0.2958797434784705,0,0,0.02019311431066063,0.0,0.5088327209311649,0.5581514213390938,1.935635714218945
2022-11-20,16700.68,16753.33,16180.0,16280.23,154842.13478,1217.22,1226.8,1133.39,1142.33,148078.69086,11718.7,11814.3,11578.4,11682.2,0.0,3965.34,-0.025175621591456254,-0.15049490278052446,0.04193728940354635,-0.7589036669375261,0,0,0.03521633293878537,6150476.67096257,-0.06152544322308218,-0.12098710332728002,0.06391080300058664,-0.7621914534398374,1,0,0.08177146708919476,2406787.4855482755,0.0,0.030503510814720913,0.020997312756874234,-0.2958797434784705,0,0,0.02019311431066063,0.0,0.511825103871716,0.5582981122615279,1.9972684084125276
2022-11-21,16279.5,16319.0,15476.0,15781.29,324096.997753,1142.33,1146.75,1080.32,1107.49,73119.27484,11698.1,11729.9,11528.9,11564.3,0.0,3949.94,-0.03064698717401404,-0.17824399159565396,0.042183969433148845,-0.7662925431645935,0,0,0.053417686386854304,10575163.234191367,-0.030499067694974236,-0.15707794530661323,0.06406228219411178,-0.7694443923998193,0,0,0.059982482911809645,2397425.770420884,-0.010092277139580053,0.020103383790268436,0.02109797981107212,-0.3029859202468779,0,0,0.017381077972726408,0.0,0.5177201110199221,0.5625118145033716,1.9994307424971316
2022-11-22,15781.29,16315.0,15616.63,16226.94,239548.06623,1107.49,1142.63,1075.01,1139.15,176039.31265,11562.6,11734.8,11503.8,11715.0,0.0,4003.58,0.028239136344367255,-0.1708427012222541,0.04240196619523775,-0.7596928464263231,0,0,0.043037689176147864,8482836.673204947,0.028587165572601103,-0.1650113247377718,0.06386576459833676,-0.7628534610716613,0,0,0.0593600491594611,6157982.001507064,0.01303148482830796,0.033396845559436894,0.021213201403178596,-0.2939027918414582,0,0,0.01971830985915493,0.0,0.5287226114047029,0.5722005905887713,1.9988471047285288
2022-11-23,16227.96,16706.0,16160.2,16603.11,264927.70408,1139.15,1190.72,1127.75,1184.27,168244.7149,11723.0,11868.4,11696.4,11853.1,0.0,4027.26,0.023181819862524877,-0.1410579149620378,0.042694636463113486,-0.754122089280502,0,0,0.03287335926823343,11428248.143097408,0.03960848000702266,-0.1185187941942687,0.06431620049815953,-0.7534604471257835,0,0,0.05317199625085498,4247693.231177706,0.011788305591122539,0.03782472791587499,0.021271010660642433,-0.2855791021746468,0,0,0.014510971813280914,0.0,0.5364530764938514,0.5797118527931733,2.0071738514226993
2022-11-24,16603.11,16812.63,16458.05,16598.95,206565.92346,1184.27,1217.54,1180.5,1203.76,84339.39237,11855.0,11909.9,11851.5,11890.1,0.0,4027.26,-0.00025055546822250196,-0.17336194545138528,0.04192791200717848,-0.754183695335548,0,0,0.021361592148901088,824399008.0730901,0.01645739569523852,-0.17540518694085572,0.06221992973844227,-0.7494030481496053,0,0,0.03077025320661923,5124707.619889396,0.003121546262159214,0.02965092615845566,0.021196217373457435,-0.2833490042914316,0,0,0.004911649187138849,0.0,0.5319829477343657,0.5793334166857043,1.9780837065223167
2022-11-25,16599.55,16666.0,16342.81,16522.14,182089.49533,1203.76,1207.93,1171.2,1199.05,75406.52652,11893.1,11902.6,11744.6,11762.9,0.0,4026.12,-0.004627401130794517,-0.2045799093858487,0.0412475652634128,-0.7553211859817199,0,0,0.019561025387752465,39350187.4337964,-0.003912740081079336,-0.23436711810943178,0.060485893436496255,-0.7503835688873067,0,0,0.030632584129102223,19272001.778145526,-0.010697975626781986,0.028459265217619434,0.021217265593254625,-0.29101571917643093,0,0,0.013432061821489599,0.0,0.5566545318354759,0.617387566089705,1.9440556862317506
2022-11-26,16521.35,16701.99,16385.0,16458.57,181804.81666,1199.05,1234.52,1196.52,1206.02,67213.13813,11893.1,11902.6,11744.6,11762.9,0.0,4026.12,-0.0038475645406708114,-0.18903765488336854,0.04113630141638616,-0.75626260351039,0,0,0.01925987494660846,47251798.435152076,0.005812935240398609,-0.2035318747069429,0.060324743891127214,-0.7489325647383092,0,0,0.0315085985307043,11562664.940120962,0.0,0.063639898364243,0.02021312822172566,-0.29101571917643093,0,0,0.013432061821489599,0.0,0.5618991675906893,0.6229245727871775,2.035126904350344
2022-11-27,16457.61,16600.0,16401.0,16428.78,162025.47607,1206.02,1223.12,1188.77,1193.67,56181.28773,11893.1,11902.6,11744.6,11762.9,0.0,4026.12,-0.0018099992891241756,-0.2021703742841825,0.04095972930837494,-0.7567037680247692,0,0,0.012112889697226454,89516378.19958407,-0.010240294522478877,-0.23201590436791064,0.060020024850632105,-0.7515035692203923,0,0,0.028776797607378845,5486290.725698083,0.0,0.014970576561340598,0.018277979328131196,-0.29101571917643093,0,0,0.013432061821489599,0.0,0.5787687025830863,0.6445514370064235,2.240931897543831
2022-11-28,16428.77,16487.04,15995.27,16212.91,252695.40367,1193.67,1199.51,1151.0,1168.23,80968.24823,11714.3,11769.6,11557.1,11605.1,0.0,3963.94,-0.013139746225830473,-0.22089538181047552,0.04084424138823582,-0.7599006187706244,0,0,0.030332000856107908,19231361.627032686,-0.021312423031491168,-0.2785764570751046,0.05935204285302771,-0.756799630274983,0,0,0.04152435736113607,3799108.6287690205,-0.01341505921158892,0.0013546861787496756,0.01845771533081807,-0.3005267852837649,0,0,0.018310915028737364,0.0,0.5789518186271704,0.6519183490970595,2.2128534614197526
2022-11-29,16212.18,16548.71,16100.0,16442.53,248106.25009,1168.23,1227.04,1159.0,1216.39,85216.40025,11604.8,11686.6,11447.9,11501.9,0.0,3957.63,0.014162787556336154,-0.20288227161049244,0.041032906135783524,-0.7565001422418651,0,0,0.027289595944176424,17518166.81013012,0.04122475882317711,-0.23527303818636747,0.06002814530603791,-0.7467737536873617,0,0,0.05593600736605855,2067116.5098708866,-0.008892642028073938,-0.007550002588572302,0.018532385727709634,-0.30674695019046244,0,0,0.020753092967248952,0.0,0.5653463852715421,0.6282763142899335,2.214117739479906
2022-11-30,16442.91,17249.0,16428.3,17163.64,303019.80719,1216.39,1310.29,1212.29,1295.28,113044.65089,11498.9,12060.3,11481.3,12058.0,0.0,4080.11,0.0438563894972368,-0.16237090510152397,0.04205784853786997,-0.7458211176375026,0,0,0.047816197496568374,6909363.528784253,0.06485584393163357,-0.17662240247150596,0.061440200954761874,-0.7303505517771158,0,1,0.07565931690445309,1743013.8381828053,0.04834853372051584,0.056005604939352915,0.020307057591630616,-0.27322918173489563,0,0,0.04801791341847736,0.0,0.5979639124214309,0.6505758088134858,2.071094132527719
2022-12-01,17165.53,17324.0,16855.01,16977.37,232818.18218,1295.28,1300.0,1262.75,1276.29,65202.39208,12058.3,12118.0,11926.5,12018.8,0.0,4076.57,-0.010852593039704872,-0.171173357053099,0.042061467393387245,-0.7485796176070698,0,0,0.027624420036790248,21452750.213770956,-0.014660922734852755,-0.19150513112884837,0.06144728144484124,-0.7343038615030071,0,0,0.029186156751208583,4447356.335316741,-0.0032509537236690145,0.06493943770545552,0.02017052300520102,-0.27559188003278856,0,0,0.015933371052018506,0.0,0.6059088695609394,0.6595784243442865,2.0852928072124617
2022-12-02,16978.0,17105.73,16787.85,17092.74,202372.2062,1276.29,1296.86,1265.11,1294.32,57698.83565,12021.4,12050.8,11724.2,11962.9,0.0,4071.7,0.0067955166200655,-0.1518025153038134,0.0420665719949088,-0.7468710862198953,0,0,0.01859736940946864,29780209.469336074,0.014126883388571487,-0.1473686290784767,0.06121713528144207,-0.7305504031376664,0,0,0.024530255269176092,4084325.836045296,-0.004651046693513461,0.09668872957958219,0.019064824627774327,-0.27896113602391637,0,0,0.02730107248242471,0.0,0.6197259068413581,0.6599570861566606,2.2065007547259143
2022-12-03,17092.13,17188.98,16858.74,16885.2,154542.57306,1294.32,1307.0,1235.72,1240.61,50300.6219,12021.4,12050.8,11724.2,11962.9,0.0,4071.7,-0.01214199712860553,-0.16442248594850895,0.04206467464963805,-0.7499445767641805,0,0,0.019557956079880486,12727926.398256753,-0.04149669324432914,-0.1897739666533873,0.061558917597255784,-0.7417316704034708,0,0,0.057455606516149296,1212159.472135271,0.0,0.1185402661031687,0.01858730248513043,-0.27896113602391637,0,0,0.02730107248242471,0.0,0.6445906963365738,0.6861882273117719,2.263085353694309
2022-12-04,16885.2,17202.84,16878.25,17105.7,178619.13387,1240.61,1287.0,1239.96,1279.14,51208.10512,12021.4,12050.8,11724.2,11962.9,0.0,4071.7,0.013058773363655796,-0.1911632587055737,0.04107986806543076,-0.746679159663791,0,0,0.01897554616297492,13678083.853287518,0.031057302456050095,-0.22221816855162335,0.06013549461018059,-0.7337105527763725,0,0,0.03677470800694213,1648826.0274441242,0.0,0.10377184403314188,0.018512431896525905,-0.27896113602391637,0,0,0.02730107248242471,0.0,0.6366349830890529,0.6770579530137131,2.2190410263024196
2022-12-05,17106.65,17424.25,16867.0,16966.35,233703.29225,1279.14,1304.98,1245.97,1258.95,69862.57709,11991.9,12001.3,11732.8,11800.1,0.0,3998.84,-0.00814640733790506,-0.20343418608156016,0.041003483008344575,-0.74874281441635,0,0,0.032844424404777695,28687861.492509708,-0.01578404240348985,-0.22606642937498844,0.06015429612725494,-0.7379136767029522,0,0,0.04687239366138448,4426149.590998152,-0.013608740355599336,0.0887508995958739,0.018765065970386095,-0.28877356671006316,0,0,0.02275404445725036,0.0,0.6324761143578526,0.672019817474206,2.185095497244657
2022-12-06,16966.35,17107.01,16906.37,17088.96,218730.76883,1258.95,1274.91,1241.82,1271.31,63345.71622,11794.4,11833.5,11490.4,11555.1,0.0,3941.26,0.007226657471996134,-0.18256465498685048,0.04101758358218346,-0.7469270647987593,0,0,0.011740913431829638,30267169.43564897,0.009817705230549256,-0.18936031831050582,0.05996819176714572,-0.7353405904358633,0,0,0.026028270052151047,6452185.12988547,-0.020762535910712643,0.06614566994519389,0.019256098959016348,-0.30354043107189355,0,0,0.029692516724217043,0.0,0.6009071422354689,0.643508014145179,2.130107576223371
2022-12-07,17088.96,17142.21,16678.83,16836.64,220657.41334,1271.31,1277.75,1218.88,1231.43,54955.74531,11556.6,11585.4,11413.1,11488.3,0.0,3933.92,-0.014765088103664614,-0.1823353065130472,0.04101548019907322,-0.7506637089836585,0,0,0.027522118427429545,14944527.41124924,-0.03136921757871791,-0.21479946438819097,0.060147683272211254,-0.7436427490387357,0,0,0.04780620904152074,1751899.8570205178,-0.005780997135464094,0.046159870326187846,0.019197465531614315,-0.3075666618448335,0,0,0.01499786739552408,0.0,0.6103248111506643,0.6475844853386604,2.13650384038928
2022-12-08,16836.64,17299.0,16733.49,17224.1,236417.97804,1231.43,1292.76,1222.21,1280.22,67764.10466,11493.0,11674.7,11424.9,11627.1,0.0,3963.51,0.023012905187733468,-0.07133841549385012,0.03732138849391757,-0.7449257565586384,0,0,0.03283248471618247,10273273.773068847,0.03962060368839482,-0.04047308539821015,0.05425817756897417,-0.7334857199957531,0,0,0.055107715861336296,1710324.4587008662,0.012081857193840806,0.0515410773070939,0.019269225164228534,-0.2992007811369883,0,0,0.021484291009796173,0.0,0.7050233120142668,0.7545089884997243,1.9368380828732166
2022-12-09,17224.1,17360.0,17058.21,17128.56,238422.06465,1280.22,1296.25,1256.28,1263.34,56351.32355,11632.2,11724.6,11543.4,11544.7,0.0,3934.38,-0.005546879082216072,0.07572469934640935,0.026436270220917654,-0.7463406225439955,0,0,0.017619111005245092,42983023.65814506,-0.013185233787942785,0.14661463060446533,0.043279654671572285,-0.7369997730854343,0,0,0.0316383554704197,4273817.341286502,-0.007086891830292985,0.06798460656071348,0.018802987752409968,-0.3041672693958243,0,0,0.015695513958786343,0.0,0.7827143099316578,0.7920209194148655,1.4059603989225247
2022-12-10,17128.56,17227.72,17092.0,17127.49,140573.97937,1263.34,1283.46,1259.46,1266.29,24630.09047,11632.2,11724.6,11543.4,11544.7,0.0,3934.38,-6.246876561721848e-05,-0.026910741627677703,0.017974267125154365,-0.7463564683321923,0,0,0.00792410329826502,2249948090.0637274,0.0023350800259629434,-0.02544349097625731,0.028195268408945904,-0.7363856465087425,0,0,0.01895300444605896,10547811.945641391,0.0,-0.008502451969734759,0.012412114392026736,-0.3041672693958243,0,0,0.015695513958786343,0.0,0.5166537886907611,0.51641011194441,1.448121736251743
2022-12-11,17127.49,17270.99,17071.0,17085.05,155286.47871,1266.29,1284.36,1256.0,1263.18,24663.06466,11632.2,11724.6,11543.4,11544.7,0.0,3934.38,-0.0024778878866665854,0.0008634875406479114,0.017101989268092876,-0.7469849685668432,0,0,0.011705555441745948,62668635.19501223,-0.002455993492801678,-0.020091848450057292,0.028163298728142352,-0.7370330816455261,0,0,0.022451273769375623,10041950.156946108,0.0,-0.022016840892533418,0.012126629181735366,-0.3041672693958243,0,0,0.015695513958786343,0.0,0.626445779786423,0.5399016559497755,1.4102826852349308
2022-12-12,17085.05,17241.89,16871.85,17209.83,226227.49694,1263.18,1278.65,1240.12,1275.36,60862.7478,11553.7,11715.9,11517.6,11696.5,0.0,3990.56,0.0073034612131659404,0.02365858358989481,0.01689928448422386,-0.7451370830984232,0,0,0.02150166503678426,30975339.03223724,0.009642331259202885,0.014299575307385126,0.027836506917776678,-0.7344974675085406,0,0,0.03021107765650499,6312030.052028195,0.013148890833022842,-0.009157447096894478,0.012386585857564008,-0.29501784078306575,0,0,0.016953789595177984,0.0,0.6369707139918691,0.5486415191629501,1.3643203248537514
2022-12-13,17208.93,18000.0,17080.14,17774.7,284462.9139,1275.36,1347.0,1255.06,1320.79,97586.32373999999,11702.1,12209.2,11680.5,11834.1,0.0,4019.65,0.03282252061757718,0.08847907359834895,0.016915239556615932,-0.7367718397537654,0,0,0.0517510844064879,8666696.58151416,0.035621314766026924,0.08094902936458559,0.027977135065991733,-0.7250399182274849,0,0,0.06960985470816712,2739547.851770826,0.011764202966699555,0.0024990258035002544,0.01257895968837385,-0.2867242875741357,0,0,0.044675978739405674,0.0,0.6858852989594952,0.5766271480762672,1.3447237711567024
2022-12-14,17775.82,18387.95,17660.94,17803.15,266681.22209,1320.79,1352.52,1301.0,1307.6,81248.26346,11838.2,11952.8,11613.8,11773.4,0.0,3995.32,0.0016005896020749866,0.07122313240021061,0.0166844375329142,-0.7363505194975019,0,0,0.040836031825828685,166613325.2465386,-0.009986447504902407,0.052529903247098275,0.027949158143256114,-0.7277857926500498,0,0,0.03940042826552462,8135844.309167168,-0.005129245147497574,0.002844974446337245,0.01257381698716814,-0.2903828535609239,0,0,0.028793721439855948,0.0,0.7105445972818754,0.5918035634683683,1.3269180138983163
2022-12-15,17804.01,17854.82,17275.51,17356.34,223701.96882,1307.6,1311.43,1259.49,1266.74,56950.950020000004,11771.0,11783.2,11290.9,11337.4,0.0,3895.75,-0.025097244027040277,0.026967729490780412,0.017182412577610422,-0.7429673948472756,0,0,0.033377428651432346,8913404.174774623,-0.031248088100336413,0.010715625024934061,0.028566651725465176,-0.7362919661834844,0,0,0.04100288930640862,1822541.3219432666,-0.03703263288429848,-0.044563550251976336,0.014118867359312302,-0.3166618448334057,0,0,0.043422654224072633,0.0,0.7287179043456699,0.6101111236125325,1.2169815021643717
2022-12-16,17356.96,17531.73,16527.32,16632.12,253379.04116,1266.74,1279.95,1155.4,1167.08,88722.41171,11337.2,11380.3,11165.1,11208.6,0.0,3852.36,-0.041726539120575,-0.0018388310219915605,0.018695714874746996,-0.7536924759014441,0,0,0.060389775927542605,6072369.905975785,-0.07867439253516906,-0.04033285915157114,0.03160560960813128,-0.7570390355506426,1,0,0.10671933372176712,1127716.3709039835,-0.011360629421207635,-0.04541854384724786,0.014139355434256994,-0.32442499638362504,0,0,0.01919954320789384,0.0,0.7062513160161931,0.5901967367028568,1.3222456808033856
2022-12-17,16631.5,16796.82,16579.85,16776.52,144825.66684,1167.08,1190.1,1161.91,1187.2,46349.4695,11337.2,11380.3,11165.1,11208.6,0.0,3852.36,0.008681996041394635,0.005029785724897762,0.018759344733571125,-0.7515540349522545,0,0,0.012932956298445753,16681129.470480753,0.0172396065393976,-0.010765590107655765,0.03168563232392608,-0.7528504841191032,0,0,0.02374494609164406,2688544.109671918,0.0,-0.04341443847985449,0.014141244758672082,-0.32442499638362504,0,0,0.01919954320789384,0.0,0.7054582835917513,0.5898822413869873,1.3265686145755216
2022-12-18,16777.54,16863.26,16663.07,16738.21,112619.31646,1187.2,1196.48,1172.04,1183.22,32471.83051,11337.2,11380.3,11165.1,11208.6,0.0,3852.36,-0.0022835486739801736,0.002261016918705616,0.018765406372540257,-0.752121373406295,0,0,0.011960060245390558,49317461.26921624,-0.0033524258760108117,-0.023939153962911575,0.03163481387242647,-0.7536790345513856,0,0,0.020655499399942576,9686040.750953734,0.0,-0.04054030918833784,0.014140037271326502,-0.32442499638362504,0,0,0.01919954320789384,0.0,0.7048839965204255,0.5918526901756149,1.3271105826211176
2022-12-19,16739.0,16815.99,16256.3,16438.88,179094.28305,1183.22,1195.21,1150.41,1167.88,45999.05393,11219.0,11301.8,11023.0,11075.9,0.0,3817.66,-0.017883035282745152,-0.015676008402053077,0.01905525431127098,-0.7565541956315086,0,0,0.0340467233777485,10014753.092573278,-0.012964621963793665,-0.0405349895663889,0.03170589973046364,-0.7568724927501836,0,0,0.03836010549029006,3548041.630372662,-0.0118391235301466,-0.05189947099005332,0.014267642284472193,-0.3324232123053185,0,0,0.02517176933702898,0.0,0.7113680738423311,0.5944732190280344,1.3355563992829598
2022-12-20,16438.88,17061.27,16397.2,16895.56,248808.92324,1167.88,1230.49,1162.99,1216.65,63595.02011,11077.4,11138.8,10935.7,11085.4,0.0,3821.62,0.027780481395326184,0.03779614907160411,0.019129009125336556,-0.7497911539924796,0,0,0.039304408968983545,8956246.298863519,0.04175942733842519,0.06506000892911867,0.030478433172082122,-0.7467196272772125,0,0,0.055480212057699416,1522889.7744626137,0.0008577181086864005,-0.051086267997466295,0.014271977797871779,-0.3318506196055741,0,0,0.01832139570967205,0.0,0.722484715007402,0.6346248564599442,1.3403184893550042
2022-12-21,16896.15,16925.0,16723.0,16824.67,156810.96362,1216.65,1222.29,1203.09,1213.57,39116.45522,11098.4,11284.2,11075.5,11250.3,0.0,3878.44,-0.004195776878659463,0.06611500073821586,0.018186672195690916,-0.750840974483394,0,0,0.012006179021639059,37373433.91237748,-0.002531541527966308,0.09578416057932793,0.02985389051196133,-0.747360817058979,0,0,0.01582108984236595,15451573.783064077,0.01487542172587375,-0.027152529768338818,0.014488948923745987,-0.3219116157963258,0,0,0.01855061642800643,0.0,0.6981036104923605,0.607395124037149,1.255209038234261
2022-12-22,16824.68,16868.52,16559.85,16821.43,176044.27235,1213.57,1238.56,1183.0,1217.67,50040.14703,11251.7,11280.2,10767.3,10943.4,0.0,3822.39,-0.0001925743565845961,0.03663598928695122,0.017516568927510988,-0.7508889561224201,0,0,0.018349807358827512,914115120.6259551,0.003378461893422058,0.06892858710441985,0.029475395212542197,-0.7465072852066276,0,0,0.04562812584690429,14811473.532584071,-0.02727927255273188,-0.06586427656850191,0.015019892620345095,-0.3404093736438594,0,0,0.04686843211433389,0.0,0.6557244895167159,0.5639586210037681,1.166223867775551
2022-12-23,16821.9,16955.14,16731.13,16778.5,161612.00947,1217.67,1231.24,1212.19,1220.0,48555.71568,10957.2,11040.9,10815.3,10966.4,0.0,3844.82,-0.0025521016940890373,0.010563683550852687,0.01703393184509371,-0.7515247128395164,0,0,0.013351014691420473,63324818.36289165,0.0019134905187776496,0.030170484771209205,0.028636921149847852,-0.7460222293002913,0,0,0.015614754098360618,25375334.4739188,0.0021017234131988083,-0.07480743434207093,0.014812386045749098,-0.3390230965813203,0,0,0.020571928800700356,0.0,0.638721506798235,0.545448095241525,1.1499781529256472
2022-12-24,16778.52,16869.99,16776.62,16836.12,100224.29096,1220.0,1228.18,1214.65,1220.84,19051.81687,10957.2,11040.9,10815.3,10966.4,0.0,3844.82,0.003434156807819555,0.014288253172640264,0.017041689854428402,-0.7506714097405394,0,0,0.005545814593861449,29184456.2505789,0.0006885245901637749,0.014188874858775735,0.02849518341878165,-0.7458473593598094,0,0,0.01108253333770189,27670094.05506894,0.0,-0.07768647866712652,0.014782593009224911,-0.3390230965813203,0,0,0.020571928800700356,0.0,0.6413386727921675,0.5420761949156438,1.1528206394904696
2022-12-25,16835.73,16857.96,16721.0,16832.11,125441.07202,1220.84,1224.34,1195.0,1218.33,29720.39804,10957.2,11040.9,10815.3,10966.4,0.0,3844.82,-0.00023817839264617113,0.01876088690690203,0.017013967781410774,-0.7507307944234081,0,0,0.00813682895370807,526646452.52610075,-0.002055961469152434,0.016079396188649397,0.02848646561416318,-0.746369887396249,0,0,0.024082145231587436,14455647.11666554,0.0,-0.06771289392921809,0.014709035401574587,-0.3390230965813203,0,0,0.020571928800700356,0.0,0.6392204969689119,0.5410891455865079,1.1567010174290064
2022-12-26,16832.11,16944.52,16791.0,16919.39,124564.00656,1218.33,1231.16,1211.81,1228.0,29932.883719999998,10957.2,11040.9,10815.3,10966.4,0.0,3844.82,0.005185327329728651,0.027998787257945246,0.01700955723045136,-0.7494382519992719,0,0,0.009073613173997434,24022353.540211905,0.007937094219136132,0.018225236729075833,0.028501667493575713,-0.7443568012957029,0,0,0.015757328990228123,3771260.0078795324,0.0,-0.06771289392921809,0.014709035401574587,-0.3390230965813203,0,0,0.020571928800700356,0.0,0.6421629564284486,0.5411902308015497,1.1564011644583345
2022-12-27,16919.39,16972.83,16592.37,16706.36,173749.58616,1228.0,1233.99,1200.65,1211.96,41956.63388,11029.0,11087.6,10800.3,10817.0,0.0,3829.25,-0.012590879458420079,0.01689595940781974,0.017185266617076995,-0.7525930447652402,0,0,0.022773362958777542,13799627.638205184,-0.013061889250814307,0.015322492816272515,0.028544650316826434,-0.7476959844449024,0,0,0.02750915871810944,3212138.8378787516,-0.013623431572804212,-0.08041384352498104,0.014847449988225079,-0.34802787019624865,0,0,0.026560044374595644,0.0,0.6508940745228211,0.5503044544565304,1.1574549876346483
2022-12-28,16706.06,16785.19,16465.33,16547.31,193037.56577,1211.96,1215.93,1181.5,1190.31,60376.75064,10820.0,10901.2,10665.7,10690.8,0.0,3783.22,-0.00952032639066791,0.020625538536882093,0.017097228238474576,-0.7549484397303965,0,0,0.01933003007739608,20276338.760384623,-0.017863625862239774,0.018900387766107585,0.028458913020048104,-0.7522030489823194,0,0,0.02892523796321972,3379869.087436148,-0.011666820745123485,-0.07878432758011578,0.014807257835346898,-0.3556343121654854,0,0,0.0220282860029184,0.0,0.6482688163041719,0.5477311668422152,1.1546511097517425
2022-12-29,16547.32,16664.41,16488.91,16633.47,160998.47158,1190.31,1205.93,1186.92,1200.3,34774.35008,10692.3,10979.2,10685.3,10938.9,0.0,3849.28,0.00520688861210683,0.011612568138845036,0.016933654593084987,-0.7536724835518497,0,0,0.010551015512698192,30920224.02849445,0.008392771630919782,-0.013227665469134231,0.02747364061951256,-0.7501233457615898,0,0,0.015837707239856696,4143364.096581291,0.023206869457851553,-0.04894843460645637,0.015483167944248368,-0.34068060176479104,0,0,0.02686741811333877,0.0,0.6531125322966351,0.5813224169602391,1.0936808098479187
2022-12-30,16633.47,16677.35,16333.0,16607.48,164916.31174,1200.3,1202.33,1181.34,1199.86,46600.52538,10940.1,10961.1,10765.8,10950.9,0.0,3839.5,-0.0015625122118235746,-0.03240338296538492,0.014824864614189252,-0.7540573733044081,0,0,0.020734632828099057,105544939.132437,-0.000366575022910931,-0.07366746958186654,0.024587115359857175,-0.7502149443018422,0,0,0.017493707599219917,127120647.23746912,0.0010970024408303303,-0.09181456294576218,0.012309592813787395,-0.33995732677564017,0,0,0.017834150617757547,0.0,0.5151539431436845,0.43605022875697946,1.2043333029059746
2022-12-31,16607.48,16644.09,16470.0,16542.4,114490.42864,1199.86,1208.54,1191.58,1196.55,22638.59229,10940.1,10961.1,10765.8,10950.9,0.0,3839.5,-0.003918716144773238,-0.02562057609629742,0.014719489895691657,-0.7550211526463281,0,0,0.010523865944482066,29216236.19775174,-0.0027586551764372524,-0.06247796347225165,0.024475736111514934,-0.7509040151387405,0,0,0.014174083824328308,8206357.365643474,0.0,-0.08885246447232664,0.012322805513021609,-0.33995732677564017,0,0,0.017834150617757547,0.0,0.5161754728872949,0.43706583135256716,1.1944908109788275
2023-01-01,16541.77,16628.0,16499.01,16616.75,96925.41374,1196.55,1204.66,1190.96,1200.4,18332.489569999998,10940.1,10961.1,10765.8,10950.9,0.0,3839.5,0.004494511074571994,-0.027847495486387874,0.014684717319393728,-0.7539200925038612,0,0,0.007762649134156896,21565237.348281886,0.003217583887008546,-0.0725631992088509,0.024310597821664504,-0.7501025279115324,0,0,0.011412862379206967,5697577.200161838,0.0,-0.08459487248075304,0.01233087061730336,-0.33995732677564017,0,0,0.017834150617757547,0.0,0.5224944800287037,0.4446980772271874,1.1908895864896574
2023-01-02,16617.17,16799.23,16548.7,16672.87,121888.57191,1200.4,1224.47,1193.11,1213.93,41572.62571,10940.1,10961.1,10765.8,10950.9,0.0,3839.5,0.003377315058600505,-0.012574917679388009,0.014545409613562148,-0.7530890031266555,0,0,0.015026207245663096,36090269.60541019,0.011271242919026925,-0.021505549689265657,0.023256780885335376,-0.7472858727987725,0,0,0.02583345003418659,3688376.6169261923,0.0,-0.08459487248075304,0.01233087061730336,-0.33995732677564017,0,0,0.017834150617757547,0.0,0.536055546060495,0.4830449736767776,1.1795921203836197
2023-01-03,16672.78,16778.4,16605.28,16675.18,159541.53733,1213.93,1220.22,1205.28,1214.54,27469.43172,11060.4,11096.5,10760.6,10862.5,0.0,3839.5,0.0001385484322735664,-0.025168218780874274,0.014325255564046742,-0.7530547939951275,0,0,0.01038189692704982,1151438672.5667124,0.0005025001441598675,-0.05050268148912562,0.022485238801595996,-0.7471588839134227,0,0,0.012300953447395768,54664432.22937392,-0.00807239587613795,-0.09198438505713491,0.012354185022366456,-0.3452854525290516,0,0,0.030922899884925168,0.0,0.5346496464452,0.48581544657937054,1.159545849657692
2023-01-04,16675.65,16991.87,16652.66,16850.36,220362.18862,1214.54,1272.56,1212.75,1256.79,48088.781970000004,10856.5,10990.3,10787.1,10906.6,0.0,,0.01050543382440261,-0.006836473372292651,0.014397737584396724,-0.7504605274751899,0,0,0.020130727177342152,20975999.900940012,0.03478683287499784,-0.0017157154771834104,0.02325804046892185,-0.738363342264191,0,0,0.04758949386930191,1382384.2003369208,0.004059838895281942,-0.07571969729070094,0.012258537890854442,-0.34262741694392207,0,0,0.01863092072689921,0.0,0.5346553939105688,0.48318105470460115,1.1745059620918263
2023-01-05,16850.36,16879.82,16753.0,16831.85,163473.56641,1256.79,1259.7,1243.0,1251.19,20825.2395,10912.5,10970.1,10729.4,10761.4,0.0,,-0.0010984928511914571,-0.015045386027002228,0.014331168748088633,-0.7507346448018485,0,0,0.007534525319557846,148814876.7503821,-0.00445579611550051,-0.015826195027176637,0.023200609262836836,-0.7395291418674027,0,0,0.013347293376705413,4673731.0736108525,-0.013313039810756822,-0.06868828482661338,0.011948377382698664,-0.3513790443126477,0,0,0.02236697827420231,0.0,0.5805793409022966,0.5254097479533485,1.1994228416832426
2023-01-06,16831.85,17041.0,16679.0,16950.65,207401.28415,1251.19,1277.09,1236.0,1269.18,29164.96988,10761.2,11089.9,10676.6,11033.7,0.0,,0.007058047689350921,0.006771541115091928,0.014129604360292432,-0.7489753180375569,0,0,0.02135611318739989,29385036.688340414,0.014378311847121461,0.030655416873066166,0.022581039739117896,-0.7357840106420849,0,0,0.03237523440331546,2028398.7373560446,0.02530339918597968,-0.039570693662247525,0.012942514163272467,-0.33496672935049904,0,0,0.03745796967472373,0.0,0.5687876372433518,0.5276918624580738,1.0917193726698684
2023-01-07,16950.31,16981.91,16908.0,16943.57,104526.5688,1269.18,1270.98,1260.98,1263.88,39348.61112,10761.2,11089.9,10676.6,11033.7,0.0,,-0.00041768309769840695,-0.016287062894432713,0.013463985536848147,-0.7490801668043177,0,0,0.004362126753688854,250247297.30026048,-0.004175924612742077,-0.012763431285247817,0.021400169760721538,-0.7368873566951246,0,0,0.007912143557932714,9422707.67361518,0.0,-0.05103594189436744,0.012698604894607097,-0.33496672935049904,0,0,0.03745796967472373,0.0,0.5452059165485905,0.49943151459826823,1.0602719783687662
2023-01-08,16943.83,17176.99,16911.0,17127.83,135155.89695,1263.88,1295.55,1257.76,1289.98,16367.712520000001,10761.2,11089.9,10676.6,11033.7,0.0,,0.010874921873017529,-4.261887747714077e-05,0.013583301704155065,-0.7463514332219241,0,0,0.01552969640637498,12428206.312293662,0.020650694686204396,0.021086959963272145,0.021583188945019142,-0.7314538978301555,0,0,0.029295027829888808,792598.2560263124,0.0,-0.04426273528112468,0.012660148922462686,-0.33496672935049904,0,0,0.03745796967472373,0.0,0.5395374358248285,0.4911958865156692,1.072917155886129
2023-01-09,17127.83,17398.8,17104.66,17178.26,266211.52723,1289.98,1344.61,1285.11,1320.18,52260.32458,11054.7,11313.8,11049.6,11112.4,0.0,,0.0029443309514396443,0.0029642405279464157,0.013593241024397207,-0.7456046078959712,0,0,0.017122805220086287,90414640.02320625,0.023411215677762387,0.04255739206658826,0.021970201890527574,-0.7251669071128347,0,0,0.04506961171961399,2232276.314761277,0.007132693475443208,-0.03744575432882635,0.012754554902458972,-0.3302232508799846,0,0,0.02377524207191956,0.0,0.539917113302189,0.5018001215168957,1.0657549770103523
2023-01-10,17179.04,17499.0,17146.34,17440.66,221382.42581,1320.18,1348.0,1316.85,1335.37,34540.54642,11112.8,11218.0,11023.6,11210.3,0.0,,0.015275120995956515,0.02081410355837421,0.013857032369016076,-0.7417186875007682,0,0,0.020220565047423655,14492996.876334626,0.011506006756654363,0.057149416551876886,0.02202850970791108,-0.7220046756891229,0,0,0.02332686820881111,3001955.1640252825,0.008809978042547018,-0.028965672559702837,0.012883721551006104,-0.32432253242682874,0,0,0.01734119515088799,0.0,0.5530823006600855,0.507552335451979,1.0755449470641885
2023-01-11,17440.64,18000.0,17315.6,17943.26,262221.60653,1335.37,1398.78,1321.29,1389.36,38678.84956,11211.2,11409.7,11170.4,11405.9,0.0,,0.02881771676071887,0.04261692300272557,0.014735160402823534,-0.7342756097925787,0,0,0.03814245571874907,9099316.150343662,0.04043074204153152,0.08938652615732035,0.023084231775991337,-0.7107651184431579,0,0,0.05577388149939542,956669.0602308876,0.017448239565399648,-0.024845039114264944,0.013067961308804717,-0.31253315010366944,0,0,0.020980369808607922,0.0,0.5879441548086338,0.5452868518684458,1.1275782640336474
2023-01-12,17943.26,19117.04,17892.05,18846.62,454568.32178,1389.36,1437.92,1363.4,1415.56,76194.33237,11404.7,11510.5,11214.5,11453.7,0.0,,0.05034536644957499,0.060305940465943175,0.016285440121792654,-0.7208976179929962,0,1,0.06499786168554371,9028998.367611518,0.018857603500892495,0.07175251175432873,0.022464937379853014,-0.7053108417281314,0,0,0.05264347678657209,4040507.690243724,0.004190813526332882,-0.032144396278550924,0.012889705496640752,-0.3096521047302184,0,0,0.025843177313881104,0.0,0.5153249964114424,0.5283775359191493,1.2634444977499215
2023-01-13,18846.62,20000.0,18714.12,19930.01,368615.87823,1415.56,1464.48,1400.81,1450.92,41483.24845,11456.8,11552.5,11323.6,11534.3,0.0,,0.05748457813655716,0.11946537550938996,0.01916932469813589,-0.7048535353064154,0,1,0.06451978699458762,6412429.664701376,0.024979513408121212,0.10960538390945262,0.022697360645019395,-0.6979496499478512,0,0,0.04388250213657546,1660690.1489767085,0.007037027336144419,-0.020308492024393998,0.01294682603340672,-0.3047941077197551,0,0,0.01984515748680021,0.0,0.49436949090897375,0.534090816952346,1.4806184807371687
2023-01-14,19930.01,21258.0,19888.05,20954.92,393913.74951,1450.92,1600.0,1449.15,1549.51,90777.53447,11456.8,11552.5,11323.6,11534.3,0.0,,0.0514254634092004,0.2073351870267579,0.02023337595323218,-0.6896754915859605,0,1,0.06537605488353097,7659895.444725763,0.06794999035094973,0.22322655004183978,0.024574573698696374,-0.6774253315763067,0,1,0.09735335686765488,1335946.0485820472,0.0,0.017367297616737387,0.010967762637584451,-0.3047941077197551,0,0,0.01984515748680021,0.0,0.37825210550849586,0.40857623337897836,1.8448026433276237
2023-01-15,20952.76,21050.74,20551.01,20871.5,178542.22549,1549.51,1567.16,1515.86,1552.2,41115.20028,11456.8,11552.5,11323.6,11534.3,0.0,,-0.003980926674976515,0.2548911383515753,0.01820310047099224,-0.6909108706994049,0,0,0.02394317610138242,44849300.570965074,0.0017360326812991822,0.3299859478356242,0.018551096487131585,-0.676865331409764,0,0,0.03304986470815628,23683288.85164914,0.0,0.029058044715664755,0.010733017510288295,-0.3047941077197551,0,0,0.01984515748680021,0.0,0.32621214240064134,0.3703710101820161,1.6959893612071153
2023-01-16,20872.99,21474.05,20611.48,21185.65,293078.08262,1552.2,1604.05,1521.4,1576.85,53614.13022,11546.5,11575.6,11448.0,11501.4,0.0,,0.0150516254222266,0.26281553027683935,0.01825139136307458,-0.6862585769030902,0,0,0.040714823477212156,19471510.862348855,0.01588068547867527,0.32820923180592976,0.018533736425741392,-0.6717337313706264,0,0,0.0524146240923359,3376056.8164028767,-0.0028523620852587417,0.02612279856538713,0.010754892854923277,-0.30677708664834374,0,0,0.01109430156328798,0.0,0.3200054331503174,0.36713595397048504,1.6970298671474873
2023-01-17,21185.65,21647.45,20841.31,21134.81,275407.74409,1576.85,1608.79,1540.81,1565.03,47587.37951,11509.8,11623.7,11469.4,11561.7,0.0,,-0.0023997375582056613,0.26266846932856036,0.018253653404288153,-0.6870114739796609,0,0,0.0381427606872264,114765298.18658419,-0.007495957129720621,0.3226872432852723,0.018649193661617023,-0.6741944012474056,0,0,0.04343686702491327,6348397.569850818,0.005242840002086746,0.03150259622075913,0.010782060662265707,-0.30314262982786055,0,0,0.013345788249133007,0.0,0.30966044934619447,0.34928647205264357,1.6929636223003934
2023-01-18,21132.29,21650.0,20407.15,20677.47,350916.01949,1565.03,1609.41,1501.8,1511.89,72317.50719,11556.8,11699.1,11408.6,11422.9,0.0,,-0.02163918199406567,0.25783934185297297,0.01844887724180359,-0.6937842896562693,0,0,0.06010648304652351,16216687.738906108,-0.03395462067819777,0.29455937253827447,0.019875644400899287,-0.6852570067678829,0,0,0.07117581305518267,2129827.53001743,-0.012005154951261532,0.03132928249623057,0.010788966666450106,-0.3115085105357057,0,0,0.02543137031752007,0.0,0.31544898863890064,0.3723075426894164,1.7099747095730646
2023-01-19,20677.47,21192.0,20659.19,21071.59,251385.84925,1511.89,1564.03,1509.64,1551.03,30058.55722,11408.3,11428.4,11250.8,11335.1,0.0,,0.019060358931726196,0.2471673031257915,0.018190702147417002,-0.6879477083065844,0,0,0.025285704590873367,13188928.826638054,0.025888126781710152,0.27483664159783006,0.019167537682348648,-0.677108900255435,0,0,0.03506701998027109,1161093.8814737808,-0.007686314333487876,0.022525123134934377,0.010907295593968332,-0.3168004725396596,0,0,0.01566814584785316,0.0,0.2997017298541185,0.3576845822938162,1.6677539645974842
2023-01-20,21071.59,22755.93,20861.28,22667.21,338079.13659,1551.03,1670.47,1541.94,1658.68,52067.902369999996,11345.8,11628.1,11309.0,11620.4,0.0,,0.07572375886205074,0.34726030287666876,0.02188813256272511,-0.6643179358180418,0,1,0.08358549640648326,4464636.951785818,0.06940549183445843,0.3667773593612236,0.022048789635157256,-0.6546984846686943,0,1,0.07748932886391587,750198.4856213421,0.025169605914372006,0.03289690052709715,0.011510605051627312,-0.29960460967259755,0,0,0.02746032838800733,0.0,0.48228223575364126,0.5143267908547587,1.9015606433324932
2023-01-21,22666.0,23371.8,22422.0,22783.55,346445.48432,1658.68,1680.47,1616.73,1626.71,53887.24157,11345.8,11628.1,11309.0,11620.4,0.0,,0.0051325240292035,0.3544359783918489,0.021822358698098388,-0.6625950395574552,0,0,0.041687972243131526,67499890.37554684,-0.019274362746280138,0.3359202411162301,0.022686801339890577,-0.6613539513320301,0,0,0.03918338240989482,2795797.4186423253,0.0,0.06186377177111324,0.010189551735440434,-0.29960460967259755,0,0,0.02746032838800733,0.0,0.5007504723017818,0.5418157462607212,2.141638596898411
2023-01-22,22783.35,23078.71,22292.37,22707.88,253577.75286,1626.71,1663.92,1604.15,1627.23,37376.39282,11345.8,11628.1,11309.0,11620.4,0.0,,-0.003321255906125198,0.35339154274816,0.0218385308136637,-0.663715647775081,0,0,0.03462850781314681,76349729.29820007,0.0003196636155184951,0.3337950819672131,0.022708111799750116,-0.6612456985117319,0,0,0.03673113204648389,116920480.78280501,0.0,0.0596367084913918,0.010196425737402585,-0.29960460967259755,0,0,0.02746032838800733,0.0,0.5044897861464718,0.5439265406093807,2.141780851278801
2023-01-23,22706.02,23180.0,22500.0,22916.45,293588.37938,1627.23,1648.65,1585.0,1626.31,38209.16473,11618.8,11930.3,11598.3,11882.6,0.0,,0.009184917306239049,0.36114793669800416,0.021800833670491248,-0.6606269038085131,0,0,0.029673007817528456,31964148.3913078,-0.0005653779736116693,0.33212378362438977,0.02272678015668481,-0.6614372227322596,0,0,0.03913767977814814,67580434.1679251,0.022563767168083837,0.08354610446454624,0.010855997235957397,-0.28380105115965093,0,0,0.027940013128439904,0.0,0.4684983292642686,0.47796423086362755,2.0081815714236324
2023-01-24,22917.81,23162.2,22462.93,22632.89,293158.78254,1626.31,1641.0,1533.11,1556.38,42532.82723,11880.4,11958.2,11780.5,11916.7,0.0,,-0.012373644259909389,0.3446258371647999,0.022118250995797024,-0.6648261857721705,0,0,0.03089618692089258,23692175.03432545,-0.04299918219773591,0.27746997939802864,0.024617083169156253,-0.6759951452773666,0,0,0.06932111695087324,989154.0993237435,0.002869742312288537,0.08665560256784377,0.010843705379417971,-0.28174574473214714,0,0,0.01491184640042971,0.0,0.4577773341047809,0.4371410610957458,2.0397299469680665
2023-01-25,22631.94,23816.73,22300.0,23060.94,346042.83223,1556.38,1640.33,1515.78,1611.39,65549.74964,11924.3,11924.3,11548.2,11820.7,0.0,,0.01891274158978362,0.36298885479913867,0.022153993608341287,-0.6584871300360173,0,0,0.06577051932835347,18296799.94406139,0.03534483866407956,0.31220684039087954,0.025099917757603278,-0.6645432459608166,0,0,0.07729351677744056,1854577.1765212626,-0.008055921521897824,0.07790159031222643,0.011014614389076964,-0.28753194464535414,0,0,0.0318170666711784,0.0,0.4350005031599407,0.3863326185556673,2.0113253821266084
2023-01-26,23060.42,23282.47,22850.01,23009.65,288924.43581,1611.39,1632.84,1577.4,1601.25,40322.93686,11818.9,12064.2,11812.6,12007.6,0.0,,-0.002224107083232396,0.37729882511809887,0.02185856588745684,-0.6592466912291193,0,0,0.018794723083575923,129905227.55667828,-0.006292703814719025,0.32120697052708014,0.024920837004294667,-0.6666541759566322,0,0,0.034622950819672024,6407877.117450073,0.01581124637288811,0.11006748636405672,0.010832632071084028,-0.2762669366893293,0,0,0.020953396182417833,0.0,0.3673719328546824,0.32180894647802216,2.0178425303836742
2023-01-27,23009.65,23500.0,22534.88,23074.16,280833.86315,1601.25,1622.0,1552.19,1597.73,44644.77892,11999.8,12258.5,11960.9,12174.2,0.0,,0.0028036063130034705,0.3944357119072526,0.021574513770774024,-0.6582913531014724,0,0,0.041826874737801896,100168436.68923692,-0.0021982825917251647,0.3422805823692989,0.02448534085715584,-0.6673869642786511,0,0,0.04369323978394343,20308842.91201832,0.013874546120790088,0.13875481722602623,0.010597147684119252,-0.26622546892328464,0,0,0.02444513807888817,0.0,0.3192365165246891,0.26124704232797746,2.035877394096464
2023-01-28,23074.16,23189.0,22878.46,23022.6,148115.71085,1597.73,1606.46,1556.12,1572.27,21195.435869999998,11999.8,12258.5,11960.9,12174.2,0.0,,-0.0022345342148967218,0.3841128760264694,0.02169019712198256,-0.6590549127644932,0,0,0.013488485227559046,66284529.01606414,-0.01593510793438191,0.3098975256185954,0.02494396165730442,-0.6726871889032532,0,0,0.032017401591329826,1330108.50357551,0.0,0.11292725959648608,0.010007130334517412,-0.26622546892328464,0,0,0.02444513807888817,0.0,0.36323119679186894,0.28935200745456374,2.16747206463839
2023-01-29,23021.4,23960.54,22967.76,23742.3,295688.79204,1572.27,1661.18,1566.66,1644.41,42756.56572,11999.8,12258.5,11960.9,12174.2,0.0,,0.03126058742279336,0.42961484824910223,0.02185588382301644,-0.6483967690585958,0,0,0.04181481996268274,9458833.688968508,0.04588270462452382,0.3705015585151603,0.02574019172209066,-0.6576691918718787,0,0,0.05747958234260311,931866.5224996752,0.0,0.11170771352126319,0.010018668275849874,-0.26622546892328464,0,0,0.02444513807888817,0.0,0.3437254666803276,0.259335496343853,2.1815136908528414
2023-01-30,23743.37,23800.51,22500.0,22826.15,302405.90121,1644.41,1647.28,1536.77,1566.16,47918.23017,12159.5,12206.7,11915.9,11941.1,0.0,,-0.03858724723383988,0.37985721539800754,0.02358607587558948,-0.6619641698591487,0,0,0.05697456645119735,7836936.929137294,-0.047585456181852503,0.30889641051355987,0.027779342693453182,-0.6739591595417574,0,0,0.07056111763804464,1006992.9752684529,-0.0191470486767098,0.0904217918161978,0.010831760167997074,-0.2802750855875404,0,0,0.024352865313915895,0.0,0.4396613076238448,0.3656740059797606,2.1774904295214412
2023-01-31,22827.38,23320.0,22714.77,23125.13,264649.34909,1566.16,1605.0,1561.7,1585.59,29460.01032,11934.5,12113.3,11821.3,12073.5,0.0,,0.01309813525276926,0.39167586922833886,0.02355586536204503,-0.6575365308356816,0,0,0.026171960979246366,20205101.102695953,0.012406139857996434,0.32088470509830036,0.027759677602412346,-0.6699142512756137,0,0,0.027308446698074508,2374629.5713985297,0.011087755734396243,0.10251212229131856,0.010916602412437647,-0.27229495154057576,0,0,0.024185198989522507,0.0,0.4360190400952262,0.3634375369655483,2.157799917418253
2023-02-01,23125.13,23812.66,22760.23,23732.66,310790.42271,1585.59,1648.02,1555.02,1641.57,49550.93224,12066.8,12477.4,12013.9,12460.2,0.0,,0.026271419879585478,0.42342979942865266,0.02365962603731679,-0.6485395292438464,0,0,0.04434521878289245,11829977.436877288,0.03530546988818051,0.35227731417791786,0.028150984351925742,-0.6582604188135075,0,0,0.05665308211041869,1403491.2539622087,0.03202882345632996,0.137824288414651,0.012084833046092132,-0.24898741501518876,0,0,0.03719843983242645,0.0,0.4377158813019107,0.3962268167211671,1.9577934067557121
2023-02-02,23731.41,24255.0,23363.27,23488.94,364177.20751,1641.57,1715.0,1627.0,1643.59,65739.17775,12469.8,12897.9,12453.1,12621.8,0.0,,-0.010269392474337113,0.40861687849846295,0.02391603551313427,-0.6521488147572566,0,0,0.03796382467663503,35462356.10300272,0.0012305293103553883,0.35326131704184305,0.028142390501748386,-0.6578398982423489,0,0,0.05354133330088404,53423061.90203227,0.012969294232837214,0.16196087456846953,0.011946822267850288,-0.23924731182795705,0,0,0.03524061544312216,0.0,0.3977380093104606,0.3799620189469806,2.0018725446990575
2023-02-03,23489.33,23715.7,23204.62,23431.9,332571.02904,1643.59,1676.0,1625.19,1663.69,38004.56938,12696.6,12839.7,12513.5,12577.4,0.0,,-0.002428376929737852,0.3905875008011699,0.024055529324669592,-0.6529935285504821,0,0,0.02181129144456923,136951416.1715166,0.01222932726531556,0.3237613284637848,0.027770387005825233,-0.6536555103808209,0,0,0.030540545414109565,3107655.677122202,-0.003517723304124587,0.1531916454257054,0.012048904729303266,-0.2419234292878153,0,0,0.025935407953949205,0.0,0.4060570807793317,0.38224520469659595,1.9964892992533123
2023-02-04,23431.9,23587.78,23253.96,23326.84,166126.47295,1663.69,1694.73,1645.5,1666.6,24554.59849,12696.6,12839.7,12513.5,12577.4,0.0,,-0.004483631288969336,0.385874992944923,0.02412365705592241,-0.6545493776233481,0,0,0.01431055385127174,37051686.841832034,0.001749123935348429,0.3320119246477353,0.027683814764158658,-0.653049710944152,0,0,0.029539181567262703,14038146.532848958,0.0,0.16875127771479548,0.011594146775241822,-0.2419234292878153,0,0,0.025935407953949205,0.0,0.40260285773620824,0.37462818769357137,2.080673698274988
2023-02-05,23327.66,23433.33,22743.0,22932.91,209251.33917,1666.6,1673.24,1609.19,1629.59,35292.86916,12696.6,12839.7,12513.5,12577.4,0.0,,-0.016887413811729313,0.3529221593272234,0.024656111885572724,-0.6603831452349419,0,0,0.03010215450197998,12390956.81513379,-0.022206888275530967,0.28397075276950456,0.028282218513995743,-0.6607543972503783,0,0,0.03930436490160099,1589275.0406700436,0.0,0.13990773720510785,0.010991677600812743,-0.2419234292878153,0,0,0.025935407953949205,0.0,0.4423779790789485,0.39241225094514315,2.243159811396897
2023-02-06,22932.91,23158.25,22628.13,22762.52,265371.6069,1629.59,1658.0,1605.1,1614.5,32417.30475,12532.6,12573.0,12422.0,12477.5,0.0,,-0.007429933663019583,0.3434311659231202,0.024795183987240028,-0.6629064759366896,0,0,0.02328916130551446,35716503.23821581,-0.00925999791358556,0.27741557742823675,0.02837741013675414,-0.6638958108240329,0,0,0.03276556209352746,3500785.858124361,-0.00794281807050734,0.13085365743132393,0.011195887706992154,-0.2479446935724963,0,0,0.0121017832097776,0.0,0.4531085056969626,0.4017875310727779,2.2146668928347513
2023-02-07,22762.52,23350.25,22745.78,23240.46,308006.72482,1614.5,1677.62,1613.53,1671.16,37795.85668,12478.6,12782.2,12423.7,12704.5,0.0,,0.020996796488262248,0.3568829209537925,0.024873703850881952,-0.6558285918144212,0,0,0.026009381914127397,14669217.673277296,0.03509445648807685,0.2954929533791222,0.028709850118439184,-0.6521004169815366,0,0,0.03835060676416376,1076974.8186039792,0.018192746944500016,0.1514269918522344,0.011452136101908287,-0.23426274169439223,0,0,0.02821834782950923,0.0,0.45954310783673996,0.43160743420802555,2.1719687846749713
2023-02-08,23242.42,23452.0,22665.85,22963.0,280056.30717,1671.16,1698.0,1631.04,1650.41,33077.2469,12711.8,12772.6,12477.6,12522.8,0.0,,-0.011938662143520351,0.33674772648685036,0.02517653578004127,-0.6599375379762085,0,0,0.03423550929756571,23457910.880147506,-0.012416525048469351,0.25014013240618693,0.028837236687820133,-0.6564201208684375,0,0,0.04057173671996658,2663967.586035816,-0.014302018969656438,0.12692127713185264,0.011957409945456366,-0.2452143304884518,0,0,0.02355703197368001,0.0,0.48472644890529376,0.44657109114727356,2.1055157295540132
2023-02-09,22961.85,23011.39,21688.0,21796.35,402894.6955,1650.41,1655.79,1524.01,1545.65,61764.77206,12514.3,12692.5,12331.6,12414.3,0.0,,-0.05080564386186481,0.24974341567348946,0.027485841711126443,-0.6772146303125782,1,0,0.060716129076657306,7930115.348882782,-0.06347513648123804,0.15746946539161444,0.031625536730283746,-0.6782289005885206,1,0,0.08525862905573704,973054.4234073791,-0.008664196505573818,0.10740122922669326,0.012142202714678942,-0.25175394184869093,0,0,0.029071312921389016,0.0,0.5106545933352706,0.4770406766589105,2.263660039318724
2023-02-10,21797.83,21938.16,21451.0,21625.19,338591.94247,1545.65,1554.6,1491.18,1513.3,46077.94247,12404.3,12414.8,12204.0,12303.3,0.0,,-0.007852690932197315,0.205198497931814,0.027334767029287194,-0.6797493640581685,0,0,0.022527432128920017,43117896.04538733,-0.020929705948953603,0.08920654114124504,0.031261795090423275,-0.6849634750820743,0,0,0.04190841207956112,2201556.035561185,-0.008941301563519466,0.07867857863035788,0.012050711359340873,-0.25844423549833656,0,0,0.017133614558695578,0.0,0.5036598621834222,0.4663673998574049,2.268309606885002
2023-02-11,21625.19,21906.32,21599.78,21862.55,177021.58433,1513.3,1543.15,1506.0,1538.78,16314.7119,12404.3,12414.8,12204.0,12303.3,0.0,,0.01097608853378862,0.16002498060660209,0.026078164528901417,-0.6762342647250689,0,0,0.014021237229874872,16127915.01324993,0.016837375272583,0.08704682245895623,0.031229335724638072,-0.6796590868874608,0,0,0.02414250250198215,968957.5688789345,0.0,0.07417690353335593,0.012055893036251566,-0.25844423549833656,0,0,0.017133614558695578,0.0,0.5182058862480773,0.46114334872097984,2.1631033735494998
2023-02-12,21862.02,22090.0,21630.0,21783.54,204435.65163,1538.78,1547.91,1493.56,1515.42,21038.98102,12404.3,12414.8,12204.0,12303.3,0.0,,-0.0036139425638820333,0.09300196036028097,0.024177442713569284,-0.6774043354965056,0,0,0.02111686163038698,56568438.02354712,-0.015180857562484551,0.04445455297328582,0.03112656911402379,-0.6845221366608585,0,0,0.035864644784944194,1385887.923295781,0.0,0.06667071257033363,0.012032158436421508,-0.25844423549833656,0,0,0.017133614558695578,0.0,0.5326062672418441,0.45772345520624513,2.009400287348363
2023-02-13,21782.37,21894.99,21351.07,21773.97,295730.76791,1515.42,1526.06,1462.0,1505.59,55583.12617,12318.7,12531.8,12231.1,12510.1,0.0,,-0.0004393225343538587,0.039086286180047614,0.022402843099204317,-0.6775460590414069,0,0,0.02498028609390028,673136507.7365402,-0.006486650565519891,-0.0283444443727372,0.028540659025499734,-0.6865685313214962,0,0,0.04254810406551581,8568835.321128776,0.016808498532913996,0.08459984567767442,0.012313132333258885,-0.24597979651863638,0,0,0.024036578444616662,0.0,0.5719789340141241,0.4942753102437324,1.8194253337502857
2023-02-14,21774.63,22319.08,21532.77,22199.84,361958.40109,1505.59,1568.65,1483.64,1555.73,48032.618500000004,12509.5,12646.4,12353.0,12583.9,0.0,,0.01955867487646934,0.06364372469635637,0.022614806986276267,-0.6712392872475614,0,0,0.035419624645943455,18506275.006529957,0.03330255912964364,0.002274191470171383,0.02920262307128434,-0.6761304613027393,0,0,0.05464315787443836,1442309.7002820931,0.005899233419397021,0.09099815333396921,0.012314252870636954,-0.24153165533535856,0,0,0.023315506321569597,0.0,0.5710575273101768,0.4931646336108138,1.8364726515787395
2023-02-15,22199.84,24380.0,22047.28,24324.05,375669.16111,1555.73,1681.89,1542.65,1674.76,74687.0465,12579.0,12718.1,12483.8,12710.3,0.0,,0.09568582476270104,0.14813800851047754,0.028267492872666895,-0.6397815472982709,0,1,0.09590179267021738,3926068.7022447158,0.07651070558515927,0.06209214573358279,0.03224425554673363,-0.6513509743794719,0,1,0.08314027084477776,976164.5271356866,0.010044580773845846,0.10510894325908149,0.012328728135883912,-0.23391315878296937,0,0,0.018433868594761815,0.0,0.5255272451675399,0.4982327586315325,2.2928131460909036
2023-02-16,24322.87,25250.0,23505.25,23517.72,450080.68366,1674.76,1742.78,1633.99,1638.19,86896.76514,12699.7,12758.0,12416.9,12429.5,0.0,,-0.033149496074872276,0.1127481155496548,0.0290902598922581,-0.6517226074822035,0,0,0.0741887393846002,13577296.827392748,-0.021835964556115472,0.04674670773084233,0.03250292965815906,-0.658964062145446,0,0,0.0664086583363346,3979523.0992180896,-0.022092318828037083,0.07505816618663341,0.013170016694822009,-0.2508377935290998,0,0,0.02744277726376768,0.0,0.5642864425322783,0.5131302606318741,2.2088231532359286
2023-02-17,23517.72,25021.11,23339.37,24569.97,496813.21376,1638.19,1721.78,1630.82,1693.87,50739.718369999995,12426.3,12426.3,12231.6,12353.3,0.0,,0.04474285772600406,0.18824836887684993,0.029595703060258768,-0.636139681659596,0,0,0.06844697002072048,11103740.976156915,0.03398873146582493,0.12036589963555544,0.03227538814100303,-0.6473726832335117,0,0,0.05369951649182053,1492838.9867279397,-0.006130576451184755,0.08145041977081124,0.012989361063541236,-0.2554305897102079,0,0,0.015760970752754237,0.0,0.4963221832880485,0.4572279493569517,2.278455432174729
2023-02-18,24568.24,24877.0,24430.0,24631.95,216917.25213,1693.87,1713.27,1679.45,1691.63,15846.35467,12426.3,12426.3,12231.6,12353.3,0.0,,0.002522591602675872,0.16896494284484476,0.029501365115290088,-0.6352218106760036,0,0,0.018147162526718347,85989500.64088722,-0.0013224155336595267,0.09064943940478276,0.032029047705658634,-0.6478390030747964,0,0,0.01999255156269393,11982795.451739836,0.0,0.08982717399934703,0.012852624682354331,-0.2554305897102079,0,0,0.015760970752754237,0.0,0.5166487996707576,0.48627491528791406,2.2953554539127428
2023-02-19,24632.05,25192.0,24192.57,24271.76,300395.99542,1691.63,1726.7,1666.4,1679.93,29331.62242,12426.3,12426.3,12231.6,12353.3,0.0,,-0.014622878010064233,0.0707872737756432,0.026564256361343415,-0.6405559176392205,0,0,0.04117665962418878,20542863.708814006,-0.006916406069885306,0.012811392191381055,0.029538784299691062,-0.6502746915315067,0,0,0.03589435274088799,4240870.144830139,0.0,0.06307011806822471,0.012154787630618247,-0.2554305897102079,0,0,0.015760970752754237,0.0,0.43867133479743464,0.41343571719125694,2.1854955687972435
2023-02-20,24272.51,25121.23,23840.83,24842.2,346938.56997,1679.93,1719.87,1650.74,1703.36,29763.70726,12348.8,12384.7,12313.8,12334.0,0.0,,0.02350220997570851,0.0903568583473604,0.02683460120659275,-0.6321081873410516,0,0,0.05154132886781355,14761948.885194238,0.013947009696832602,0.04711964640286204,0.029380854611150965,-0.645397069263069,0,0,0.04058449182791652,2134055.010100789,-0.0015623355702524266,0.06140924580909446,0.012167488419338292,-0.2565938569844255,0,0,0.005748337927679703,0.0,0.4263564260653532,0.40664902039485074,2.2054328902926703
2023-02-21,24843.89,25250.0,24148.34,24452.16,376000.82868,1703.36,1716.25,1635.8,1659.59,43707.3423,12335.5,12351.8,12060.9,12080.5,0.0,,-0.01570070283630276,0.07681386373364663,0.02703323962945978,-0.6378843473675184,0,0,0.045053688508499855,23948010.04261546,-0.02569627089986848,0.01988655568051212,0.029811461607643523,-0.6545090422331724,0,0,0.04847582836724736,1700920.941451247,-0.02055294308415756,0.039594161990981425,0.01284710891483566,-0.27187304113023775,0,0,0.024080129133727878,0.0,0.44115266029362016,0.43395581523660615,2.1042258430598166
2023-02-22,24450.67,24476.05,23574.69,24182.21,379425.75365,1659.59,1666.67,1595.06,1643.48,45746.14513,12078.9,12161.8,12006.8,12139.0,0.0,,-0.011039924489288477,0.05523368584575694,0.027120972328302007,-0.6418820768289705,0,0,0.03727368176853979,34368478.72767169,-0.00970721684271414,0.010557642761835018,0.029875559076438046,-0.657862797877412,0,0,0.04357217611409943,4712586.392717838,0.004842514796572939,0.02157776917509624,0.012231924220856623,-0.26834707555812726,0,0,0.01276876184199687,0.0,0.44157674548037196,0.45406045155191976,2.217226796564859
2023-02-23,24182.21,24599.59,23608.0,23940.2,398400.45437,1643.48,1678.65,1629.11,1650.37,38909.41391,12149.3,12233.9,12002.6,12165.5,0.0,,-0.01000777017485166,0.05776151432715837,0.02708071909102021,-0.6454660386995614,0,0,0.041419453471566656,39809073.281918414,0.0041923236060066316,0.06039013608501764,0.028710663719134458,-0.6564284480084603,0,0,0.03001751122475578,9281087.233671464,0.002183046379438114,0.02087826327758524,0.012228528565634611,-0.26674984329041906,0,0,0.019012782047593546,0.0,0.44374412135801455,0.48215785992363697,2.214550736841449
2023-02-24,23940.2,24132.35,22841.19,23185.29,343582.57453,1650.37,1664.49,1573.37,1607.76,47840.21123,12164.8,12186.5,11897.1,11974.5,0.0,,-0.031533153440656325,0.00539223466172678,0.027570255003592472,-0.6566456125011718,0,0,0.055688757828778496,10895912.018995602,-0.025818452831789185,-0.002252713495801806,0.028457576963599917,-0.6652989339178985,0,0,0.056675125640642955,1852945.759849667,-0.015700135629443945,0.013011073794276129,0.012495316457852191,-0.27826197020107046,0,0,0.0241680237170654,0.0,0.4956195617479761,0.5477275527372234,2.2064453535159174
2023-02-25,23184.04,23219.13,22722.0,23157.07,191311.8101,1607.76,1608.95,1557.3,1594.77,17639.8504,12164.8,12186.5,11897.1,11974.5,0.0,,-0.0012171510470647684,0.00640687711460175,0.02756738788988583,-0.6570635266534303,0,0,0.02146774181707794,157178715.63615674,-0.008079564114046867,-0.004046838407494202,0.028473746506562047,-0.6680031726403487,0,0,0.032387115383409576,2183264.878941078,0.0,-0.0027565874945867375,0.012156361614886124,-0.27826197020107046,0,0,0.0241680237170654,0.0,0.5139893951018621,0.5730824914418458,2.2677315866296897
2023-02-26,23157.07,23689.99,23059.18,23554.85,202323.73623,1594.77,1650.3,1588.03,1641.18,16797.76941,12164.8,12186.5,11897.1,11974.5,0.0,,0.017177475388725716,0.02083239433201456,0.027731921086649,-0.6511727438226231,0,0,0.02678047196224987,11778425.750418236,0.02910137511992339,0.027194832668848923,0.028950232630102622,-0.658341608428731,0,0,0.03794221231065452,577215.4603905748,0.0,-0.016403541916512054,0.011870045211992529,-0.27826197020107046,0,0,0.0241680237170654,0.0,0.5207492290048344,0.5821781643121622,2.3362925101334784
2023-02-27,23554.85,23897.99,23106.77,23492.09,283706.0859,1641.18,1664.68,1608.08,1633.04,38370.93509,11980.1,12165.1,11966.8,12071.5,0.0,,-0.002664419429544207,0.02039257077827883,0.02773378868498921,-0.6521021659415368,0,0,0.033680272806719244,106479114.34776956,-0.0049598459644890625,0.03865112226271572,0.028793880661928402,-0.6600361814233997,0,0,0.034659285749277506,7736300.28063784,0.008100546995699176,-0.00843587258300349,0.0119731044280239,-0.2724154973721009,0,0,0.016427121733007588,0.0,0.5130965631982147,0.5754652216914636,2.3163387313894175
2023-02-28,23492.09,23600.0,23020.97,23141.57,264140.99894,1633.04,1647.54,1596.8,1604.97,29493.03347,12071.4,12150.5,12004.0,12018.8,0.0,,-0.014920766947512987,-0.025302097943333157,0.027276272436041492,-0.6572930684450676,0,0,0.025021206426357367,17702898.439482898,-0.017188801254102715,-0.02398428615734527,0.027737060377396355,-0.6658797519344987,0,0,0.0316142980865686,1715827.4085394035,-0.004365654641096839,-0.012764699117806644,0.011996930178784176,-0.27559188003278856,0,0,0.012189236862249144,0.0,0.5262624709563981,0.60238885978445,2.273602437751406
2023-03-01,23141.57,24000.0,23020.03,23628.97,315287.41737,1604.97,1669.29,1595.19,1665.03,30107.24285,12017.3,12120.2,11904.3,11963.4,0.0,,0.021061665219775483,0.0351710647656307,0.02656920937373313,-0.6500750897841611,0,0,0.04147324238001069,14969721.737707097,0.0374212602104711,0.06312892680185933,0.02708908448266673,-0.6533765511900524,0,0,0.04450370263598849,804548.9284747873,-0.004609445202516049,0.00186749964408639,0.011494956516674586,-0.27893099956603506,0,0,0.018046709129511798,0.0,0.4694572595477838,0.523257093001088,2.311377709120933
2023-03-02,23629.76,23796.93,23195.9,23465.32,239315.45219,1665.03,1677.63,1619.32,1647.8,23283.872779999998,11945.0,12074.7,11810.8,12031.5,0.0,,-0.00692582029601807,0.014710836220164003,0.026518911118820068,-0.6524986068294163,0,0,0.02561354373177092,34554045.06916547,-0.01034816189498089,0.039234606676379125,0.027117637331290786,-0.6569634667549343,0,0,0.035386576040781756,2250046.9663915453,0.005692361703194759,-0.003478693005342315,0.011358938593807082,-0.2748264140026038,0,0,0.0219340896812535,0.0,0.4556360070290783,0.5082807528040443,2.3346272676397377
2023-03-03,23465.32,23476.95,21971.13,22354.34,319954.19785,1647.8,1648.99,1533.11,1569.6,48595.57858,12027.3,12309.5,11991.9,12306.0,0.0,,-0.04734561471993559,-0.05807692858701885,0.027471399128184366,-0.6689512739051117,0,0,0.06736141617243004,6757840.872153038,-0.04745721568151473,-0.04384217547835301,0.027776085952328295,-0.6732430254997845,0,0,0.07382772680937826,1023986.9246914,0.02281511033536976,-0.012375403284056508,0.01055788331034171,-0.25828149862577754,0,0,0.025808548675442904,0.0,0.2424832033518734,0.27186057144209147,2.6019773377777433
2023-03-04,22354.34,22410.0,22157.08,22346.57,121257.38132,1569.6,1577.48,1549.08,1566.94,16466.6933,12027.3,12309.5,11991.9,12306.0,0.0,,-0.0003475835117475734,-0.048634378562847025,0.02742354909165845,-0.6690663409838872,0,0,0.01131806805250194,348848229.9636783,-0.0016946992864422805,-0.04663571815355405,0.027772674351529924,-0.6737967803113101,0,0,0.018124497428108344,9716529.809409782,0.0,-0.02502020314059794,0.010254388241653986,-0.25828149862577754,0,0,0.025808548675442904,0.0,0.2647921383690774,0.2759647201070564,2.67432066176856
2023-03-05,22346.57,22662.09,22189.22,22430.24,154841.75786,1566.94,1589.02,1552.84,1564.77,22981.09199,12027.3,12309.5,11991.9,12306.0,0.0,,0.00374419877412957,-0.04274770718550347,0.027437976936061162,-0.6678272595834808,0,0,0.021081807417129686,41355001.06988469,-0.0013848647682744852,-0.05945819233150407,0.0276563146257653,-0.6742485276575547,0,0,0.023121608926551546,16594346.663297066,0.0,-0.021578386629987123,0.010242267275135023,-0.25828149862577754,0,0,0.025808548675442904,0.0,0.2649930589116622,0.28209258258484865,2.6788941754849582
2023-03-06,22430.24,22602.19,22258.0,22410.0,203751.82957,1564.77,1583.15,1554.85,1566.01,23979.34303,12294.2,12471.6,12262.3,12306.7,0.0,,-0.0009023532516817534,-0.03930408062129287,0.027430531292431826,-0.6681269967359157,0,0,0.01535876840696112,225798013.3724012,0.0007924487304844519,-0.060356414256570234,0.027652782774476335,-0.6739903863168435,0,0,0.01807140439716233,30259421.85701048,5.688282138804901e-05,-0.02152273124811166,0.010242402031474432,-0.2582393075847437,0,0,0.01700699618906783,0.0,0.26535924464526334,0.28206344633646735,2.678131987674304
2023-03-07,22409.41,22557.91,21927.0,22197.96,292519.80912,1566.01,1583.92,1536.27,1561.86,36794.25154,12307.0,12368.2,12128.7,12161.0,0.0,,-0.009461847389558242,-0.03204782995267508,0.02731529435206587,-0.6712671284455148,0,0,0.028421981118985702,30915685.692199726,-0.0026500469345662747,-0.041562601635994345,0.027382015157363764,-0.6748543270942238,0,0,0.03050849628007638,13884324.921502858,-0.011839079525786778,-0.03310700144703993,0.01044166602281079,-0.2670210714113506,0,0,0.01969410410328098,0.0,0.27449454266581136,0.28328592307539097,2.6159875380535773
2023-03-08,22198.56,22287.0,21580.0,21705.44,301460.57272,1561.86,1570.73,1524.0,1532.44,46107.68466,12157.7,12242.8,12088.5,12226.4,0.0,,-0.022187624448372745,-0.046439497911479166,0.0275717648449294,-0.6785609299434009,0,0,0.032572479525870016,13586873.058570212,-0.018836515436722823,-0.050826881387426415,0.02753636465747567,-0.6809789385810969,0,0,0.03049385294040877,2447780.7658789647,0.0053778472165118,-0.020124223602484448,0.01042248677631672,-0.2630792227204784,0,0,0.012620231629915534,0.0,0.25110502380006483,0.2621760363211975,2.645408814861076
2023-03-09,21704.37,21834.99,20042.72,20362.22,443658.28584,1532.44,1546.23,1407.7,1437.4,57394.51901,12222.8,12342.7,11966.3,11998.3,0.0,,-0.06188402538718396,-0.12384608566267608,0.029362670222739647,-0.6984528735152163,1,0,0.0880193809908743,7169188.031520656,-0.06201874135365815,-0.1398788865219368,0.028781524832215098,-0.7007642232756054,1,0,0.096375400027828,925438.1579324495,-0.018656350193024918,-0.0555866031721044,0.010298957221663161,-0.2768274748059213,0,0,0.031371110907378666,0.0,0.30405363193136103,0.2873463437262333,2.851030553915864
2023-03-10,20362.21,20367.78,19549.09,20150.69,618456.4671,1437.4,1438.4,1369.37,1426.6,142760.47454,11995.0,12103.6,11788.4,11888.5,0.0,,-0.010388356475865668,-0.12247136698166616,0.0293495531937888,-0.7015854525594132,0,0,0.04062838542997777,59533562.71525487,-0.007513566161124419,-0.1356087275283112,0.028749572649442518,-0.7030125510817996,0,0,0.0483877751296791,19000336.388236687,-0.009151296433661416,-0.050651611460695634,0.010125746920993814,-0.28344544095665175,0,0,0.026513016780922802,0.0,0.3032966188272545,0.28348560960463376,2.898504617757329
2023-03-11,20150.69,20686.51,19765.03,20455.73,427831.82133,1426.6,1477.95,1407.83,1471.91,113114.69283,11995.0,12103.6,11788.4,11888.5,0.0,,0.015137943167206735,-0.06150662840337939,0.028163570115165296,-0.69706807009999,0,0,0.045047524581132016,28262197.445346158,0.0317608299453247,-0.04770808397761461,0.02722444340154934,-0.6935799832208128,0,0,0.04763878226250254,3561451.5555861695,0.0,-0.042354381640527405,0.010042940378169309,-0.28344544095665175,0,0,0.026513016780922802,0.0,0.2803619544963875,0.2540612411334719,2.8043123837777166
2023-03-12,20455.73,22150.0,20270.6,21997.11,430944.94288,1471.91,1594.0,1449.21,1579.71,97640.83293,11995.0,12103.6,11788.4,11888.5,0.0,,0.07535199183798391,0.017198461608892268,0.031446111163221414,-0.6742415457906996,0,1,0.08543849623882416,5719090.831940799,0.07323817352963147,0.043884226524813386,0.03015120784313311,-0.671138340858986,0,1,0.09165606345468469,1333195.721470829,0.0,-0.033714531873562326,0.009943377822134268,-0.28344544095665175,0,0,0.026513016780922802,0.0,0.2576237658858438,0.22333699853103417,3.162514801365935
2023-03-13,21998.05,24500.0,21813.88,24113.48,687889.31259,1579.71,1695.0,1565.0,1673.41,133665.20831,11892.3,12090.7,11677.9,11943.9,0.0,,0.09621127502658289,0.10295825509833034,0.03590892481163514,-0.6428999095605341,0,1,0.11139495419159735,7149777.82907627,0.059314684340796786,0.08749138928241851,0.03182916850834384,-0.6516320153552462,0,1,0.07768568372365409,2253492.322526641,0.004659965512890496,-0.029211674916485797,0.009997319667112535,-0.28010632142340525,0,0,0.03456157536483068,0.0,0.27467987169564795,0.24375570981006664,3.5918516251156585
2023-03-14,24112.27,26386.87,23976.42,24670.41,699360.93423,1673.41,1777.51,1655.52,1699.17,114085.42807,11950.5,12225.0,11896.2,12200.4,0.0,,0.023096210086640312,0.13252529203242447,0.03604762072111103,-0.6346522508497859,0,0,0.09770611838230499,30280319.966059536,0.015393717020933284,0.12125351387734096,0.03170685299502249,-0.646269337180472,0,0,0.07179387583349518,7411163.51581784,0.021475397483234016,-0.008363609763234248,0.01080327167459577,-0.2646463185303053,0,0,0.026949936067669853,0.0,0.29028300084227493,0.2533121844436374,3.336728765100891
2023-03-15,24670.41,25196.97,23896.95,24285.66,581450.72984,1699.17,1716.4,1610.86,1649.82,150645.57197,12197.3,12276.7,11965.3,12267.5,0.0,,-0.01559560623435119,0.11535287317838683,0.03622887743125899,-0.6403500704841392,0,0,0.0535303549502052,37282959.589585565,-0.029043591871325436,0.09579633233483231,0.03223457495757028,-0.6565429461837758,0,0,0.06397061497617934,5186876.360494784,0.005499819678043361,-0.019392330996554796,0.010377387334323791,-0.2606020058826366,0,0,0.025384145098838514,0.0,0.2976057572984271,0.25778247473016275,3.4911333028976412
2023-03-16,24285.66,25167.4,24123.0,24998.78,439421.32998,1649.82,1692.55,1632.44,1673.26,73332.02072,12268.8,12602.9,12186.1,12581.4,0.0,,0.02936383034267953,0.1260792870579246,0.03641537162873269,-0.6297893709710788,0,0,0.041778038768291954,14964709.140626717,0.014207610527209091,0.0755465279965033,0.03181258262973226,-0.6516632421303322,0,0,0.03592388511050279,5161456.88009906,0.02558793560220085,-0.0001986665501155782,0.011377046073425231,-0.241682337624765,0,0,0.033128268714133505,0.0,0.31596761058134887,0.2476128262753246,3.200772800425278
2023-03-17,24998.78,27756.84,24890.0,27395.13,624460.68091,1673.26,1800.0,1662.59,1789.36,89642.69056,12576.9,12681.2,12442.7,12518.9,0.0,,0.09585867790348179,0.12625693500876722,0.036430292757575866,-0.59430146952655,0,1,0.10464779688944714,6514387.945083883,0.06938551091880507,0.06842771501588274,0.03126607462716612,-0.6274937182137452,0,1,0.07679281977913896,1291950.9628658677,-0.00496765065890914,-0.015058653218256057,0.011252014528243618,-0.2454493948599258,0,0,0.019051194593774214,0.0,0.20424108824114098,0.14960478571444483,3.2376656010776084
2023-03-18,27395.13,27724.85,26578.0,26907.49,371238.97174,1789.36,1841.75,1747.23,1758.91,84093.27342,12576.9,12681.2,12442.7,12518.9,0.0,,-0.017800244057976755,0.1441368465990751,0.03598699041840953,-0.6015230023829399,0,0,0.04262196139439236,20855824.334352024,-0.01701725756695116,0.07369108589357776,0.031147962809616545,-0.6338327535562093,0,0,0.05373782626740423,4941643.720952921,0.0,0.007192566072649731,0.010483039831039083,-0.2454493948599258,0,0,0.019051194593774214,0.0,0.14529311488943272,0.1038520273939331,3.432874115684948
2023-03-19,26907.49,28390.1,26827.22,27972.87,372066.99054,1758.91,1841.0,1758.05,1780.56,68624.63884,12576.9,12681.2,12442.7,12518.9,0.0,,0.039594179910500626,0.13849833760480768,0.03580325876650995,-0.5857456324490941,0,0,0.05587127813484986,9397009.798180655,0.01230875940212961,0.051178661880781906,0.030647753847213886,-0.6293256890187923,0,0,0.0465864671788651,5575263.992526081,0.0,0.013405324892943549,0.010413045906355608,-0.2454493948599258,0,0,0.019051194593774214,0.0,0.16973093217990454,0.12805454318464007,3.4383046714132623
2023-03-20,27972.87,28472.0,27124.47,27717.01,477378.23373,1780.56,1803.44,1723.53,1732.74,74932.15302,12594.8,12626.4,12402.1,12577.1,0.0,,-0.009146719660871439,0.1252462756704198,0.03589365680893163,-0.5895347010173737,0,0,0.04861743745086497,52191138.41006629,-0.02685671923439814,0.024302004575468494,0.03109773415634536,-0.6392807849162185,0,0,0.046117709523644676,2790069.9435889153,0.00464897075621673,0.01811661661256525,0.010439964525170079,-0.241941511162544,0,0,0.017833999888686523,0.0,0.16354162794286436,0.11333733636009362,3.4380981220207416
2023-03-21,27717.01,28438.55,27303.1,28105.47,420929.7422,1732.74,1835.0,1717.82,1801.26,85816.09281,12575.1,12772.9,12553.3,12752.4,0.0,,0.014015220256441863,0.15794940292751747,0.03574676926253922,-0.5837819394445058,0,0,0.04039960904407579,30033737.191476163,0.039544305550746284,0.07222324739721286,0.03182476238512585,-0.6250163940569201,0,0,0.06505446187668636,2170124.6213219757,0.013938030229544207,0.03230715679211227,0.010716460991658766,-0.23137566902936502,0,0,0.017220287945798468,0.0,0.1689796415083004,0.15659774767779436,3.33568478749795
2023-03-22,28107.81,28868.05,26601.8,27250.97,224113.41296,1801.26,1819.43,1709.99,1734.34,125549.17575000001,12752.8,12959.4,12556.6,12577.9,0.0,,-0.030403334297558482,0.09696282937904055,0.03616312938262923,-0.596436356280256,0,0,0.08316217734634766,7371340.822463311,-0.03715177153770144,0.01818758219049399,0.032566985506020794,-0.6389476993153008,0,0,0.0631018139465157,3379358.1506338622,-0.013683698754744178,0.019774606778012016,0.011044406211313315,-0.241893292829934,0,0,0.032024423790934835,0.0,0.21023279712205734,0.20606508076895133,3.27433598034685
2023-03-23,27250.97,28750.0,27105.0,28295.41,128649.60818,1734.34,1856.0,1729.31,1813.89,105357.70242,12573.1,12910.5,12573.1,12751.2,0.0,,0.038326709104299805,0.1571742537264602,0.03650706397674748,-0.5809690899023381,0,0,0.05813663770908427,3356655.9096775656,0.04586759228294346,0.09297477087714445,0.033151635981011764,-0.6223870995946764,0,0,0.06984436762979014,2296996.0751399207,0.013778134664769182,0.05551922519763264,0.010531798971117555,-0.23144799652828005,0,0,0.026460254721124257,0.0,0.2164070947780957,0.20566363111342661,3.4663621488829217
2023-03-24,28295.42,28374.3,27000.0,27454.47,86242.06544,1813.89,1818.52,1726.31,1749.51,123257.70324,12757.8,12805.8,12610.0,12801.8,0.0,,-0.029720014659621374,0.13531683001677686,0.03695554773309334,-0.5934226946932751,0,0,0.05005742234324681,2901816.752432624,-0.0354927807088633,0.06451554019519556,0.033832956868601785,-0.6357896314616004,0,0,0.0527061863035936,3472753.2205355703,0.003968253968253954,0.05460087321855167,0.010524457485472392,-0.22839818699069395,0,0,0.015294724179412213,0.0,0.2116661049507407,0.1974331763260661,3.511393596313114
2023-03-25,27454.46,27787.33,27156.09,27462.95,50844.08102,1749.51,1763.6,1713.0,1741.92,46821.30766,12757.8,12805.8,12610.0,12801.8,0.0,,0.0003088750210802349,0.14714789350130753,0.03686008243337365,-0.5932971131195278,0,0,0.02298514908267326,164605201.12690383,-0.004338357597270082,0.0554724092173271,0.033855248415538046,-0.6373697062809535,0,0,0.029048406356204596,10792379.071211558,0.0,0.05230364555505318,0.010529456403558176,-0.22839818699069395,0,0,0.015294724179412213,0.0,0.21339379610758982,0.19832795440635845,3.50066005442761
2023-03-26,27462.96,28194.4,27417.76,27968.05,49671.70353,1741.92,1800.11,1739.35,1774.09,56332.27808,12757.8,12805.8,12610.0,12801.8,0.0,,0.018392051837111456,0.20628424315589755,0.03626542543774637,-0.5858170125417191,0,0,0.027768829074604883,2700714.2521548374,0.01846812712409296,0.10345449569587495,0.03354880976149472,-0.630672603917503,0,0,0.034248544324132366,3050241.4889756613,0.0,0.0690884796859994,0.010009342324249234,-0.22839818699069395,0,0,0.015294724179412213,0.0,0.16253623720754107,0.15476899222123705,3.6231540526241304
2023-03-27,27968.05,28023.86,26508.14,27124.91,88039.46898,1774.09,1780.41,1686.87,1715.37,83958.24309,12800.1,12860.8,12652.3,12700.4,0.0,,-0.030146542215134797,0.17134464766052004,0.03686807306874307,-0.5983031974579208,0,0,0.05587926374686593,2920382.6809687577,-0.03309865903082709,0.07562219003367243,0.034160354996879444,-0.6428968454711808,0,0,0.054530509452771235,2536604.8106588167,-0.00792076114296425,0.06062048519771168,0.01017459292155403,-0.23450986064901883,0,0,0.01641680576989701,0.0,0.18960499088382876,0.18354386736905903,3.623539252882409
2023-03-28,27124.9,27520.0,26631.78,27261.07,78602.44341,1715.37,1795.13,1701.53,1772.92,79319.90738,12696.2,12721.2,12522.4,12636.0,0.0,,0.005019740157663266,0.1573442412072248,0.03680690709273068,-0.5962867838869955,0,0,0.03258199329666815,15658636.573775232,0.033549613202982664,0.0802715119609061,0.03428701200880698,-0.630916172763174,0,0,0.0527942603163144,2364256.2809154955,-0.005070706434442962,0.055242390078917625,0.010251026408727349,-0.2383914364241285,0,0,0.015732826843938043,0.0,0.1909737104252276,0.16549557635710385,3.5905547132185243
2023-03-29,27261.06,28650.0,27240.1,28348.6,89486.16008,1772.92,1827.78,1772.48,1793.13,81958.72164,12633.8,12878.0,12631.8,12849.8,0.0,,0.03989315166279228,0.2067295842983745,0.03729738035380604,-0.5801813913283258,0,0,0.04973437841727639,2243145.3499826845,0.011399273514879349,0.09803189144172841,0.03428383697453174,-0.626708885266583,0,0,0.030839927947220753,7189813.42406479,0.016919911364355666,0.06447417470902539,0.01055847454210737,-0.22550508703409045,0,0,0.01915983128142078,0.0,0.23173588920958696,0.17692146881371268,3.53245583729972
2023-03-30,28348.6,29184.68,27686.0,28028.53,98865.43256,1793.13,1829.62,1762.92,1793.54,94537.64348,12850.3,12996.4,12818.8,12976.8,0.0,,-0.011290504645732002,0.21117668334516626,0.037229836898195624,-0.5849213552798981,0,0,0.05346980380348168,8756503.63709264,0.00022865046036812942,0.1174912926721372,0.03406493271206066,-0.6266235320813478,0,0,0.03718902282636563,413441149.06355107,0.009883422310074774,0.07970845675108995,0.010576279650955225,-0.21785042673224367,0,0,0.013685962641020928,0.0,0.20679767006773903,0.16140999094748276,3.52012266370117
2023-03-31,28028.53,28656.69,27511.71,28465.36,78198.12139,1793.54,1846.83,1780.0,1821.92,66696.98924,12968.1,13202.7,12948.3,13200.0,0.0,,0.015585191231934026,0.20468052564288675,0.037172201896209844,-0.5784522752256432,0,0,0.040223626189867245,5017459.847087012,0.0158234552895391,0.09422653045290486,0.033564616420894845,-0.6207154262350709,0,0,0.03668108369192935,4215068.44547467,0.01719992602182363,0.10336526405536883,0.010809660119113091,-0.20439751193403735,0,0,0.019272727272727382,0.0,0.2223368134013781,0.20055371274887981,3.4387915159856646
2023-04-01,28465.36,28819.71,28220.27,28452.73,30238.44753,1821.92,1842.84,1808.31,1820.81,24881.66205,12968.1,13202.7,12948.3,13200.0,0.0,,-0.00044369718141634706,0.21254387325636293,0.03710797886896324,-0.5786393147629582,0,0,0.021067925643690383,68149556.27600297,-0.0006092473873716697,0.10499453817210824,0.03347257122840673,-0.6209465043707076,0,0,0.01896408741164645,40839327.62364891,0.0,0.09712005984291228,0.01081690952040837,-0.20439751193403735,0,0,0.019272727272727382,0.0,0.2275683706378934,0.20558055927696153,3.430549593990351
2023-04-02,28452.74,28530.0,27856.43,28171.87,37365.65692,1820.81,1824.64,1772.21,1794.4,31317.21558,12968.1,13202.7,12948.3,13200.0,0.0,,-0.0098711090289052,0.26024163540502654,0.03582060418655063,-0.5827986120274272,0,0,0.023909310954508867,3785351.6719415146,-0.014504533696541588,0.14322120285423057,0.03224843275504892,-0.6264444985708546,0,0,0.029218680338831956,2159131.389115479,0.0,0.0726474890297415,0.010169335065446232,-0.20439751193403735,0,0,0.019272727272727382,0.0,0.3598561843029334,0.3418242962667722,3.5224101410682946
2023-04-03,28171.87,28500.99,27200.24,27800.0,79180.01405,1794.4,1839.93,1763.0,1810.6,75281.7982,13161.8,13173.1,13041.8,13156.8,0.0,,-0.013200046713263913,0.2440387943205602,0.03600452181198666,-0.5883056898375036,0,0,0.04678956834532374,5998460.140738406,0.009028087382969119,0.1555005296948191,0.032231446807774886,-0.6230720068615634,0,0,0.042488677786369194,8338611.670495925,-0.003272727272727316,0.06913700633837139,0.010213318436165004,-0.20700130189498056,0,0,0.00997963030524148,0.0,0.3658369891881798,0.3365779503270864,3.525248604019825
2023-04-04,27800.0,28444.44,27662.79,28165.47,49722.55691,1810.6,1891.59,1802.25,1870.41,74270.45904,13149.0,13242.1,13062.4,13125.1,0.0,,0.013146402877697971,0.2556918695475394,0.03600788366208171,-0.5828933905736516,0,0,0.027752066626262506,3782214.7663071696,0.033033248646857416,0.19532583063325615,0.032594824649176825,-0.6106208507422605,0,0,0.04776492854507831,2248353.9948023153,-0.0024094004621183496,0.06656102714123202,0.010241309313354229,-0.20891195332465404,0,0,0.013691324256577148,0.0,0.3616896042386499,0.31719555947697253,3.515941897752277
2023-04-05,28165.47,28775.0,27805.1,28170.01,60737.64732,1870.41,1942.95,1864.78,1908.76,88478.76167,13122.3,13142.1,12901.3,12967.2,0.0,,0.00016119028015504355,0.25702855867916097,0.03599910625133846,-0.5828261570424237,0,0,0.03443023271912227,376783757.82959,0.020503525964895353,0.21886833417411133,0.03267492027326184,-0.6026372052452654,0,0,0.04095328904629187,4315292.826636676,-0.012030384530403504,0.05366995213989134,0.010561327137432642,-0.21842904672356428,0,0,0.01856993028564386,0.0,0.35949182224195175,0.28645599246794723,3.4085746703176913
2023-04-06,28170.01,28182.05,27711.0,28033.82,40118.94963,1908.76,1909.66,1853.83,1872.36,66773.24598,12959.8,13083.1,12851.3,13054.7,0.0,,-0.004834574073633635,0.26290073502249767,0.03593038586096689,-0.5848430148877845,0,0,0.01680291876026882,8298324.947702671,-0.019069972128502366,0.19880142906534526,0.032980500879991,-0.6102149026661421,0,0,0.029817983721079362,3501484.4549958655,0.006747794435190357,0.07348902228435161,0.010275057842231355,-0.21315516659433917,0,0,0.01775605720545099,0.0,0.3413126470661655,0.2659746581670643,3.496851447860044
2023-04-07,28033.83,28100.0,27766.94,27906.33,24762.09387,1872.36,1882.36,1841.13,1863.76,36083.46836,13052.8,13081.2,13008.5,13076.9,0.0,,-0.004547721288072681,0.2856836811416863,0.03555462414557755,-0.5867310331468714,0,0,0.011934926591923814,5444933.374789196,-0.004593133799055682,0.21620422333011402,0.0327032997783094,-0.6120052377710744,0,0,0.022121947031806557,7855941.363607755,0.001700536971358968,0.06956258587973574,0.010260447314317859,-0.2118171078644101,0,0,0.0055594215754498945,0.0,0.35505845370406386,0.2773473343765253,3.465208523986858
2023-04-08,27906.34,28154.99,27859.02,27938.38,19479.96735,1863.76,1879.32,1847.26,1848.96,21668.474439999998,13052.8,13081.2,13008.5,13076.9,0.0,,0.0011484849494720617,0.37206945018765136,0.032990946135480634,-0.5862563999583567,0,0,0.010593670785492972,16961299.96823627,-0.007940936601279147,0.286322526784472,0.030155651180332838,-0.6150862795795626,0,0,0.017339477327795054,2728701.6936380845,0.0,0.08989606860971966,0.009482722272584806,-0.2118171078644101,0,0,0.0055594215754498945,0.0,0.24799145635237962,0.15102346759360802,3.4790548954819274
2023-04-09,27938.38,28530.0,27800.0,28323.76,32531.16101,1848.96,1873.29,1823.87,1858.74,41986.62306,13052.8,13081.2,13008.5,13076.9,0.0,,0.013793927922807203,0.4055975254445381,0.03274211110436228,-0.5805492505608595,0,0,0.025773414264207862,2358366.493458859,0.005289460020768466,0.30291602411327645,0.030006152120284894,-0.6130502938439536,0,0,0.026587903633644334,7937775.031363177,0.0,0.09996214829457029,0.009224811745762736,-0.2118171078644101,0,0,0.0055594215754498945,0.0,0.2255095116238653,0.13221345599556708,3.5493489204170054
2023-04-10,28323.76,29770.0,28170.0,29637.34,67754.0622,1858.74,1918.71,1846.89,1910.19,51601.51764,13080.3,13098.6,12865.4,13064.6,0.0,,0.046377317135860574,0.44885271755151246,0.033339506016758384,-0.5610962501312461,0,0,0.05398595150576941,1460930.725945398,0.027680041318312476,0.29776277082158553,0.029909856773674835,-0.6023395099894453,0,0,0.03759835409043076,1864213.221521798,-0.0009405898951585501,0.09892753501282758,0.009237728724322753,-0.2125584647282897,0,0,0.01784976195214555,0.0,0.20637056572467763,0.13191945097241406,3.6090548793046326
2023-04-11,29637.35,30550.0,29590.0,30200.42,67990.07621,1910.19,1937.21,1881.84,1889.98,46689.82127,13062.8,13108.7,12951.7,12980.4,0.0,,0.01899900598366777,0.37292671628227514,0.03122301645269592,-0.5527575151612354,0,0,0.031787637390473376,3578610.4011095455,-0.010580099361843565,0.1964094675605017,0.02753771568787033,-0.6065467974860363,0,0,0.029296606313294383,4412980.9695903165,-0.006444896896958263,0.09184506035244144,0.009388197179975216,-0.21763344423549838,0,0,0.01209515885488891,0.0,0.23197110348635866,0.191214603044532,3.3257698572410868
2023-04-12,30200.43,30486.0,29637.4,29888.07,62049.48451,1889.98,1932.59,1853.55,1917.38,77849.77289000001,12975.3,13141.9,12837.8,12857.1,0.0,,-0.010342571394702404,0.2394755962225279,0.02697622781272722,-0.5573831524914244,0,0,0.028392599455234098,5999419.500994452,0.014497507910136598,0.14579212506199912,0.02572152074212485,-0.6008427065703216,0,0,0.04122291877457779,5369869.061211354,-0.009498936858648332,0.07645743852510489,0.009652769772860156,-0.2250650947490236,0,0,0.023652301063225793,0.0,0.2708639682388683,0.16967648892171153,2.7946589943524693
2023-04-13,29888.07,30595.0,29854.59,30373.84,51934.11731,1917.38,2022.24,1899.51,2011.79,87347.96698,12857.8,13126.4,12827.5,13078.9,0.0,,0.01625297317625396,0.2311850512415481,0.026868734148586395,-0.5501893127415095,0,0,0.024376568784190603,3195359.0763495727,0.049239065808551086,0.18398394510260885,0.026913917392216668,-0.5811885743311745,0,0,0.061005373324253535,1773956.2643218974,0.01725116861500653,0.0720058358742337,0.009393816653343634,-0.21169656203288495,0,0,0.022853603896352114,0.0,0.2565382146958222,0.2292897198700422,2.8602544138945496
2023-04-14,30373.84,31000.0,29966.0,30466.93,75984.19452,2011.79,2128.59,2009.3,2099.6,136333.45066,13090.3,13154.4,12957.9,13101.1,0.0,,0.003064808400913499,0.2545234512877146,0.02653442133889898,-0.548810729168379,0,0,0.033938437512411,24792396.997274674,0.04364769682720371,0.2726236801590476,0.026923102406613067,-0.5629084201958127,0,0,0.056815583920746905,3123496.297290682,0.0016973904533257311,0.06795190544120655,0.009375665337514213,-0.2103585033029558,0,0,0.014998740563769455,0.0,0.27094531157457596,0.2425050447246466,2.8301344045829655
2023-04-15,30466.93,30595.6,30202.0,30295.09,25429.81247,2099.6,2110.72,2071.49,2090.79,43662.93204,13090.3,13154.4,12957.9,13101.1,0.0,,-0.005640213831849872,0.21186273890165852,0.026327698092728828,-0.5513555331345058,0,0,0.012992204347305076,4508653.06557516,-0.004196037340445824,0.24953085593392532,0.026996131009124357,-0.5647424727858655,0,0,0.01876324260207865,10405729.129681572,0.0,0.04130700875896176,0.00827762856425342,-0.2103585033029558,0,0,0.014998740563769455,0.0,0.2301304514097694,0.2549862241683443,3.1805807765542835
2023-04-16,30295.1,30549.99,30120.0,30304.65,26431.99322,2090.79,2142.71,2072.87,2118.8,51492.26858,13090.3,13154.4,12957.9,13101.1,0.0,,0.0003155626868909245,0.10620573802716038,0.02025558068875902,-0.5512139576810829,0,0,0.01418891160267489,83758811.57654192,0.01339684999449986,0.18411051996244487,0.024402632665243035,-0.5589113929848009,0,0,0.032962053992826194,3843607.2782085044,0.0,0.046505683406689036,0.008195484439539682,-0.2103585033029558,0,0,0.014998740563769455,0.0,0.4248010144273891,0.3526125836694582,2.471550781736205
2023-04-17,30304.66,30316.06,29240.65,29430.27,56441.81127,2118.8,2120.07,2056.78,2074.48,56593.683489999996,13119.3,13122.1,12981.4,13084.9,0.0,,-0.028852997807267244,0.09375753739943771,0.020752059396495874,-0.5641627803760427,0,0,0.03654094916560398,1956184.6600888495,-0.02091750047196539,0.1794122496318742,0.024539139065488956,-0.5681378641302198,0,0,0.030508850410705314,2705564.9650970395,-0.0012365373899901888,0.04521164000031952,0.008206643933676917,-0.21133492453830952,0,0,0.010752852524665893,0.0,0.4255647565152138,0.3568665537329984,2.5286870342293213
2023-04-18,29430.27,30485.0,29096.78,30380.01,62004.89434,2074.48,2125.2,2051.0,2103.6,52397.2424,13089.9,13202.8,13044.8,13093.4,0.0,,0.03227085582293321,0.08605266459966376,0.020348311492257746,-0.55009794029929,0,0,0.04569517916551052,1921389.239452521,0.014037252709112602,0.1814260682032618,0.024556958357729322,-0.5620757061935185,0,0,0.035272865563795316,3732725.067971063,0.0006496037417176304,0.04589061339255052,0.008203385556075565,-0.21082260475432765,0,0,0.012067148334275284,0.0,0.440395768537813,0.35721217350376017,2.4804742564421955
2023-04-19,30380.01,30413.53,28520.0,28797.1,86575.48656,2103.6,2104.22,1922.11,1934.2,87830.35336,13081.0,13134.2,12972.2,13075.3,0.0,,-0.05210366948529643,0.038968489025331454,0.022614461283146564,-0.5735394885186899,1,0,0.06575419052612932,1661600.2442674218,-0.08052861760791019,0.11626672207024713,0.02863875454988136,-0.5973411441906749,1,0,0.094152621238755,1090672.4225779874,-0.0013823758534834418,0.039611675187443796,0.008198194995367121,-0.21191354452963024,0,0,0.012389773083600376,0.0,0.4317463362788163,0.35684320562153066,2.7584649683590734
2023-04-20,28797.1,29088.3,28010.0,28243.65,76879.09372,1934.2,1983.0,1913.4,1942.81,67474.48305,13073.0,13108.7,12932.4,13001.4,0.0,,-0.019218949130294316,0.004916480670844603,0.022794678293567117,-0.5817356113949285,0,0,0.03817849321882969,4000169.4784197547,0.004451452797022082,0.07858388017276785,0.027845695980192077,-0.5955487273007367,0,0,0.03582439868026205,15157822.5241237,-0.005651877968383068,0.01952573633198451,0.0079351236690053,-0.21636771300448437,0,0,0.013560078145430577,0.0,0.4359639660549047,0.30538342983938227,2.8726268824687007
2023-04-21,28243.65,28374.02,27125.0,27262.84,77684.7679,1942.81,1956.74,1824.74,1848.75,81273.70346,13001.2,13033.8,12895.0,12989.6,0.0,,-0.03472674388756414,0.00043558082519634667,0.02300889631084882,-0.5962605716953054,0,0,0.04581400910543437,2237029.3564299825,-0.04841441005553804,0.06596745736130183,0.028473209632681944,-0.6151299970646831,0,0,0.07139959432048681,1678708.603072552,-0.0009075945667389451,0.032732014088202366,0.007466957300764182,-0.21707893341048268,0,0,0.01068547145408629,0.0,0.381702520958205,0.2380459042444652,3.0814245441377586
2023-04-22,27262.84,27882.72,27140.35,27816.85,36023.69686,1848.75,1886.89,1842.79,1873.89,33158.42455,13001.2,13033.8,12895.0,12989.6,0.0,,0.020321067064179577,-0.016912990481495083,0.02220268363925208,-0.5880561556962721,0,0,0.026687780967291505,1772725.7638080504,0.013598377281947238,0.0330780808097515,0.027367577721990447,-0.6098963895602645,0,0,0.023533932087796045,2438408.6040864578,0.0,0.018696279565844742,0.007073705687455813,-0.21707893341048268,0,0,0.01068547145408629,0.0,0.3049665440301434,0.15875722282828592,3.138758273622058
2023-04-23,27816.85,27816.85,27311.25,27590.6,34812.09581,1873.89,1882.0,1837.1,1862.02,28948.16004,13001.2,13033.8,12895.0,12989.6,0.0,,-0.0081335593354388,0.004958391110809979,0.021557772857340507,-0.5914067253967852,0,0,0.018325081730734327,4280051.521577385,-0.006334416641318397,0.06430943521328825,0.026514708253863345,-0.6123674683620723,0,0,0.024113597061256105,4569973.208178943,0.0,0.014669812057679366,0.007046405360256345,-0.21707893341048268,0,0,0.01068547145408629,0.0,0.33928530791213274,0.18881604629868373,3.0593957005333627
2023-04-24,27590.59,28000.0,26942.82,27510.93,53111.56874,1862.02,1889.91,1805.7,1841.95,46531.19091,12988.5,13050.5,12883.6,12965.5,0.0,,-0.002887577653258644,0.0017470810674016235,0.021566084816218693,-0.5925865702058013,0,0,0.038427635852368504,18393058.538002674,-0.010778616771033533,0.05742514007531918,0.026597297611351704,-0.6165456108685832,0,0,0.045717853361926235,4316986.931493709,-0.0018553304181807562,0.012787264290959222,0.007059160997664736,-0.2185315106803607,0,0,0.012872623500829095,0.0,0.34024310261025703,0.19291807696026478,3.0550449653865916
2023-04-25,27510.93,28399.99,27192.0,28300.79,52325.14637,1841.95,1877.6,1802.08,1865.95,58613.1578,12966.2,12977.3,12721.7,12837.5,0.0,,0.02871077059190652,0.011897146923006918,0.02194383729140589,-0.5808894166869182,0,0,0.0426839674793531,1822491.2486270156,0.013029669643584318,0.05177865835442397,0.02650102510850264,-0.6115493268548184,0,0,0.04047268147592378,4498434.297949952,-0.009872353553661672,0.002788670343232935,0.007306522692360711,-0.22624644389797005,0,0,0.019910418695228707,0.0,0.262444148564701,0.16815674389299662,3.0033174715483173
2023-04-26,28300.8,30036.0,27235.0,28415.29,129228.40403,1865.95,1964.43,1784.16,1866.01,112842.66487000001,12867.2,12932.2,12784.7,12881.0,0.0,,0.004045823455811615,0.047571770745045816,0.021164472494427773,-0.5791937692583712,0,0,0.09857369043215818,31941108.16508539,3.215520244381764e-05,0.08781778858205525,0.02566379358973998,-0.6115368361447839,0,0,0.09660719931833162,3508221814.151494,0.003388510223953256,0.014220024566155454,0.007167870497661944,-0.22362457206229813,0,0,0.011450974303237327,0.0,0.22074847762536395,0.12049971452282317,2.9526821075395038
2023-04-27,28415.29,29890.0,28378.86,29472.77,95430.82431,1866.01,1939.03,1861.21,1908.61,98311.31844,12887.4,13253.7,12857.9,13184.4,0.0,,0.03721517535101704,0.08113034448024226,0.022129359689111668,-0.5635333915925209,0,0,0.051272411788915645,2564297.9716448463,0.022829459649198025,0.07653475622137473,0.02529769909181199,-0.6026684320203516,0,0,0.040773128087980226,4306333.872432011,0.02355407188882852,0.04339981006647675,0.008228160219225409,-0.2053377694199335,0,0,0.03002032705318415,0.0,0.33632352715031305,0.21146971323041422,2.6894630397175843
2023-04-28,29472.77,29599.54,28891.0,29311.7,54298.16578,1908.61,1923.54,1875.0,1891.01,49257.325469999996,13130.9,13258.7,13094.8,13248.8,0.0,,-0.005465044513970008,0.03397345900679416,0.021032840170234133,-0.5659187010363295,0,0,0.02417260001978735,9935521.345889725,-0.009221370526194428,0.05458611478253106,0.02533542770001112,-0.6063323736304456,0,0,0.02566882248110796,5341643.296259026,0.004884560541245753,0.03105106694267623,0.007725946348734036,-0.20145619364482384,0,0,0.012370931707022633,0.0,0.24530528554827088,0.19266200235735984,2.722360730614346
2023-04-29,29311.69,29448.88,29031.0,29230.45,20466.83058,1891.01,1917.8,1883.68,1907.86,27463.80165,13130.9,13258.7,13094.8,13248.8,0.0,,-0.002771930662499922,0.04288202056975532,0.020913771297154826,-0.5671219442989446,0,0,0.014296050864766057,7383574.568130056,0.008910582175662762,0.06373986640944729,0.02536302021897971,-0.6028245658957817,0,0,0.017883911817428894,3082152.2418017373,0.0,0.020960483324085954,0.00754481763743698,-0.20145619364482384,0,0,0.012370931707022633,0.0,0.2785409991507847,0.19926021186514864,2.7719349337262464
2023-04-30,29230.45,29969.39,29079.59,29233.21,39752.5372,1907.86,1939.39,1866.15,1870.22,45783.0692,13130.9,13258.7,13094.8,13248.8,0.0,,9.442208382015593e-05,0.026974891587529415,0.02074745655849146,-0.5670810710508853,0,0,0.03043798474406332,420964312.0415296,-0.019728910926378185,0.026510494423465314,0.025543068126262572,-0.6106604046573694,0,0,0.03916116820481013,2320606.857863503,0.0,0.003696969696969532,0.0068728334547142,-0.20145619364482384,0,0,0.012370931707022633,0.0,0.2506533624601687,0.17279304146249622,3.0187587852390885
2023-05-01,29233.2,29337.34,27666.95,28068.26,64433.65958,1870.22,1886.15,1806.59,1831.0,72063.15765,13244.3,13292.0,13186.2,13214.3,0.0,,-0.039850225137779915,-0.01351258736859351,0.02205456007391481,-0.5843329878359141,0,0,0.05951170467994808,1616895.3422037358,-0.020970794879746735,0.005596410388783113,0.025861143085649744,-0.6188251654498633,0,0,0.04345166575641735,3436356.3088414134,-0.002604009419721054,0.001083333333333325,0.006891156080717222,-0.20353560923863262,0,0,0.008006477830834724,0.0,0.2598892213888621,0.18161328436388904,3.2004104698082396
2023-05-02,28068.26,28879.88,27872.0,28669.86,50824.5224,1831.0,1881.8,1822.87,1869.97,58241.80056,13205.2,13262.3,13042.8,13099.1,0.0,,0.02143346256590184,0.017676852832275713,0.02232102748670472,-0.5754238044908149,0,0,0.03515468858236493,2371268.6893702843,0.021283451665756514,0.04211435577351752,0.025969658627651812,-0.6107124492825127,0,0,0.03151387455413727,2736481.5683957404,-0.00871782841315838,-0.00764393939393937,0.007075082193441059,-0.21047904913448096,0,0,0.01675687642662473,0.0,0.2104809896028363,0.14372827130289312,3.154874435049391
2023-05-03,28669.85,29266.66,28113.69,29026.16,64615.79213,1869.97,1916.29,1843.01,1905.05,88063.67641,13093.3,13238.2,13010.6,13018.9,0.0,,0.012427685381093623,0.04410647482014385,0.022256036777645937,-0.5701473051127249,0,0,0.0397217544449559,5199338.264140321,0.018759659245870308,0.05216502816745838,0.02612457424260517,-0.6034095474823933,0,0,0.038466181989974,4694308.585924884,-0.00612255803833861,-0.0104812720418338,0.007136188632416055,-0.21531293697863935,0,0,0.017482275768306108,0.0,0.18571743290685028,0.1273610762849461,3.118752423250705
2023-05-04,29026.16,29379.83,28663.64,28838.16,42575.47501,1905.05,1918.5,1866.94,1876.95,60056.90772,12991.4,13103.8,12933.7,12977.3,0.0,,-0.006476915995777599,0.02388349990254013,0.022195704159768508,-0.5729314249080685,0,0,0.024834802220391396,6573407.668661888,-0.014750269021810425,0.0034965595778464476,0.02562105639118679,-0.6092593633485096,0,0,0.027470097764991045,4071577.739729341,-0.0031953544462282046,-0.011260866583873708,0.007145534902141797,-0.2178202902743624,0,0,0.013107503101569553,0.0,0.19614660218686567,0.15068723905933573,3.106229750668223
2023-05-05,28838.16,29677.0,28800.0,29505.61,58415.83048,1876.95,2000.0,1875.85,1993.4,85612.56604,12993.3,13291.6,12989.0,13242.7,0.0,,0.023144680520532646,0.04741212374436521,0.02255851361816885,-0.5630470591772067,0,0,0.029723161120885147,2523940.8765555457,0.062042142838115044,0.04434292420209984,0.027774702428516058,-0.5850169769567217,0,1,0.0622805257349253,1379909.6601851748,0.02045109537423051,0.021245912764513486,0.007750363159688532,-0.20182385843097544,0,0,0.022850325084763708,0.0,0.2617874585731136,0.36378096175883157,2.9106358046733614
2023-05-06,29505.6,29820.0,28300.0,28848.2,49249.28459,1993.4,2018.0,1860.0,1896.57,87013.1046,12993.3,13291.6,12989.0,13242.7,0.0,,-0.02228084760830229,0.029049911856464883,0.02295659937743451,-0.572782741063679,0,0,0.05268959588466525,2210385.50022638,-0.04857529848500053,0.01293020572966741,0.029033904858058266,-0.6051749011672569,0,0,0.08330828812013266,1791303.1808509997,0.0,0.014400943721418313,0.007667159158361276,-0.20182385843097544,0,0,0.022850325084763708,0.0,0.2705254674961114,0.3759267919838496,2.994142805940267
2023-05-07,28848.19,29138.29,28395.23,28430.1,30003.41028,1896.57,1933.39,1867.27,1870.63,64537.81863,12993.3,13291.6,12989.0,13242.7,0.0,,-0.01449310528906489,0.018768859968329554,0.023113892405334846,-0.5789744457787487,0,0,0.026136383621584214,2070183.647999936,-0.013677322745798914,0.003686096922350668,0.029139699718766118,-0.6105750514721342,0,0,0.03534638063112434,4718596.8075408,0.0,0.012678845903845826,0.007664300369788891,-0.20182385843097544,0,0,0.022850325084763708,0.0,0.27155845425727637,0.37675678954302166,3.0157824109583267
2023-05-08,28430.09,28631.01,27262.0,27668.79,68244.36179,1870.63,1883.99,1810.44,1847.43,109109.52896,13253.5,13307.9,13195.1,13276.1,0.0,,-0.02677830890499855,-0.009649449968108348,0.02365861292942069,-0.5902487981265836,0,0,0.04947849183140999,2548493.1310330024,-0.012402238817938338,-0.0008274922118379768,0.029195787372912108,-0.6154047926854401,0,0,0.03981206324461547,8797560.068476161,0.0025221442757141777,0.015232968058179086,0.00767304237507378,-0.19981074304450552,0,0,0.008496471102206166,0.0,0.25457707154503184,0.37094676272161464,3.083337865159978
2023-05-09,27668.8,27818.0,27353.0,27628.27,40113.31069,1847.43,1861.8,1830.8,1846.6,61482.32007,13269.3,13288.4,13195.5,13202.8,0.0,,-0.0014644659199046783,-0.024555002584402574,0.023514264701135122,-0.5908488647973671,0,0,0.016830586931429293,27390898.098625578,-0.0004492727735286861,-0.006531306153630956,0.029181364134335246,-0.6155775808409162,0,0,0.01678760966099859,136845487.27990445,-0.0055211997499265975,0.009627664048818874,0.007752056315928958,-0.20422874776990219,0,0,0.007036386221104587,0.0,0.2560096972852398,0.3683568499288198,3.033289931075277
2023-05-10,27628.28,28331.42,26777.0,27598.75,71155.11355,1846.6,1887.25,1788.0,1841.06,83019.68026,13198.7,13388.7,13145.8,13351.9,0.0,,-0.0010684708090662465,-0.06878451305009159,0.02178006521204949,-0.5912860308418275,0,0,0.05632211603786397,66594657.523313865,-0.003000108307159133,-0.036190117213470985,0.02871893342641238,-0.6167308897340936,0,0,0.05390916102679978,27672135.482754633,0.011293059048080645,0.02199072302251892,0.007999733313366786,-0.19524205602970254,0,0,0.01819216740688602,0.0,0.2825378736972923,0.3646421027995333,2.722595508240513
2023-05-11,27598.74,27630.14,26702.05,26968.62,47635.31365,1841.06,1841.99,1771.8,1794.46,83079.83937,13353.1,13413.4,13305.4,13391.7,0.0,,-0.02283183115177323,-0.1070117567901373,0.021718868008854964,-0.600617719175018,0,0,0.03441370007067474,2086354.4614447532,-0.025311505328452055,-0.05054021735679737,0.029015875881963905,-0.6264320078608202,0,0,0.03911483120270168,3282294.176856807,0.002980849167534272,0.031686234630674104,0.007891530457474264,-0.19284319398235208,0,0,0.008064696789802638,0.0,0.3112299481883554,0.34777437576236386,2.7521709007123585
2023-05-12,26968.61,27091.12,25811.46,26795.01,67207.93494,1794.46,1816.27,1739.0,1807.36,104380.40508,13387.8,13437.1,13254.3,13314.3,0.0,,-0.0064374817843849685,-0.10348811415390824,0.02168834988273122,-0.6031887353328349,0,0,0.047757399605374284,10440080.887252113,0.007188792171461067,-0.057380383648520494,0.02890900349650142,-0.6237465052034217,0,0,0.04275296565155807,14519860.554012924,-0.005779699366025293,0.035560118533728424,0.0077476683682823795,-0.1975083176623753,0,0,0.01372959900257626,0.0,0.30667161754430505,0.3724439657008331,2.7993353430260446
2023-05-13,26795.01,27045.45,26692.03,26775.28,22814.90421,1807.36,1816.4,1785.0,1795.1,46339.51592,13387.8,13437.1,13254.3,13314.3,0.0,,-0.0007363311303112408,-0.11847563561275098,0.021376893799409952,-0.6034809198198675,0,0,0.013199488483407153,30984150.240740277,-0.006783374645892293,-0.10771004925961458,0.027277796820724714,-0.6262987736204532,0,0,0.01749206172358091,6831326.592700458,0.0,0.017998455527605595,0.007130420653143515,-0.1975083176623753,0,0,0.01372959900257626,0.0,0.2637303911645311,0.2796687175703461,2.9979807446813544
2023-05-14,26775.27,27200.0,26560.53,26917.62,21594.8036,1795.1,1823.6,1790.4,1799.13,42304.2283,13387.8,13437.1,13254.3,13314.3,0.0,,0.005316097534741049,-0.11649713312105947,0.021406381067171177,-0.6013729857152441,0,0,0.02375655797206444,4062145.7445841334,0.0022450002785361356,-0.14310821108782612,0.025822477963796713,-0.6254598142631418,0,0,0.018453363570169926,18843667.979811914,0.0,0.016273442688018447,0.007128303894319935,-0.1975083176623753,0,0,0.01372959900257626,0.0,0.2604597494233429,0.2849125398581188,3.0030076375043553
2023-05-15,26917.61,27663.59,26726.0,27162.14,40430.08333,1799.13,1846.86,1784.43,1816.16,82094.70271,13325.0,13428.3,13299.2,13412.8,0.0,,0.009084012628159499,-0.10341444768772767,0.02153346659235199,-0.5977518528835558,0,0,0.03451826697012828,4450680.605381923,0.009465686192770884,-0.13135226397677424,0.02595377091726686,-0.6219145343983745,0,0,0.03437472469385948,8672864.735791663,0.007398060731694578,0.02379189533703263,0.007235334300215094,-0.19157143545976188,0,0,0.009625134200166897,0.0,0.27371089779370134,0.29663859445593527,2.9761495374465925
2023-05-16,27162.15,27296.89,26852.11,27033.84,33270.45451,1816.16,1832.59,1796.53,1824.01,72272.01508,13412.3,13505.9,13378.2,13454.6,0.0,,-0.0047234864410535815,-0.10793096109012978,0.02152308170231128,-0.5996518665523993,0,0,0.016452712600207697,7043607.405064328,0.004322306404721976,-0.13913063998489716,0.02579215154566643,-0.6202803331688722,0,0,0.019769628455984314,16720667.418295756,0.003116426100441494,0.026982467121081433,0.007245680568196162,-0.18905202758088627,0,0,0.009491177738468547,0.0,0.2735618397282102,0.3045882530237117,2.970466582824213
2023-05-17,27033.85,27500.0,26544.71,27405.61,42958.97785,1824.01,1837.34,1783.59,1822.15,77655.64955,13445.7,13617.3,13422.8,13589.3,0.0,,0.013752023389943968,-0.0687951554640851,0.021200810199941012,-0.5941462696571075,0,0,0.034857461665695484,3123827.3375203777,-0.0010197312514733659,-0.12163530137673051,0.02561476112837761,-0.620667545179939,0,0,0.029498120352331035,76152307.69354461,0.010011445899543503,0.038548250273215734,0.007419544188477175,-0.18093326582766775,0,0,0.01431273134009846,0.0,0.29035694400401385,0.2978153890234667,2.85742372942927
2023-05-18,27405.62,27485.33,26361.2,26821.28,49198.65143,1822.15,1831.85,1771.38,1800.5,60547.523199999996,13590.4,13862.3,13578.4,13862.0,0.0,,-0.021321546938747327,-0.11714051443696039,0.020444454802999328,-0.6027996990188792,0,0,0.04191186997786836,2307460.546682314,-0.011881568476799442,-0.14408632819927736,0.02542207766303649,-0.6251746097173561,0,0,0.033585115245764956,5095915.775688229,0.020067258799202348,0.05870133044129111,0.008170858090122511,-0.16449684169921408,0,0,0.020480450151493263,0.0,0.2108086453292026,0.252579900408499,2.502115390617301
2023-05-19,26821.28,27183.6,26630.0,26880.26,28754.13544,1800.5,1829.25,1797.13,1812.07,46112.82285,13860.9,13912.3,13766.5,13792.2,0.0,,0.0021990001968585915,-0.06656364703390272,0.018327521532771906,-0.6019262554788295,0,0,0.020595038887272616,13075944.56864133,0.006425992779783396,-0.06314238444835074,0.02108359160165863,-0.6227659844657203,0,0,0.01772558455247308,7175973.062923938,-0.00503534843456932,0.05482856989896989,0.00824885045611115,-0.16870389121944163,0,0,0.010571192413103005,0.0,0.188235720037287,0.23840500681362892,2.221824654482305
2023-05-20,26880.26,27150.0,26825.11,27102.43,14434.54718,1812.07,1828.55,1807.03,1819.25,15646.32515,13860.9,13912.3,13766.5,13792.2,0.0,,0.008265173030320483,-0.04040625060854386,0.018129736423036672,-0.5986361071015344,0,0,0.011987485992953378,1746428.0133963712,0.003962319336449527,-0.06359860202490208,0.02107865333239641,-0.6212712628316023,0,0,0.01182905043287068,3948769.479121592,0.0,0.060824218930269236,0.008136242583857384,-0.16870389121944163,0,0,0.010571192413103005,0.0,0.15748353381732405,0.2492407857323962,2.2282661748980996
2023-05-21,27102.42,27277.55,26666.03,26747.78,21347.87279,1819.25,1828.86,1797.59,1804.98,21062.7912,13860.9,13912.3,13766.5,13792.2,0.0,,-0.013085542514084558,-0.018892382451718204,0.017154649247735996,-0.6038881713856757,0,0,0.02286245811801953,1631407.8268397413,-0.007843891713618212,-0.023675456389452343,0.01921548695007641,-0.6242419700347867,0,0,0.017324291681902283,2685244.151317166,0.0,0.06178789185194322,0.00812673301106513,-0.16870389121944163,0,0,0.010571192413103005,0.0,0.14822900666540806,0.2462149225864221,2.110888608681084
2023-05-22,26747.78,27099.89,26538.21,26849.27,26458.83828,1804.98,1828.62,1792.25,1817.23,32879.71111,13763.1,13904.9,13752.4,13873.2,0.0,,0.0037943335858154903,-0.0347839528918622,0.01672312164152589,-0.6023851909706256,0,0,0.020919749401007933,6973232.044380978,0.006786778800873083,-0.030236566714161528,0.019081449483809906,-0.6216917834027609,0,0,0.020013977317125457,4844663.960335733,0.005872884673946199,0.06802364968898189,0.00814680407885833,-0.16382178504267322,0,0,0.010992417034281924,0.0,0.16737176747901095,0.26035032996800966,2.0527191954611803
2023-05-23,26849.28,27495.83,26798.11,27219.61,38700.83858,1817.23,1875.32,1815.5,1854.06,56914.95099,13870.1,13936.3,13670.3,13691.9,0.0,,0.013793298663241194,-0.013446246185294886,0.01688100782755445,-0.5969007711567559,0,0,0.02563299033307241,2805769.0525795836,0.020267109831997088,-0.004274927229567904,0.01943256873283897,-0.6140245692266377,0,0,0.032264328015274554,2808240.7101646713,-0.013068362021739888,0.05406632998706651,0.008606455409936748,-0.17474926467042776,0,0,0.01942754475273702,0.0,0.1016022722287979,0.1752687188582958,1.9614332973515678
2023-05-24,27219.61,27219.61,26080.5,26329.01,54393.0657,1854.06,1854.15,1776.64,1800.19,64795.30339,13691.1,13805.1,13527.2,13801.5,0.0,,-0.03271905806144915,-0.0429618337148181,0.0178865489317072,-0.6100897982298034,0,0,0.04326444480821727,1662427.1081879614,-0.029055154633614855,-0.022671625179836563,0.020059751829971318,-0.6252391450525339,0,0,0.04305656625134013,2230078.6867693816,0.00800473272518798,0.06447880914735249,0.008650513299378406,-0.16814335310284975,0,0,0.020135492518929075,0.0,0.0506281607221225,0.12636025485744376,2.06768403629321
2023-05-25,26329.0,26631.98,25871.89,26473.79,37435.44895,1800.19,1818.54,1760.38,1806.05,61323.45649,13840.7,13993.5,13765.9,13944.3,0.0,,0.005498877473934849,-0.06455650177963235,0.017024521054448325,-0.6079457298044318,0,0,0.02871103835151673,6807822.33268946,0.003255211949849679,-0.03210161043972248,0.019910055841112734,-0.6240192190391729,0,0,0.032202873674593645,18838487.03245314,0.010346701445494988,0.08621616358325213,0.008469635081785077,-0.15953638073195436,0,0,0.016322081423951033,0.0,0.15755539450203843,0.17116595557473022,2.010063100644143
2023-05-26,26473.8,26932.16,26327.24,26705.92,35061.18713,1806.05,1837.9,1796.89,1827.82,36848.89797,13942.0,14331.2,13889.0,14328.8,0.0,,0.008768294981564617,-0.06015669732738971,0.017104772832400757,-0.6045080823145751,0,0,0.02265115749616558,3998627.6941457023,0.012053929846903344,-0.020466128262978223,0.020049879620843748,-0.6194871730816872,0,0,0.02243656377542646,3057000.320062695,0.027573990806279314,0.11239810573713216,0.009603266641537656,-0.13636144462124508,0,0,0.030860923454860193,0.0,0.19317916808830637,0.20554302950930028,1.781139237249129
2023-05-27,26705.93,26895.0,26551.0,26854.27,15095.6867,1827.82,1835.98,1812.31,1830.17,16734.9382,13942.0,14331.2,13889.0,14328.8,0.0,,0.005554948116372804,-0.08884472005854893,0.015508924844215352,-0.6023111452313877,0,0,0.012809880886726766,2717515.8450802076,0.0012856845860096389,-0.041097971822425694,0.019565601088731618,-0.6189979536053394,0,0,0.012933224782397303,13016262.479520574,0.0,0.08679955098449676,0.008848948394432468,-0.13636144462124508,0,0,0.030860923454860193,0.0,0.021984198613264398,0.13124523131566135,1.7526271627599876
2023-05-28,26854.28,28261.32,26764.36,28065.0,43916.00855,1830.17,1922.5,1823.62,1908.83,47575.17033,13942.0,14331.2,13889.0,14328.8,0.0,,0.04508519501740316,-0.042532504085399325,0.017805571121453333,-0.5843812656578972,0,0,0.053339034384464606,974066.9590622502,0.042979613915647086,0.009423535570938224,0.021090676471868217,-0.6026226327502253,0,0,0.05180136523420111,1106923.8396169369,0.0,0.0815168166173541,0.008854509826803846,-0.13636144462124508,0,0,0.030860923454860193,0.0,-0.007541427794890569,0.10332728616138165,2.010901942706529
2023-05-29,28065.01,28447.14,27524.6,27736.4,42385.41945,1908.83,1927.74,1873.46,1892.53,52517.69685,14403.5,14417.9,14336.2,14375.0,0.0,,-0.011708533760912077,-0.05111279504763011,0.01790561833667556,-0.5892475516406093,0,0,0.033260985564096304,3620041.938221209,-0.00853926227060553,-0.008035180778463769,0.021092093512795354,-0.6060159423095739,0,0,0.028681183389431066,6150137.29340614,0.003224275584836178,0.08500392488376307,0.008840752965630552,-0.13357683591301417,0,0,0.00568347826086949,0.0,-0.009451394848095337,0.10698412211374442,2.02534763190526
2023-05-30,27736.39,28038.59,27554.0,27694.4,32686.75371,1892.53,1916.72,1881.47,1900.68,49101.85001,14372.0,14539.8,14306.9,14372.6,0.0,,-0.0015142556351941394,-0.05263910463476296,0.017902801878116666,-0.5898695358502072,0,0,0.01749776128025883,21585878.296583895,0.004306404654087492,0.016286853953010993,0.02077311131811117,-0.6043192875298996,0,0,0.018545994065281898,11402025.572106557,-0.00016695652173914777,0.08482277640239122,0.008842603043464467,-0.13372149091084432,0,0,0.016204444568136567,0.0,-0.008488353201580576,0.09603665087399353,2.024605372882232
2023-05-31,27694.39,27835.51,26839.01,27210.35,46588.80573,1900.68,1907.36,1846.8,1873.53,47766.62959,14361.1,14399.9,14224.1,14259.6,0.0,,-0.017478262753480966,-0.030565129438020033,0.016680779168100138,-0.5970379038658244,0,0,0.03662209416637419,2665526.873685009,-0.014284361386451172,0.023227744401966177,0.020566921125455603,-0.6099713338204711,0,0,0.03232400868947919,3343978.415130468,-0.007862182207812096,0.07910369826627228,0.0090031445772148,-0.14053233039201507,0,0,0.012328536564840478,0.0,-0.01646097718299265,0.1035324965294299,1.8527704956122697
2023-06-01,27210.36,27350.0,26605.05,26817.93,39217.8088,1873.53,1888.84,1838.7,1861.81,64084.88854,14262.1,14499.5,14220.1,14468.4,0.0,,-0.014421718206491185,-0.06459501371823928,0.01630570065472222,-0.6028493096641685,0,0,0.02777805744142075,2719355.6998493536,-0.006255571034357588,-0.004363706369620912,0.020240930088506786,-0.6124111858471928,0,0,0.026930782410664822,10244434.240085127,0.014642766978035793,0.1045338992755227,0.009002549101254361,-0.12794734558078988,0,0,0.01931105028890545,0.0,0.010672445825252536,0.13620570899196843,1.8112295038918749
2023-06-02,26817.93,27300.0,26505.0,27242.59,36380.90269,1861.81,1910.69,1847.68,1906.8,59255.84304,14466.7,14600.7,14443.5,14559.7,0.0,,0.01583492834831035,-0.06144698437547369,0.016421798791153304,-0.5965604569392188,0,0,0.029182247356070036,2297508.3255617465,0.02416465697359027,0.0009186110600771791,0.02043631607586997,-0.6030452351063895,0,0,0.03304489196559681,2452168.8258630303,0.0063103038345637685,0.11835101275837445,0.008835667864633974,-0.1224444283716669,0,0,0.010796925760833034,0.0,0.055762563779920726,0.18449098296954616,1.8585782599526213
2023-06-03,27242.59,27333.29,26914.93,27069.22,16595.34117,1906.8,1907.96,1882.0,1892.1,23940.45968,14466.7,14600.7,14443.5,14559.7,0.0,,-0.006363932357385971,-0.061340251943951984,0.01642074523261893,-0.5991279189015521,0,0,0.015455192281122269,2607713.9354883535,-0.00770925110132159,0.008071605530248549,0.020298299138490513,-0.6061054590648205,0,0,0.013720205063157359,3105415.5988951926,0.0,0.12193599593135729,0.0087677694565422,-0.1224444283716669,0,0,0.010796925760833034,0.0,0.05265273059317811,0.17261643041894004,1.872851080938899
2023-06-04,27069.22,27455.02,26951.0,27115.21,19258.41049,1892.1,1914.0,1884.39,1890.0,29560.88554,14466.7,14600.7,14443.5,14559.7,0.0,,0.001698977658018963,-0.08101510187384708,0.015742136620169826,-0.5984468461920424,0,0,0.01858809133324066,11335226.832933856,-0.0011098779134294245,-0.05187117487709447,0.016636542355959016,-0.6065426339160249,0,0,0.015666666666666614,26634117.898140095,0.0,0.09945101829687308,0.008212326884871753,-0.1224444283716669,0,0,0.010796925760833034,0.0,-0.060112904055559385,-0.04201522955562112,1.9168888028898319
2023-06-05,27115.2,27129.33,25388.0,25728.2,65805.60305,1890.0,1890.8,1778.44,1810.25,104839.85497,14552.0,14672.8,14490.8,14561.2,0.0,,-0.05115247125137512,-0.10815232839483924,0.017737061675599224,-0.618987282348103,1,0,0.06768176553353913,1286459.648489309,-0.04219576719576723,-0.04551374323120161,0.01604621356730195,-0.623144869336764,0,0,0.062068775031073,2484605.378485996,0.00010302410077134283,0.09956428824937502,0.008210965023392063,-0.12235401899802305,0,0,0.012498969865121006,0.0,-0.03266005482634662,-0.05000645970668908,2.1601650991591748
2023-06-06,25728.2,27355.33,25351.02,27230.08,68392.60438,1810.25,1898.23,1797.25,1884.02,92669.33493,14556.4,14603.5,14485.1,14574.6,0.0,,0.05837485716062529,-0.042209489238518194,0.020907647804467334,-0.5967457193787917,0,1,0.07360646755352908,1171610.4499528834,0.04075127744786622,0.007158016283284274,0.017613798731005135,-0.6077875413494547,0,0,0.0535981571320899,2274022.263678255,0.0009202538252341963,0.10057616649172751,0.00820030564793122,-0.12154636192680458,0,0,0.008123722091858413,0.0,-0.06362651926148974,-0.07834324791466547,2.5496150028983244
2023-06-07,27230.07,27391.77,26125.01,26339.34,59619.44364,1884.02,1897.22,1820.68,1832.34,83733.62067999999,14578.1,14656.6,14287.7,14298.3,0.0,,-0.0327116189155523,-0.04804872204386246,0.02118393206470176,-0.609936819732538,0,0,0.04809383986083182,1822576.423629419,-0.027430706680396155,-0.008168103798249504,0.018194232502091897,-0.6185462062590947,0,0,0.04177172358841698,3052549.507021874,-0.018957638631592055,0.07699550319747517,0.009147440174423952,-0.13819976855200355,0,0,0.02580026996216331,0.0,0.06404568604547659,0.055790573448582355,2.3158291830800586
2023-06-08,26339.34,26810.0,26210.0,26498.61,31075.51083,1832.34,1861.19,1828.56,1845.66,40487.43038,14300.2,14510.0,14240.4,14504.5,0.0,,0.006046848554291717,-0.04088782974829763,0.021227780372883694,-0.6075781667548551,0,0,0.022642697107508658,5139116.543075804,0.007269393234880184,-0.0005090436477850346,0.018243830425297328,-0.6157732686314553,0,0,0.017679312549440367,5569567.276957821,0.01442129483924659,0.09859272275577924,0.00926707929920958,-0.12577149332176096,0,0,0.018587334965010884,0.0,0.07774679184157657,0.0712515321379455,2.2906631939647197
2023-06-09,26498.62,26783.33,26269.91,26477.81,27934.7097,1845.66,1855.09,1826.93,1840.25,44395.421089999996,14501.5,14677.7,14445.9,14554.7,0.0,,-0.000784946833060296,-0.04061560759092342,0.02122789189973274,-0.6078861970300847,0,0,0.01939057648649952,35587574.40341208,-0.0029312007628707892,-0.0004399639338207306,0.018243425305316995,-0.6168995143195581,0,0,0.015302268713489936,15145762.171847276,0.003460994863663025,0.09008455725402387,0.009140107667260379,-0.12274579295047977,0,0,0.01592612695555395,0.0,0.07870737960620472,0.07734246662900132,2.3224965665125294
2023-06-10,26477.8,26533.87,25358.0,25841.21,64944.60108,1840.25,1844.9,1716.38,1751.39,125656.82999,14501.5,14677.7,14445.9,14554.7,0.0,,-0.024042773930321393,-0.041804512058829846,0.02127161992751139,-0.6173137005498489,0,0,0.04550367417005624,2701209.696356983,-0.04828691753837788,-0.024001649521304458,0.0197675457444455,-0.6353982558805221,0,0,0.07338171395291739,2602294.9977533654,0.0,0.08684483672722654,0.009155606962525513,-0.12274579295047977,0,0,0.01592612695555395,0.0,0.09045308062029177,0.09806180941351421,2.3233409626655854
2023-06-11,25841.22,26206.88,25634.7,25925.55,30014.29595,1751.39,1778.1,1738.46,1752.62,54976.36008,14501.5,14677.7,14445.9,14554.7,0.0,,0.003263779056785765,-0.0324485790451281,0.021263062474001188,-0.6160646970203846,0,0,0.022070120016740254,9196150.678793741,0.0007022993165426428,-0.030287269830028385,0.019714593190143515,-0.6351421963248167,0,0,0.022617566842783876,78279411.62825504,0.0,0.09316299016846563,0.009028329877483079,-0.12274579295047977,0,0,0.01592612695555395,0.0,0.08108227894282603,0.11224097491962838,2.3551464347317976
2023-06-12,25925.54,26106.48,25602.11,25905.19,29900.50893,1752.62,1759.5,1719.77,1742.47,62095.649320000004,14553.5,14828.5,14550.3,14827.7,0.0,,-0.0007853256729365432,-0.03249601871577068,0.021263052850672055,-0.6163662112705611,0,0,0.01946984368769343,38073539.71098168,-0.005791329552327307,-0.02931870090802735,0.01970510328797697,-0.6372552081056381,0,0,0.022800966444185562,10722156.550991084,0.018756827691398748,0.11366726001366967,0.009452023537512491,-0.10629128694729736,0,0,0.01876218159255992,0.0,0.07778663413772254,0.08938548498379707,2.249574418698888
2023-06-13,25905.2,26433.21,25712.57,25934.25,41065.60853,1742.47,1766.34,1724.17,1740.21,53123.98656,14823.6,14973.9,14785.8,14927.0,0.0,,0.0011217829323004747,-0.036532576059844724,0.02123465857576856,-0.6159358574341108,0,0,0.02778719261208631,36607120.03755118,-0.001297009417665751,-0.03274916209501266,0.01969682023929891,-0.6377256915169343,0,0,0.02423270754679024,40958512.907699846,0.0066969253491775405,0.12112540651780423,0.00944221701488479,-0.10030618641207391,0,0,0.012601326455416385,0.0,0.08306557930251925,0.09143835951744338,2.2489036264743585
2023-06-14,25934.24,26098.0,24820.56,25128.6,45077.31608,1740.21,1749.92,1627.32,1651.0,75879.32195,14938.0,15064.7,14797.0,15054.9,0.0,,-0.03106509731339835,-0.07486670785144323,0.021832504745450693,-0.627866847397507,0,0,0.05083609910619767,1451059.4032475206,-0.05126392791674572,-0.09093912430622852,0.02161940073285396,-0.656297295553099,1,0,0.07425802543912788,1480169.589648584,0.008568366048100629,0.12242783013241088,0.009459734351399846,-0.09259728048604085,0,0,0.017781586061680964,0.0,0.0513240007233107,0.037403036127763786,2.307938136004694
2023-06-15,25128.6,25759.01,24800.0,25598.49,48664.86063,1651.0,1681.25,1627.5,1667.0,55011.1677,15041.4,15263.8,14889.9,15190.5,0.0,,0.018699410233757652,-0.05309456592182238,0.022161441809453418,-0.6209081769154114,0,0,0.03746353788836757,2602479.6502592308,0.009691096305269431,-0.08607957193217142,0.021703691912072602,-0.6529664395439225,0,0,0.03224355128974205,5676459.009647669,0.00900703425462801,0.12901907154430448,0.009503935080808079,-0.08442427310863594,0,0,0.024614068003028185,0.0,0.06687892484402497,0.0486485385895113,2.3318150116634646
2023-06-16,25598.49,26518.0,25175.56,26345.0,51596.91662,1667.0,1729.08,1649.81,1718.04,60178.54752,15195.5,15299.4,15083.3,15125.7,0.0,,0.029162266993092212,-0.038700470451123015,0.022701100703764136,-0.6098529999557206,0,0,0.05095615866388304,1769303.4268970827,0.03061787642471514,-0.057135801114068574,0.022543869264509252,-0.6423410088746495,0,0,0.04613978719936671,1965470.3360393655,-0.004265824034758503,0.11305953949062886,0.009554867501866581,-0.08832995805005063,0,0,0.014286942091936265,0.0,0.01082026468815455,0.0026507358204421105,2.3758651745487467
2023-06-17,26345.01,26839.99,26181.0,26516.99,27842.2195,1718.04,1772.0,1714.46,1727.76,36438.98029,15195.5,15299.4,15083.3,15125.7,0.0,,0.006528373505409135,-0.011345096132622912,0.0224118325875546,-0.6073059746174168,0,0,0.02485161400294685,4264795.332095785,0.005657609834462507,-0.04039988891974455,0.022498419588527347,-0.6403175138490746,0,0,0.0333032365606334,6440690.848126211,0.0,0.09116289135766853,0.009053036715528524,-0.08832995805005063,0,0,0.014286942091936265,0.0,0.06667611013153313,0.028588613463622677,2.4756121659144865
2023-06-18,26516.99,26700.0,26255.85,26339.97,21538.31022,1727.76,1747.72,1712.83,1720.88,27910.0299,15195.5,15299.4,15083.3,15125.7,0.0,,-0.006675719981792838,-0.020099879986279823,0.022438475213307614,-0.6099274899693939,0,0,0.016862205993400957,3226360.3049768135,-0.003982034541834434,-0.050323662993151386,0.02245814146033458,-0.6417497819330206,0,0,0.020274510715447967,7008969.790966353,0.0,0.09668508287292821,0.008945891260432636,-0.08832995805005063,0,0,0.014286942091936265,0.0,0.07417220339084427,0.041083567790941106,2.508240875913989
2023-06-19,26339.98,27068.09,26256.61,26844.35,35872.65974,1720.88,1751.85,1697.02,1737.12,42888.4871,15135.6,15153.5,15061.7,15070.6,0.0,,0.019148844892382,-0.009522393379486682,0.022670755989944374,-0.6024580519780357,0,0,0.030229079862242877,1873357.960129054,0.00943703221607528,-0.04514497732582112,0.02252598133378471,-0.6383689630837065,0,0,0.031563737680758916,4544695.903441307,-0.003642806613908811,0.09269007119966344,0.009014158194185343,-0.09165099570856841,0,0,0.006091330139476814,0.0,0.05531302113837809,0.031112150492533477,2.515013643141063
2023-06-20,26844.35,28402.74,26652.0,28307.99,69666.95525,1737.12,1796.36,1714.62,1792.38,60333.53927,15075.0,15143.3,14960.0,15077.8,0.0,,0.05452320506922326,0.058330448358705045,0.02460987704734572,-0.5807827908224156,0,1,0.0618461430853975,1277748.4812946208,0.031811273832550446,-0.006980686766612343,0.023279139142176015,-0.6268650191420131,0,0,0.04560416875885694,1896608.1214321994,0.0004777513834883784,0.09321210539290314,0.009009099271803631,-0.09121703071507796,0,0,0.01215694597355047,0.0,0.02334577564887428,0.013070273912962694,2.7316659510800676
2023-06-21,28308.0,30800.0,28257.99,29993.89,108926.40412,1792.38,1901.68,1787.51,1889.37,94278.14644,15079.9,15106.5,14836.9,14872.6,0.0,,0.0595556236949355,0.117121247616788,0.026748619362825358,-0.5558160484661944,0,1,0.08475092760558896,1828985.7291748186,0.054112409198942,0.03969778178876626,0.02527108994111793,-0.6066737863713862,0,1,0.0604275499240488,1742264.4900312147,-0.01360941251376191,0.07203817432171378,0.00948550710650865,-0.10358503302955785,0,0,0.018127294487850165,0.0,-0.10492466837599326,-0.1162511979454061,2.81994318944102
2023-06-22,29993.89,30500.0,29525.61,29884.92,59054.5646,1889.37,1932.88,1866.6,1872.14,57173.28998,14876.3,15074.8,14802.8,15070.1,0.0,,-0.003633073269255882,0.09791874314143367,0.02671873854193911,-0.5574298013071443,0,0,0.032604738443335286,16254668.617076699,-0.009119441930378835,0.00975157222527856,0.02509177843380736,-0.6102607019362681,0,0,0.03540333522065668,6269377.854774759,0.013279453491655824,0.10065805330158706,0.009223434989773734,-0.0916811321664497,0,0,0.018048984412843975,0.0,-0.0965461819308603,-0.09110121860974349,2.896828524652432
2023-06-23,29884.92,31431.94,29800.0,30688.5,73931.89635,1872.14,1936.79,1861.91,1892.4,72972.47673,15071.4,15073.2,14824.1,14892.3,0.0,,0.026889146766998273,0.16557743720709595,0.026145721593722512,-0.5455294662797925,0,0,0.053177574661518116,2749505.9436277463,0.010821840246990178,0.051222370971953035,0.024514690439926778,-0.6060430055146484,0,0,0.03956880152187692,6743068.427720614,-0.011798196428689955,0.07903488751222687,0.009572900506684653,-0.10239765658903524,0,0,0.016726764838205004,0.0,-0.1144549175408656,-0.08773452874823282,2.731219682401215
2023-06-24,30688.51,30800.0,30250.0,30527.43,30513.30135,1892.4,1905.7,1864.97,1875.21,38124.48898,15071.4,15073.2,14824.1,14892.3,0.0,,-0.005248545872232224,0.15311899051854683,0.026218518864886874,-0.5479147757236009,0,0,0.018016583774002594,5813656.573883935,-0.00908370323398866,0.03829351346861931,0.0245955401019693,-0.6096215939395074,0,0,0.021720234000458624,4197015.911659238,0.0,0.0679847679697081,0.009469367215135815,-0.10239765658903524,0,0,0.016726764838205004,0.0,-0.11211851894156395,-0.08630188312040563,2.7687690826149893
2023-06-25,30527.44,31046.01,30277.49,30462.66,30223.44801,1875.21,1929.81,1869.01,1898.87,54606.33039,15071.4,15073.2,14824.1,14892.3,0.0,,-0.002121698420076701,0.14067068275498462,0.026241199022467857,-0.548873964229688,0,0,0.0252282630604155,14244864.055781713,0.01261725353427079,0.03887144248339558,0.024604052515403586,-0.6046960906159378,0,0,0.03201904290446421,4327905.987037462,0.0,0.039326391602925614,0.008175132707609953,-0.10239765658903524,0,0,0.016726764838205004,0.0,-0.1437550084969031,-0.14972975621046922,3.2098765686427524
2023-06-26,30462.67,30666.0,29930.0,30267.99,45180.41489,1898.87,1909.05,1837.18,1859.01,66511.42481,14904.1,14995.9,14698.4,14717.4,0.0,,-0.0063904465335593574,0.12712019354836301,0.026318701389258292,-0.5517568610411748,0,0,0.024316117456098008,7069982.348324558,-0.020991431746249067,0.01575809897441216,0.02494655527231546,-0.6129940856487986,0,0,0.03866036223581363,3168501.9835231104,-0.011744324248101345,0.02712020546033167,0.00851461453132868,-0.11293938955590922,0,0,0.020214168263416092,0.0,-0.11582292025244591,-0.09542701133614508,3.090999643310325
2023-06-27,30267.99,30994.97,30226.17,30692.44,42699.64157,1859.01,1912.4,1855.3,1889.58,58987.35135,14724.3,14987.6,14711.7,14937.3,0.0,,0.014023065291087988,0.09361981115268114,0.025249253997222453,-0.545471118237273,0,0,0.025048513575330045,3044955.5952349966,0.016444236448432292,-0.010084711577248884,0.023846435102585238,-0.6066300688862658,0,0,0.030218355401729558,3587111.8530714754,0.01494149781890819,0.042466919769973854,0.008887330155704672,-0.09968537537971946,0,0,0.018470540191333082,0.0,-0.08660107116799257,-0.0515099692581001,2.841036075457883
2023-06-28,30692.44,30709.74,29858.8,30077.41,40463.51937,1889.58,1890.23,1816.13,1827.79,68693.77194,14938.3,15069.0,14867.9,15007.8,0.0,,-0.020038485047132126,0.08440208534633187,0.025464789500640503,-0.554579188437965,0,0,0.028291664741079844,2019289.3365907269,-0.032700388446109674,-0.03420817635651752,0.024540502630601292,-0.6194934184367044,0,0,0.040540762341406786,2100701.373813762,0.004719728464983586,0.044020869565217335,0.008901949495579318,-0.09543613481845806,0,0,0.013399698823278587,0.0,-0.09325062311818828,-0.06434535588491695,2.860582494594165
2023-06-29,30077.4,30843.98,30049.98,30447.31,36330.62903,1827.79,1879.85,1827.78,1852.21,58409.21873,15009.4,15049.6,14880.9,14960.7,0.0,,0.012298266373334643,0.0994031284302963,0.025504916134948635,-0.5491012846491484,0,0,0.026077837418149584,2954123.6452266397,0.01336039698214786,-0.025501399499126665,0.024661700762367688,-0.6144096994526987,0,0,0.028112363068982425,4371814.332306362,-0.0031383680486146703,0.04091813589747151,0.008937312396369046,-0.09827498915087515,0,0,0.011276210337751624,0.0,-0.1001330411284812,-0.07257593868639517,2.8537536192395256
2023-06-30,30447.31,31282.0,29500.0,30472.0,89419.07618,1852.21,1947.05,1823.88,1933.79,123780.63775,14956.9,15231.4,14954.1,15171.6,0.0,,0.0008109090753829484,0.11986799140768123,0.025203601013756072,-0.5487356467887918,0,0,0.058479915988448414,110268803.502708,0.04404468175854781,0.032163883151057115,0.025815173971198185,-0.59742649737591,0,0,0.06369357582777853,2810341.7871230245,0.014096933966993408,0.06395691323739805,0.009053071152859582,-0.08556343121654855,0,0,0.0182775712515489,0.0,-0.136434339831559,-0.009716432542092151,2.7839804579455305
2023-07-01,30471.99,30661.6,30320.57,30585.9,17501.75075,1933.79,1944.4,1909.56,1924.41,37567.26823,14956.9,15231.4,14954.1,15171.6,0.0,,0.003737857705434555,0.140501895560172,0.024960700081140427,-0.5470488848489533,0,0,0.011149908944971337,4682282.019921112,-0.004850578397861183,0.03362319463317953,0.025802118067173183,-0.5993792117112897,0,0,0.018104250133807318,7744888.897719069,0.0,0.04860247159326536,0.008743406404704444,-0.08556343121654855,0,0,0.0182775712515489,0.0,-0.10447304917857994,0.0066725995380353354,2.854799420019637
2023-07-02,30585.9,30791.0,30155.0,30617.03,23286.41019,1924.41,1961.48,1885.11,1937.4,59316.25015,14956.9,15231.4,14954.1,15171.6,0.0,,0.00101778924275564,0.12386634310467537,0.02487903238290548,-0.5465878760764584,0,0,0.020772752941745166,22879178.144162517,0.006750120816250149,0.01604782882315936,0.025466608962142322,-0.5966749729888395,0,0,0.03941880871270781,8787422.312942896,0.0,0.04202696484130852,0.008702491194547702,-0.08556343121654855,0,0,0.0182775712515489,0.0,-0.11318262772424309,-0.01171403255353819,2.8588369971718834
2023-07-03,30617.02,31380.0,30570.27,31156.2,43761.64311,1937.4,1976.23,1933.64,1955.65,67062.00239000001,15195.5,15252.3,15168.7,15215.5,0.0,,0.017610133967925767,0.15098255509394054,0.024913144729405735,-0.5386032278314832,0,0,0.025989369692067697,2485024.7215301166,0.00941984102405291,0.03358701971354594,0.025460229248360562,-0.5928757153533726,0,0,0.02177792549791625,7119221.123429874,0.0028935642911755988,0.045042136857215365,0.008702362461931129,-0.08291745021457161,0,0,0.005494397160789888,0.0,-0.11259934676759528,-0.011870928835886627,2.8627991778551505
2023-07-04,31156.2,31350.69,30620.0,30766.51,33206.11943,1955.65,1966.87,1931.39,1935.97,47498.7945,15208.1,15229.3,15195.2,15205.3,0.0,,-0.012507622880839175,0.1346587395045069,0.025112189269160007,-0.5443742046562035,0,0,0.023749525051752658,2654868.4108620957,-0.010063150359215678,0.0243227513227513,0.025543195556015072,-0.5969726682446597,0,0,0.018326730269580517,4720067.335158918,-0.0006703690315796873,0.0443415729719705,0.008707222810134998,-0.08353223395534991,0,0,0.0022426390797944495,0.0,-0.1064695872190547,-0.008572875671322306,2.88406085110416
2023-07-05,30766.52,30878.07,30200.0,30504.81,33215.67122,1935.97,1942.2,1894.19,1910.02,55853.36091,15208.7,15292.7,15116.7,15215.9,0.0,,-0.008506002143239377,0.1856565947093074,0.02296737836554318,-0.548249758647913,0,0,0.022228297766811192,3904964.0020088595,-0.013404133328512313,0.055113934539428255,0.024373816291141288,-0.6023749003345429,0,0,0.025135862451702073,4166872.849769729,0.0006971253444523207,0.04496195368513578,0.008704649144719717,-0.08289334104826661,0,0,0.011566847836802292,0.0,-0.12808451576572435,-0.01694334075488191,2.638515533313592
2023-07-06,30504.8,31500.0,29850.45,29895.43,71319.6261,1910.02,1957.32,1846.1,1846.1,79097.44858,15217.8,15229.6,14976.2,15084.3,0.0,,-0.019976521735424746,0.09788256222530367,0.02118527522855305,-0.5572741571632662,0,0,0.05517732977916689,3570170.590399714,-0.03346561816106641,-0.020127174870755105,0.02407774120946785,-0.615681670091203,0,0,0.06024592383944533,2363542.9222876863,-0.008648847587063524,0.03497180025523838,0.008899899305334745,-0.09082525676262124,0,0,0.016798923383915705,0.0,-0.0866614569593007,0.04111276010933922,2.38039226038565
2023-07-07,29895.42,30449.0,29701.02,30344.7,34070.53895,1846.1,1877.86,1825.38,1870.54,52567.95434,15076.5,15223.4,15036.3,15057.0,0.0,,0.015028049437656454,0.15206759167086203,0.020152333890645947,-0.5506208513097878,0,0,0.024649444548800928,2267128.3069740855,0.013238719462651094,0.02084765927720844,0.023644167813055707,-0.6105937875371859,0,0,0.028056069370342142,3970770.34380859,-0.0018098287623554699,0.05306225215585081,0.008073987663231162,-0.09247070736293943,0,0,0.012426114099754292,0.0,-0.2674876581321239,-0.06378304927985715,2.495954882724243
2023-07-08,30344.7,30386.81,30044.47,30284.63,13094.59042,1870.54,1873.0,1842.8,1865.23,25582.38452,15076.5,15223.4,15036.3,15057.0,0.0,,-0.001979587868721766,0.14287617350494997,0.02019014356524684,-0.5515104368209912,0,0,0.011304083952816995,6614772.942979186,-0.0028387524458177715,0.010603253036854055,0.023623152211519418,-0.6116992153752313,0,0,0.01619103274127054,9011808.845678315,0.0,0.038091626736530104,0.0077152771968465525,-0.09247070736293943,0,0,0.012426114099754292,0.0,-0.2807212745605818,-0.08158648940127342,2.6169011016853787
2023-07-09,30284.63,30445.52,30061.12,30160.71,15388.50196,1865.23,1878.8,1856.5,1862.84,27168.72717,15076.5,15223.4,15036.3,15057.0,0.0,,-0.004091844608965056,0.13909382989000973,0.020229858061654126,-0.5533455864222624,0,0,0.012745058057320317,3760764.599574123,-0.001281343319590622,0.012275506045374307,0.023616514794389545,-0.612196761991602,0,0,0.011970969057997442,21203150.414969154,0.0,0.03451118882560267,0.007707344321868422,-0.09247070736293943,0,0,0.012426114099754292,0.0,-0.27544577918444213,-0.0797264096211624,2.6247473798181358
2023-07-10,30160.71,31045.78,29950.0,30411.57,41262.87652,1862.84,1905.31,1846.7,1880.28,44977.11182,15068.0,15087.0,14932.5,15062.3,0.0,,0.008317443455409412,0.17686323511940816,0.019502625396729107,-0.5496305635932206,0,0,0.03603168136337581,4960998.789018039,0.009362049344012302,0.07359297472293425,0.021768095856029762,-0.6085661289415997,0,0,0.03117088944199795,4804189.993600718,0.000351995749485301,0.03487533236686424,0.007705784906054568,-0.09215126090939783,0,0,0.010257397608598952,0.0,-0.2941720656838571,-0.09977445505445647,2.5309037723552152
2023-07-11,30411.57,30813.63,30300.0,30622.1,28476.83311,1880.28,1891.54,1862.67,1878.32,34429.33361,15065.5,15149.2,14980.7,15133.8,0.0,,0.006922694224599457,0.1811552696085521,0.019498797676035184,-0.5465127936968713,0,0,0.016773180154202393,4113541.7874432807,-0.0010423979407322426,0.07172119455443848,0.021775665885432154,-0.6089741588027239,0,0,0.015370117977767309,33028656.31070981,0.004746950996859622,0.03978783485746873,0.007729590092166673,-0.08784174743237387,0,0,0.01113401789372134,0.0,-0.2930266065922186,-0.10249793343827092,2.5226140348186505
2023-07-12,30622.1,30983.25,30210.0,30380.0,38108.99669,1878.32,1901.56,1864.36,1871.88,47037.78639,15129.3,15380.0,15126.9,15330.5,0.0,,-0.007906054777431892,0.17273797258387225,0.019623980767390813,-0.5500980883907685,0,0,0.025452600394996708,4820223.178386208,-0.0034285957664295097,0.07426813661067344,0.021748748956352846,-0.6103148283464173,0,0,0.019873068786460692,13719216.962930191,0.012997396556053475,0.033909507206107525,0.007343730181064029,-0.07598606490187573,0,0,0.01650957242099086,0.0,-0.3176608984360541,-0.0916073590404656,2.6722052092735544
2023-07-13,30380.0,31804.2,30251.0,31454.23,70772.51836,1871.88,2012.8,1863.01,2004.43,97959.39295,15332.6,15615.3,15330.7,15574.0,0.0,,0.03535977616853181,0.21284517578106166,0.020342498960685736,-0.5341896574984714,0,0,0.04937968597546342,2001497.3513325003,0.07081116310874624,0.15183225013073143,0.02503702900513343,-0.5827207680953956,0,1,0.07472947421461461,1383388.9293086792,0.015883369753106447,0.04334427547397324,0.007763060046386573,-0.06130960991368922,0,0,0.018274046487735878,0.0,-0.19074100629568072,0.10305644055813451,2.6204193494498265
2023-07-14,31454.23,31630.0,29900.0,30312.01,60749.48424,2004.43,2029.18,1898.22,1937.91,92766.76175,15575.2,15732.4,15541.4,15568.4,0.0,,-0.036313716787853334,0.20627531975517943,0.020697519456726578,-0.5511049623529249,0,0,0.057073087531971656,1672906.903631831,-0.033186491920396355,0.17377952755905524,0.02382377487772604,-0.596568801953547,0,0,0.06757795769669388,2795316.058695109,-0.00035957364838834494,0.034108496237105435,0.007650862330893303,-0.06164713824195966,0,0,0.01226844120140798,0.0,-0.11517430497521175,0.1998098813829349,2.705249618811764
2023-07-15,30312.0,30390.9,30200.0,30289.52,14118.55329,1937.91,1946.39,1926.31,1931.2,22379.93265,15575.2,15732.4,15541.4,15568.4,0.0,,-0.0007419501379155591,0.18325416850759546,0.020605718105874516,-0.5514380200880167,0,0,0.0063025099110187765,19028722.12200543,-0.0034624930982347646,0.15848830233953204,0.02386736753559206,-0.5979656796923954,0,0,0.01039768019884018,6463512.671341614,0.0,0.02487739047430959,0.007507154138603709,-0.06164713824195966,0,0,0.01226844120140798,0.0,-0.1387776282307651,0.19835830409930708,2.7448071902297673
2023-07-16,30289.52,30441.46,30064.29,30231.99,15760.1281,1931.2,1943.24,1914.16,1922.19,26488.09204,15575.2,15732.4,15541.4,15568.4,0.0,,-0.0018993368003190625,0.1475418485481117,0.020168477930816678,-0.5522899903636874,0,0,0.012475857527076393,8297656.908866,-0.004665492957746431,0.11882726828246137,0.023436429915558957,-0.5998413679825629,0,0,0.015128577299850654,5677435.483353437,0.0,0.02926806693243944,0.00744713957994055,-0.06164713824195966,0,0,0.01226844120140798,0.0,-0.11302362903921918,0.23195963139835904,2.7082144267844397
2023-07-17,30232.0,30336.96,29659.2,30138.0,30882.76839,1922.19,1935.89,1873.61,1911.26,49897.517250000004,15570.1,15764.6,15544.2,15709.1,0.0,,-0.0031089584245033164,0.13655433742668377,0.020216551165034784,-0.5536819021698808,0,0,0.022488552657774184,9933445.4948457,-0.0056862224858105215,0.1062068805852665,0.023500367524224446,-0.6021167589938315,0,0,0.032585833429256195,8775145.47189457,0.009037537576115806,0.038570115763237434,0.007587236575491173,-0.0531667389941656,0,0,0.014030084473330722,0.0,-0.12392903948296288,0.21293880076701674,2.664543845238881
2023-07-18,30138.01,30239.78,29512.0,29859.13,30003.8601,1911.26,1916.99,1876.5,1897.43,40142.22948,15717.5,15912.2,15618.8,15830.5,0.0,,-0.009253102395646695,0.1336053154198733,0.020270953298627208,-0.5578117292301331,0,0,0.024373784500754,3242569.5071115633,-0.007236064167093881,0.10259285946724939,0.023544194208054425,-0.6049958676567635,0,0,0.02133939064945743,5547514.930478075,0.007728004787034282,0.046596190589526465,0.007672635800854295,-0.04584960702058927,0,0,0.018533842898202927,0.0,-0.14484930671816337,0.19510494633917116,2.6419769431256923
2023-07-19,29859.14,30189.09,29761.96,29909.21,25657.36137,1897.43,1922.2,1882.15,1888.6,47640.628339999996,15831.4,15946.6,15795.9,15824.2,0.0,,0.0016772089474810237,0.11417151095109412,0.02008223825675801,-0.5570700871059268,0,0,0.01428088538614029,15297562.317987284,-0.004653663112736739,0.08720180528691168,0.023562711443147907,-0.6068340838168279,0,0,0.021206184475272664,10237209.873983484,-0.0003979659518018597,0.05000464480511724,0.007619630864965513,-0.04622932638989344,0,0,0.00952338822815692,0.0,-0.12834514557450563,0.2055508876061959,2.6355885549796056
2023-07-20,29909.21,30417.46,29570.96,29800.0,37540.68193,1888.6,1929.19,1878.25,1891.2,57850.51598,15801.3,15812.0,15433.6,15482.6,0.0,,-0.003651383637347849,0.05270632072429016,0.017680763906255174,-0.55868739414236,0,0,0.028406040268456376,10281192.787876815,0.0013766811394684275,0.055133398051752325,0.022928543660537516,-0.6062928197153368,0,0,0.026935279187817286,42021419.56280581,-0.021587189241794258,0.02684741805833757,0.008722395105400106,-0.06681855441438837,0,0,0.02444033947786545,0.0,-0.08481886950932135,0.19323516992482295,2.02705144883822
2023-07-21,29800.0,30061.7,29726.34,29901.72,23881.40865,1891.2,1905.0,1884.9,1891.65,32323.60636,15483.2,15608.1,15411.7,15442.7,0.0,,0.003413422818792089,-0.0030729591926889066,0.013938948467141736,-0.557181007623305,0,0,0.01121540834440295,6996302.525283305,0.00023794416243649863,0.0012067514568350202,0.020712137268865262,-0.6061991393900786,0,0,0.01062564427880417,135839634.10863218,-0.0025770865358530903,0.038332235116926405,0.008311576580486204,-0.069223443753315,0,0,0.012717983254223655,0.0,0.14112414125814504,0.3812683717148055,1.6770502637688156
2023-07-22,29901.72,29999.0,29625.1,29794.0,14660.40467,1891.65,1897.05,1851.48,1866.17,19618.36808,15483.2,15608.1,15411.7,15442.7,0.0,,-0.0036024683529910506,-0.003042337071673562,0.01393867518079592,-0.5587762490294454,0,0,0.012549506612069593,4069533.036285373,-0.0134697222001956,-0.0031888640806777557,0.020795016824833867,-0.6115035275846922,0,0,0.024418997197468578,1456477.960245944,0.0,0.024724454383182604,0.007998651420342692,-0.069223443753315,0,0,0.012717983254223655,0.0,0.16152585208561254,0.4211458903313403,1.742625978060056
2023-07-23,29793.99,30350.0,29730.0,30083.75,18292.78637,1866.17,1904.83,1858.09,1888.83,28923.34722,15483.2,15608.1,15411.7,15442.7,0.0,,0.009725112438746075,-0.0197060788243153,0.013125100120932147,-0.5544852984406116,0,0,0.020609132837495325,1880982.6287758916,0.012142516490994737,-0.0018864933417882535,0.020819882284691824,-0.6067862027616959,0,0,0.024745477359000023,2381987.574122274,0.0,0.03695869677618635,0.007637449221653566,-0.069223443753315,0,0,0.012717983254223655,0.0,0.29612574448019546,0.4676161953720746,1.7185165563594937
2023-07-24,30083.75,30099.58,28861.9,29176.5,39628.99691,1888.83,1890.62,1832.81,1850.0,45536.13221,15456.2,15514.4,15381.5,15465.9,0.0,,-0.03015747704325422,-0.04425298821420609,0.014176396104129277,-0.5679208978253211,0,0,0.04242044110842631,1314068.2727695778,-0.020557699740050728,-0.01344382762463936,0.02109874979982309,-0.6148697739389662,0,0,0.031248648648648618,2215039.164663662,0.001502327960783978,0.03851654882053146,0.007633971763442927,-0.06782511210762338,0,0,0.00859309836478961,0.0,0.2703606459909745,0.4581535124850072,1.8570120473716878
2023-07-25,29176.5,29376.0,29047.65,29228.91,21565.7478,1850.0,1868.57,1845.61,1857.81,26357.65802,15470.3,15637.4,15450.9,15625.3,0.0,,0.001796308673075897,-0.04050040278820033,0.014187657924213105,-0.5671447503866298,0,0,0.011233740840831853,12005524.478055025,0.004221621621621541,-0.021623386540416067,0.020977672492513588,-0.6132438998494869,0,0,0.012358637320285732,6243476.547078721,0.010306545367550601,0.04922006674590218,0.00780399298304701,-0.05821760933506928,0,0,0.011935770833200004,0.0,0.2725610943036704,0.4633295058914504,1.8179975014147993
2023-07-26,29228.91,29690.0,29096.94,29351.96,33931.63366,1857.81,1887.49,1848.6,1871.82,63325.38779,15624.0,15642.2,15418.5,15529.1,0.0,,0.0042098730332400525,-0.03026398515395312,0.0141879826812302,-0.5653224847439862,0,0,0.02020512429152947,8059994.397014207,0.007541137145348653,0.006890764439136943,0.020661922418527046,-0.6103273190564518,0,0,0.020776570396726236,8397314.966736702,-0.006156681791709584,0.05515240463668869,0.0075357999953054935,-0.06401586383142872,0,0,0.014405213437997097,0.0,0.245778888685354,0.4114229295819457,1.8827415619646386
2023-07-27,29351.95,29567.49,29083.85,29222.78,22476.47626,1871.82,1886.14,1855.09,1861.35,32326.17882,15545.3,15810.1,15419.3,15490.8,0.0,,-0.004401068957575638,-0.047883452732985665,0.013914697277319662,-0.5672355304629355,0,0,0.01655010235165864,5107037.723399834,-0.005593486553194249,-0.014939827898263092,0.020463811348210525,-0.6125069479574566,0,0,0.016681440889676945,5779243.539810471,-0.0024663373923795584,0.03705488943785018,0.0071508577598360865,-0.06632431650513533,0,0,0.025227877191623487,0.0,0.19756527715633246,0.39132298113852054,1.9458753461326235
2023-07-28,29222.78,29542.22,29123.12,29314.14,23993.61627,1861.35,1883.58,1856.69,1874.32,18065.56552,15493.6,15802.8,15454.7,15752.4,0.0,,0.003126328159059444,-0.025376852594688137,0.013489019169164118,-0.5658825667155813,0,0,0.014296854691967842,7674670.828704742,0.006968060816074262,0.025456972628146612,0.019559860711962196,-0.609806872805018,0,0,0.014346536343847301,2592620.8267466994,0.016887442869315983,0.04961420061567989,0.007680580672954613,-0.050556921741646235,0,0,0.022098219953784727,0.0,0.23235805414544333,0.42948338922231866,1.7562476303629244
2023-07-29,29314.14,29406.92,29256.18,29352.9,10851.36844,1874.32,1886.21,1869.81,1880.61,9759.43943,15493.6,15802.8,15454.7,15752.4,0.0,,0.0013222287947045608,-0.03594439048966891,0.013269458232493992,-0.5653085641450094,0,0,0.005135438065744712,8206814.444908656,0.0033558837338341085,0.015333034591110017,0.019427037394013087,-0.6084974300364104,0,0,0.008720574707142943,2908149.1262984187,0.0,0.05291864685475933,0.007634432624632171,-0.050556921741646235,0,0,0.022098219953784727,0.0,0.25812145360375205,0.44810532434759875,1.7381043888758438
2023-07-30,29352.9,29449.0,29033.24,29281.09,15706.97441,1880.61,1885.08,1849.27,1861.71,32399.6407,15493.6,15802.8,15454.7,15752.4,0.0,,-0.0024464362976061027,-0.039082108164872675,0.01326632091388113,-0.5663720090519436,0,0,0.014198924971713772,6420322.581930203,-0.010049930607621937,-0.037273954255632735,0.017697305440620748,-0.6124320036972501,0,0,0.019235004377695746,3223863.8978053173,0.0,0.038282053310132014,0.007273480152574285,-0.050556921741646235,0,0,0.022098219953784727,0.0,0.26268515616084803,0.3711040130533676,1.8239278029662032
2023-07-31,29281.09,29530.0,29101.8,29232.25,22605.48964,1861.71,1877.0,1851.25,1856.31,25273.97207,15762.3,15830.7,15705.2,15782.6,0.0,,-0.0016679706937139382,-0.04425732118394432,0.013233010263572651,-0.5670952878328189,0,0,0.014648205321177834,13552608.687374221,-0.0029005591633498584,-0.03538746940620774,0.01768669742834849,-0.6135561676003473,0,0,0.0138716054969267,8713452.652448103,0.0019171681775476124,0.04027261462205689,0.007270280261150698,-0.04873667968561649,0,0,0.007951795014763093,0.0,0.26577124640432714,0.3698710209761054,1.8201488232573275
2023-08-01,29232.26,29739.25,28585.7,29705.99,44719.65162,1856.31,1875.69,1811.18,1873.33,56345.23865,15786.4,15804.9,15644.7,15724.7,0.0,,0.01620607377126304,-0.02975598874221297,0.01361464304902345,-0.5600796021315102,0,0,0.03883223551882968,2759436.0396493687,0.00916872720612405,-0.033070093940332446,0.01772894954899759,-0.6100129695205857,0,0,0.03443600433452728,6145365.210420196,-0.0036685970625879305,0.03645627356376391,0.007324292549003021,-0.05222648150826944,0,0,0.010187793725794382,0.0,0.22764325390521942,0.3555275823750347,1.8588313300734234
2023-08-02,29705.99,30047.5,28927.5,29186.01,48181.65141,1873.33,1879.75,1821.31,1840.14,54052.27557,15637.9,15707.5,15332.2,15369.4,0.0,,-0.01750421379661149,-0.06323588884395404,0.013475658550149445,-0.5677800628292907,0,0,0.03837454999844104,2752572.8629753417,-0.01771711337564652,-0.05906476107687986,0.017872198357349444,-0.6169224139546211,0,0,0.031758453161172547,3050849.419736998,-0.022595025660267054,0.010114685682363289,0.008506434512393801,-0.07364144847871167,0,0,0.024418650044894352,0.0,0.2985639048545471,0.3849484580280921,1.584170511018505
2023-08-03,29186.0,29433.33,28968.0,29193.64,26476.91994,1840.14,1859.12,1826.14,1835.92,38230.06723,15376.0,15473.1,15261.8,15369.5,0.0,,0.00026142662186434684,-0.05112279553319499,0.013336105540937802,-0.5676670690312137,0,0,0.015939430643112738,101274717.18074079,-0.002293303770365296,-0.05167951982727004,0.017805636743532187,-0.6178009272270415,0,0,0.017963745696980147,16670229.658068305,6.506434863995381e-06,0.01079886618481729,0.008504475646276783,-0.07363542118713538,0,0,0.013748007417287557,0.0,0.2981120109352054,0.3845303910396227,1.56812605672117
2023-08-04,29193.65,29333.08,28807.54,29113.99,23551.95217,1835.92,1851.26,1815.22,1830.29,38676.2419,15362.2,15532.9,15260.5,15285.9,0.0,,-0.002728333979592712,-0.04559346542397735,0.013275433275067952,-0.5688466176572727,0,0,0.0180511156320381,8632325.082966937,-0.003066582421892061,-0.041743018397713105,0.017669164576914215,-0.6189729721852705,0,0,0.01969086866015766,12612123.353561636,-0.005439344155632964,0.004600450844182813,0.00857045396713899,-0.07867423694488651,0,0,0.01782034423880829,0.0,0.3000437027391584,0.38773990387334273,1.548974866001284
2023-08-05,29114.0,29152.23,28978.64,29072.13,11645.52018,1830.29,1838.86,1827.8,1836.6,13205.82257,15362.2,15532.9,15260.5,15285.9,0.0,,-0.0014377967430778682,-0.02753932624484745,0.012807441770900874,-0.5694665285861721,0,0,0.005971010724016443,8099503.1050353795,0.0034475411000443046,-0.005145983424516554,0.016603110126008253,-0.6176593658466516,0,0,0.00602199716868123,3830493.6422350034,0.0,0.01336488932201041,0.008406830111315244,-0.07867423694488651,0,0,0.01782034423880829,0.0,0.26296440029633134,0.3475314672426194,1.5234549011658507
2023-08-06,29072.13,29205.09,28991.88,29088.42,13178.1972,1836.6,1838.5,1826.0,1830.38,12489.02727,15362.2,15532.9,15260.5,15285.9,0.0,,0.0005603304608226001,-0.04140031043312353,0.012456491107850829,-0.5692252875677353,0,0,0.007329720899244412,23518196.741770048,-0.003386692801916502,-0.021469736012060592,0.016421005317712775,-0.6189542361202188,0,0,0.006829183011178006,3687665.555694046,0.0,0.015202231520223153,0.008396341632077134,-0.07867423694488651,0,0,0.01782034423880829,0.0,0.28274848707409306,0.3600696302967159,1.4835599619556759
2023-08-07,29088.43,29276.78,28701.03,29211.06,30966.87746,1830.38,1846.91,1802.0,1829.05,43335.13893,15298.6,15423.9,15263.3,15418.6,0.0,,0.004216110740975276,-0.03544933519082116,0.012496699403960088,-0.567409093675709,0,0,0.019710000253328704,7344874.438495497,-0.0007266250723894085,-0.019397071674806865,0.01641558546379802,-0.6192311135259817,0,0,0.024553730078456074,59638105.25619166,0.00868120293865604,0.024015408115826586,0.008525784999048616,-0.07067602102319304,0,0,0.010415991075713772,0.0,0.2914935259825779,0.3540105953530585,1.4657518044187763
2023-08-08,29211.06,30244.0,29146.45,29770.42,45700.53392,1829.05,1876.77,1826.35,1856.29,51504.9889,15426.1,15428.3,15151.5,15282.1,0.0,,0.019148911405474367,-0.012940345237230866,0.013016112425958515,-0.5591254487356913,0,0,0.03686713187116605,2386585.2782149366,0.014892977228615933,-0.00351613665156425,0.01665379363082963,-0.6135603311703587,0,0,0.02716170425957155,3458338.3514246503,-0.008852943847041939,0.014949857209271444,0.008706674970674795,-0.07890327402478424,0,0,0.018112693936042774,0.0,0.2156712436049866,0.30719105988330625,1.494956171010943
2023-08-09,29770.41,30160.0,29376.67,29581.99,38003.88725,1856.29,1871.44,1846.38,1855.29,27317.11462,15284.9,15364.4,15080.1,15135.5,0.0,,-0.006329437072100319,-0.02727843383291284,0.012954267937016825,-0.5619159364646091,0,0,0.02647996297747385,6004298.134906286,-0.0005387089301779335,-0.013290573744335954,0.016559982170845887,-0.6137685096709322,0,0,0.013507322305407752,50707545.41886513,-0.009592922438670048,0.004859815566015779,0.008900900658911534,-0.08773928347557745,0,0,0.01878365432261896,0.0,0.2290844208751613,0.3031227204338383,1.455386806297971
2023-08-10,29581.99,29738.0,29320.2,29455.75,23463.45373,1855.29,1865.79,1846.28,1852.35,21251.23024,15134.5,15372.7,15069.0,15149.7,0.0,,-0.0042674613844437825,-0.03808850470738445,0.01288395132472369,-0.5637854432888867,0,0,0.014183987846176018,5498209.974068332,-0.0015846579240981207,-0.01382618510158018,0.01656109761992009,-0.6143805544626184,0,0,0.010532566739547057,13410525.900620269,0.0009381916685937686,0.0010506283947191442,0.008860882169451719,-0.08688340807174888,0,0,0.020046601582869673,0.0,0.219520295548058,0.3050105683134093,1.4540241635195188
2023-08-11,29455.76,29564.52,29252.45,29426.03,20637.0443,1852.35,1857.44,1838.78,1848.83,18308.22144,15149.2,15198.6,14969.6,15036.2,0.0,,-0.0010089710837443144,-0.0314012508229099,0.012821790049036594,-0.5642255711629165,0,0,0.010605236248314833,20453351.041444924,-0.0019002888223067504,-0.012313823535696877,0.016553601108299454,-0.6151133427846373,0,0,0.010092869544522797,9634390.77322369,-0.007491897529323999,-0.019197025537327495,0.0086166207919132,-0.0937243840108009,0,0,0.015229911812825047,0.0,0.2548243128277946,0.32658160473063813,1.488028251259179
2023-08-12,29426.02,29481.35,29381.56,29430.17,8971.48068,1848.83,1853.6,1846.24,1849.98,9387.97855,15149.2,15198.6,14969.6,15036.2,0.0,,0.0001406917616817438,-0.06434937367724469,0.010838395202379305,-0.5641642612908275,0,0,0.0033907381438842265,63762390.55409112,0.0006220150040836536,-0.07705432467085405,0.00970024985484122,-0.6148739375089777,0,0,0.003978421388339279,15092606.387793131,0.0,-0.034531912161294365,0.00803671065946127,-0.0937243840108009,0,0,0.015229911812825047,0.0,0.07880455563451709,0.06267331421268732,1.3486091730237943
2023-08-13,29430.18,29474.65,29272.32,29303.84,11101.70947,1849.98,1861.65,1834.54,1840.63,14273.08771,15149.2,15198.6,14969.6,15036.2,0.0,,-0.004292533818187172,-0.03325975413705651,0.008730381155716966,-0.5660351009384114,0,0,0.006904555853430873,2586277.494236151,-0.005054108693066883,-0.05019840962686606,0.007821660560787548,-0.6168204064893402,0,0,0.014728652689568314,2824050.754799145,0.0,-0.034184630405179606,0.008038181706552048,-0.0937243840108009,0,0,0.015229911812825047,0.0,0.10951804931543242,0.08907914801997562,1.0861125828338611
2023-08-14,29303.85,29695.32,29102.45,29430.93,31443.11532,1840.63,1856.46,1835.01,1845.76,23257.23174,15041.8,15219.8,14960.7,15217.8,0.0,,0.004336974266853755,-0.028346107828714384,0.008786424529769134,-0.5641530063384633,0,0,0.02014445347122904,7249995.246768618,0.0027870892031531813,-0.04424192212096112,0.007855853656518615,-0.615752450781398,0,0,0.011621229195561744,8344601.3380822465,0.012077519586065621,-0.022519976362375127,0.008391281374424455,-0.08277882250831775,0,0,0.01702611415579115,0.0,0.1366158181911545,0.11558587328341242,1.0470884799149023
2023-08-15,29430.92,29499.26,29059.6,29200.0,27503.87691,1845.76,1847.2,1813.8,1829.29,24970.56033,15219.2,15274.5,15016.6,15050.2,0.0,,-0.007846507059070196,-0.03413569533464389,0.008875904110477168,-0.5675728828509031,0,0,0.015056849315068488,3505233.813033879,-0.00892315360610263,-0.048330289929715664,0.00795329176376585,-0.619181150685844,0,0,0.01825844999972672,2798397.6795990174,-0.011013418496760297,-0.0332853729349194,0.008596875897342923,-0.09288056319012489,0,0,0.017135984903855074,0.0,0.16354062298967142,0.15045207240968578,1.0324557306524775
2023-08-16,29200.01,29259.85,28723.08,28730.51,32996.69854,1829.29,1831.64,1797.95,1807.72,32285.14358,15051.0,15105.0,14861.7,14877.2,0.0,,-0.016078424657534285,-0.0467015064038756,0.009282709248872836,-0.5745256296738597,0,0,0.018682926268973186,2052233.2703910256,-0.011791460074673799,-0.054173686468612314,0.008136936276929092,-0.6236715609432151,0,0,0.018636735777664712,2738008.354814329,-0.011494863855629811,-0.05295656657606096,0.008579939580064793,-0.10330777761705,0,0,0.01635388379533778,0.0,0.22894589164906623,0.21789810913000549,1.0819072026298242
2023-08-17,28730.51,28783.48,25166.0,26623.41,100271.54033,1807.72,1810.0,1507.29,1681.11,162490.93005999998,14879.3,14958.8,14679.8,14684.8,0.0,,-0.07334015302895769,-0.1083661848151638,0.016034807078872795,-0.6057299851034781,1,0,0.13587590770678887,1367211.8548524184,-0.07003850153784885,-0.11400684083207291,0.014870358314207563,-0.65002904090083,1,0,0.18006555192700063,2320022.606022828,-0.012932541069556214,-0.07237295094911722,0.008619837448026035,-0.11490428660976912,0,0,0.018999237306602745,0.0,0.3389861183969006,0.32561691714365376,1.8602193571934738
2023-08-18,26623.41,26832.6,25619.0,26054.0,69790.65711,1681.11,1699.2,1639.96,1661.4,113111.04136,14688.9,14745.1,14552.1,14687.3,0.0,,-0.0213875683092436,-0.1288970855465591,0.016319148758417657,-0.6141624619793641,0,0,0.04658017962692863,3263139.758082702,-0.011724396380962454,-0.12030075187969913,0.014938330260424711,-0.6541322391471343,0,0,0.035656675093294815,9647485.568537137,0.00017024406188714813,-0.07184565412469512,0.008625158563849926,-0.11475360432036269,0,0,0.01314060446780552,0.0,0.3188375576809285,0.31887227134488283,1.8920382410629029
2023-08-19,26054.0,26281.0,25801.09,26100.01,26160.75343,1661.4,1696.6,1654.47,1669.81,32508.57715,14688.9,14745.1,14552.1,14687.3,0.0,,0.001765947647194288,-0.1241607382550336,0.01635828635248557,-0.6134810930868974,0,0,0.018387349276877667,14813918.936030878,0.005061995907066352,-0.11706324027072768,0.015000385083596102,-0.652381457957311,0,0,0.025230415436486717,6422074.123742006,0.0,-0.0513673414026069,0.00783773833997493,-0.11475360432036269,0,0,0.01314060446780552,0.0,0.3572180422978117,0.38632594301744516,2.0871155391725544
2023-08-20,26100.01,26299.0,25971.05,26189.99,19056.91209,1669.81,1694.55,1662.07,1685.2,28532.98458,14688.9,14745.1,14552.1,14687.3,0.0,,0.003447508257659715,-0.12413098644492693,0.01635883998895756,-0.6121485659635727,0,0,0.01252195972583421,5527718.975137913,0.009216617459471443,-0.10913752544075284,0.015176986965590509,-0.6491775908334843,0,0,0.01927367671492999,3095816.198003984,0.0,-0.04891631644725347,0.007842215485406381,-0.11475360432036269,0,0,0.01314060446780552,0.0,0.3623431514547907,0.389066065030058,2.0859945967378484
2023-08-21,26190.0,26258.42,25812.0,26126.92,30267.24233,1685.2,1688.6,1648.79,1667.59,48286.1419,14706.0,14963.3,14669.9,14921.8,0.0,,-0.0024081719771562593,-0.12308115727998936,0.016361984511167153,-0.6130825789183192,0,0,0.017086591148133736,12568502.96909105,-0.010449798243531983,-0.1064104556390898,0.015120065132447564,-0.6528436142285841,0,0,0.023872774482936423,4620768.226047326,0.01596617485855134,-0.03373114805053534,0.008473730229879439,-0.10061960557403933,0,0,0.019662507204224668,0.0,0.34301466994846547,0.3334499532400679,1.930904661612449
2023-08-22,26126.92,26139.42,25300.0,26056.0,34247.06688,1667.59,1669.38,1578.88,1635.0,71759.41733,14926.0,15071.0,14885.3,14916.5,0.0,,-0.0027144416563451568,-0.1338845722358416,0.016152292698629278,-0.6141328436836689,0,0,0.03221599631562781,12616569.09598883,-0.019543173082112508,-0.1343847778783691,0.015087019911670892,-0.6596281515622755,0,0,0.055351681957186545,3671838.769994432,-0.00035518503129639,-0.034074352282955744,0.008472376231112275,-0.10093905202758092,0,0,0.012449301109509653,0.0,0.34387591503228,0.32618316624834465,1.906463215677641
2023-08-23,26055.99,26819.27,25812.82,26432.72,44023.69978,1635.0,1701.84,1629.6,1679.78,71874.15305,14915.6,15308.7,14913.0,15308.4,0.0,,0.014458090267116974,-0.09404075197504835,0.015772161904151604,-0.6085539415065316,0,0,0.03807591500231534,3044915.9271723996,0.02738837920489301,-0.09201081081081086,0.01586698963914394,-0.6503059183065928,0,0,0.043005631689864154,2624256.3048271374,0.026272919250494464,-0.010183694450371483,0.009834329242798765,-0.07731809634022861,0,0,0.02584855373520425,0.0,0.4264363223576516,0.4618035336516565,1.603784607664499
2023-08-24,26432.71,26577.87,25864.0,26180.05,30205.22116,1679.78,1683.5,1636.05,1661.19,49943.00244,15288.0,15372.8,14772.7,14788.0,0.0,,-0.009558985984038038,-0.10430973991161496,0.01578531412985378,-0.6122957688931776,0,0,0.02726770957274715,3159873.820476312,-0.011066925430711083,-0.10583428875934564,0.015869674918554164,-0.6541759566322547,0,0,0.028563860846742423,4512812.309486025,-0.03399440829871181,-0.053586171145514006,0.011390538927269834,-0.10868412170307154,0,0,0.040580200162293655,0.0,0.39591490655305117,0.4308561342577622,1.3858255849340628
2023-08-25,26180.05,26314.05,25777.15,26060.01,27753.33772,1661.19,1677.5,1635.46,1653.75,62441.96382,14792.8,15004.8,14711.8,14927.4,0.0,,-0.0045851707693453925,-0.11215435016946063,0.01571793507042144,-0.6140734590008002,0,0,0.02060244796529233,6052833.926537259,-0.004478717064273274,-0.11650158669102795,0.01572990024358335,-0.6557248046765218,0,0,0.025421012849584257,13941899.76837357,0.009426562077359923,-0.03874661120090672,0.011538019020094306,-0.1002820772457689,0,0,0.01962833447217868,0.0,0.39763714869006217,0.43771831515943055,1.3622721041043948
2023-08-26,26060.0,26125.77,25985.92,26017.37,10022.22322,1653.75,1655.6,1644.19,1646.95,14183.72433,14792.8,15004.8,14711.8,14927.4,0.0,,-0.0016362234703670708,-0.10968874282323582,0.01572259910946181,-0.6147049210650207,0,0,0.005375255069978334,6125179.200589037,-0.004111866969009781,-0.11518521503210033,0.015727041525471615,-0.6571404184804218,0,0,0.00692795774006488,3449452.509620129,0.0,-0.036369974436439634,0.011537853252057174,-0.1002820772457689,0,0,0.01962833447217868,0.0,0.3978736239745976,0.4373853588406437,1.362695913964703
2023-08-27,26017.38,26182.23,25966.11,26101.77,12099.64216,1646.95,1659.96,1646.41,1658.19,16578.59918,14792.8,15004.8,14711.8,14927.4,0.0,,0.003243986613558514,-0.10958431664718793,0.015724385940584104,-0.6134550289866855,0,0,0.008279898259773148,3729856.5940015744,0.006824736634384765,-0.11531115284476501,0.01572363258822653,-0.6548004921339753,0,0,0.008171560556992839,2429188.9601399866,0.0,-0.052372971737639995,0.011027153838545302,-0.1002820772457689,0,0,0.01962833447217868,0.0,0.39322845883242863,0.42103013461949274,1.4259682880215967
2023-08-28,26101.78,26253.99,25864.5,26120.0,22692.62655,1658.19,1664.09,1621.83,1653.27,51869.36169,14957.8,15091.3,14938.7,15063.3,0.0,,0.0006984200688304742,-0.11013903225916355,0.015717875189349684,-0.6131850582214243,0,0,0.014911562021439572,32490907.197049737,-0.0029670906229081195,-0.12088630816596735,0.015664554279196854,-0.6558247303567971,0,0,0.02556146303991483,17481497.35453249,0.009104063668153861,-0.04374571493867607,0.011200388048946441,-0.09209098799363527,0,0,0.010130582276127977,0.0,0.39504287799648985,0.4160691561367714,1.4033318388026554
2023-08-29,26120.0,28142.85,25922.0,27716.34,74251.99488,1653.27,1746.22,1640.26,1729.3,130860.79148,15067.7,15397.2,15017.7,15393.0,0.0,,0.061115620214395205,-0.05343892594162303,0.01968436485172999,-0.5895446231464316,0,1,0.08012782351493734,1214942.7997309703,0.04598764872041472,-0.07112278496650937,0.018091508979183754,-0.6399969189581914,0,0,0.06127334759729373,2845563.2472089436,0.02188763418374462,-0.022815570960615483,0.011982267626071762,-0.07221900766671492,0,0,0.024654063535373222,0.0,0.508948621513908,0.5175903069126384,1.642789915741859
2023-08-30,27716.34,27768.57,27017.24,27299.99,35448.25848,1729.3,1730.98,1694.9,1705.39,51997.36957,15394.9,15490.9,15329.8,15481.2,0.0,,-0.015021824670934159,-0.06610028307776505,0.01983543286921557,-0.595710411852768,0,0,0.02752125550229132,2359782.2274391726,-0.013826403747180804,-0.08130107579014267,0.018213668607436603,-0.6449744669069045,0,0,0.021156451017069366,3760727.1502780127,0.005729877216916757,-0.01909698021872186,0.012031097993197232,-0.06690293649645596,0,0,0.01040617006433612,0.0,0.4908463508942563,0.5008336979381024,1.6486788149878757
2023-08-31,27299.99,27587.51,25655.01,25940.78,51032.80401,1705.39,1726.53,1629.84,1645.9,85032.73853,15480.0,15574.0,15428.0,15504.3,0.0,,-0.04978793032524931,-0.12674918425543136,0.021339405929186095,-0.6158391536986662,0,0,0.07449660341747627,1025003.3176029853,-0.03488351638041742,-0.12140413061233202,0.01898653561970195,-0.657359005906024,0,0,0.05874597484658852,2437618.7660240354,0.0014921323928376307,-0.014016165650219126,0.012022191741721595,-0.0655106321423406,0,0,0.009416742452093936,0.0,0.45249117795628246,0.4774303334028333,1.7749998201352977
2023-09-01,25940.77,26156.0,25333.75,25805.05,41032.15056,1645.9,1654.47,1602.26,1628.84,81456.41676,15500.5,15630.0,15423.5,15480.7,0.0,,-0.005232302189833948,-0.115841802288151,0.021194386714089932,-0.617849199336017,0,0,0.0318639181090523,7842068.4911964685,-0.01036514976608549,-0.11482821959198763,0.018852060927136777,-0.6609105311258084,0,0,0.03205348591635768,7858674.501720956,-0.001522158368968518,0.007241662003721672,0.011272962764547164,-0.06693307295433723,0,0,0.0133391900883035,0.0,0.4424303937374424,0.46415338619546087,1.8801062644935176
2023-09-02,25805.04,25987.5,25752.47,25869.51,16250.77698,1628.84,1645.15,1628.01,1636.97,24312.49968,15500.5,15630.0,15423.5,15480.7,0.0,,0.002497960670488908,-0.11386486919753758,0.021213365500913135,-0.6168946016657627,0,0,0.009085212669277417,6505591.58759833,0.00499128213943667,-0.10836528824785396,0.018920034787507686,-0.6592180399161456,0,0,0.010470564518592337,4870983.104335778,0.0,0.007235108494095588,0.011272968710406048,-0.06693307295433723,0,0,0.0133391900883035,0.0,0.44193309265546693,0.4621283586222056,1.8817888373488323
2023-09-03,25869.52,26135.0,25800.0,25971.21,17474.47667,1636.97,1647.85,1625.21,1635.77,25319.697089999998,15500.5,15630.0,15423.5,15480.7,0.0,,0.003931268895313478,-0.10794741634520044,0.0212597719316873,-0.6153885113296645,0,0,0.01289889843407373,4444985.241528278,-0.0007330616932503808,-0.10627824006031827,0.01892726998058663,-0.659467854116834,0,0,0.01384057660918092,34539182.62446405,0.0,0.012743770402789512,0.011221066986176028,-0.06693307295433723,0,0,0.0133391900883035,0.0,0.4433863477953669,0.46441196060945766,1.8946284708569945
2023-09-04,25971.21,26108.02,25631.21,25826.02,21777.59609,1635.77,1644.83,1616.58,1630.61,31690.31033,15498.2,15554.4,15477.4,15499.9,0.0,,-0.005590421085501895,-0.11165710940340456,0.02125886821212679,-0.6175386515056535,0,0,0.018462387932790314,3895512.8427354293,-0.0031544777077462394,-0.1121583360557552,0.01888127906067393,-0.6605420551797934,0,0,0.01732480482764119,10046103.604138471,0.0012402539936824386,0.013999829908608596,0.011221510046500899,-0.0657758329716959,0,0,0.004967773985638617,0.0,0.44334196357567,0.4661707578542789,1.8944731305591476
2023-09-05,25826.03,25915.49,25562.62,25792.1,21323.39337,1630.61,1647.99,1609.74,1634.4,40069.16755,15505.0,15564.5,15396.5,15495.5,0.0,,-0.0013134040785224288,-0.11332069600205164,0.021248616752626785,-0.6180409778006432,0,0,0.01368132102465494,16235088.17111851,0.002324283550327877,-0.10707066292245326,0.018914168772534413,-0.6597530586626197,0,0,0.023403083700440527,17239288.705313336,-0.00028387279917929664,0.013711982938525047,0.011222087290310476,-0.0660410338010512,0,0,0.010841857313413571,0.0,0.4435739176579047,0.46457667588717955,1.8934621758246146
2023-09-06,25792.11,26040.0,25372.51,25759.95,27262.52386,1634.4,1670.34,1609.29,1633.13,52690.48714,15492.5,15513.1,15290.8,15366.5,0.0,,-0.0012465057129895651,-0.11814394958621843,0.021201085206655274,-0.6185170919039426,0,0,0.02591192917688123,21870982.913336307,-0.0007770435633871475,-0.10711571580875312,0.0189139076132325,-0.660017445358348,0,0,0.03738220472344513,67808050.33609797,-0.008324997579942539,-0.0033790357101163293,0.011224885044197266,-0.07381623993442311,0,0,0.014466534344190355,0.0,0.431302413650896,0.45662000392775925,1.8887557632545724
2023-09-07,25759.95,26443.14,25615.38,26255.0,27687.49567,1633.13,1660.0,1623.66,1647.99,43491.08918,15370.5,15376.5,15139.0,15266.7,0.0,,0.01921781680476853,-0.11808432665713142,0.021203678870750163,-0.6111858232620021,0,0,0.03152770900780798,1440719.3878513821,0.009099091927770475,-0.11221307015606397,0.018747478145818695,-0.6569239128398254,0,0,0.022051104679033196,4779712.275479091,-0.006494647447369273,-0.001007714908291324,0.011169243469970305,-0.07983147692752784,0,0,0.015556734592282549,0.0,0.441268236502003,0.4763703738849942,1.8983971424552635
2023-09-08,26255.0,26445.5,25647.26,25910.5,28999.76471,1647.99,1658.79,1616.55,1636.44,41266.0956,15268.3,15384.5,15211.0,15312.1,0.0,,-0.01312131022662355,-0.12411233997442372,0.021266020497938888,-0.6162875746954906,0,0,0.030807587657513427,2210125.521604039,-0.007008537673165449,-0.11795999547240588,0.018746035962106944,-0.6593283745214497,0,0,0.025812128767324197,5887966.740670245,0.002973792633640615,0.011667933005186537,0.011030817436613131,-0.07709508655190705,0,0,0.011330908235970246,0.0,0.4385944440006632,0.4864649903796488,1.9278717412760413
2023-09-09,25910.5,25945.09,25796.64,25901.61,10980.62277,1636.44,1637.38,1630.04,1635.37,9649.94731,15268.3,15384.5,15211.0,15312.1,0.0,,-0.0003431041469674767,-0.1206603125026523,0.021277569636923104,-0.6164192280198555,0,0,0.005731303961414009,32002827.24291411,-0.0006538583754981397,-0.11713768996140039,0.01875094561778547,-0.6595511255170634,0,0,0.004488280939481675,14758241.370288527,0.0,0.010719684218169379,0.011030702997675496,-0.07709508655190705,0,0,0.011330908235970246,0.0,0.4381331897205943,0.485900151326951,1.9289387405335385
2023-09-10,25901.6,26033.66,25570.57,25841.61,18738.26914,1635.37,1635.55,1597.86,1617.49,41298.01634,15268.3,15384.5,15211.0,15312.1,0.0,,-0.002316458320544501,-0.12181119913219685,0.021272453069394893,-0.6173077768907098,0,0,0.017920323075845512,8089154.068636453,-0.01093330561279704,-0.12512778351714327,0.018789024510141996,-0.6632733571073182,0,0,0.0233015350944983,3777263.714189519,0.0,0.01834905095702366,0.01092988073690439,-0.07709508655190705,0,0,0.011330908235970246,0.0,0.44579473829837457,0.49300155065178425,1.9462640186849451
2023-09-11,25841.6,25900.69,24901.0,25162.52,41682.32,1617.49,1618.99,1531.2,1551.89,103075.60893,15314.9,15505.6,15302.9,15480.3,0.0,,-0.026278935406888304,-0.14500935604517395,0.021634673263224255,-0.6273645211025173,0,0,0.03972932758722094,1586148.8866700914,-0.040556664956197475,-0.16113147169158581,0.019890943868918622,-0.6769298667449417,0,0,0.056569731102075506,2541520.2070023,0.010984776745188274,0.029535387930460955,0.011089694086697096,-0.06695718212064235,0,0,0.0130940614845966,0.0,0.40090900184137995,0.40330521809993014,1.9508792204091914
2023-09-12,25162.53,26567.0,25131.48,25840.1,56434.38537,1551.89,1625.32,1549.75,1592.86,97037.30481,15470.8,15490.2,15295.0,15316.4,0.0,,0.026928145511657675,-0.11820089107775644,0.022406012226385656,-0.6173301387039597,0,0,0.05555396457444052,2095738.9876023463,0.026400067015059037,-0.13461151888212197,0.020734295487125815,-0.6684007935764442,0,0,0.04744296422786682,3675644.762500061,-0.010587650110139957,0.01863502746704615,0.011290272551130968,-0.07683591301412804,0,0,0.012744509153587052,0.0,0.33129758532024567,0.3269115600555956,1.9845395476077972
2023-09-13,25840.1,26405.22,25764.17,26222.0,31610.82753,1592.86,1618.9,1582.0,1607.61,63789.46687,15317.2,15432.4,15210.6,15386.1,0.0,,0.01477935456906132,-0.10903257219530615,0.022619109781008968,-0.611674525140972,0,0,0.024447029212112076,2138848.891796956,0.009260073076102104,-0.12902544209431355,0.020847156885974483,-0.6653301606929847,0,0,0.022953328232593783,6888649.52352579,0.004550677704943773,0.011059417261364946,0.01111039989178988,-0.07263489078547666,0,0,0.014415608893741706,0.0,0.3308515133192649,0.3261057752370317,2.0358483621494043
2023-09-14,26222.0,26860.49,26126.77,26522.73,38333.1725,1607.61,1644.76,1607.16,1626.55,73621.35625,15384.3,15528.1,15345.5,15490.8,0.0,,0.011468614140797806,-0.09168732876712327,0.022768201093583195,-0.6072209701087717,0,0,0.027663818920601355,3342438.6421066704,0.011781464409900355,-0.11082988481870015,0.021033489978365134,-0.6613872598921219,0,0,0.023116412037748554,6248908.556651753,0.006804843332618438,0.029275358466996915,0.010952903355868087,-0.06632431650513533,0,0,0.01178764169700728,0.0,0.3383749487885062,0.33367686470629637,2.0787347031632457
2023-09-15,26522.73,26888.0,26224.0,26600.0,26227.29369,1626.55,1653.93,1611.51,1641.59,42125.36067,15489.3,15535.8,15175.3,15200.0,0.0,,0.0029133501717206745,-0.07415496627104767,0.022654240034038292,-0.6060766672545899,0,0,0.024962406015037596,9002420.622270593,0.009246564815099445,-0.0919002942933641,0.02110469043666446,-0.658256255243496,0,0,0.025840800687138735,4555780.006366276,-0.018772432669713623,0.021697631274702145,0.011314282121058191,-0.0838516804088915,0,0,0.023717105263157894,0.0,0.29212058203318775,0.27104706653803223,2.00226755608282
2023-09-16,26599.99,26777.0,26445.0,26559.67,13960.93351,1641.59,1652.2,1631.46,1634.49,19734.24973,15489.3,15535.8,15175.3,15200.0,0.0,,-0.001516165413533943,-0.002394133583939917,0.018257897597867515,-0.6066739201872824,0,0,0.012500155310664628,9207993.603760844,-0.0043250750796482995,-0.0277316772846512,0.01689636492480053,-0.659734322597568,0,0,0.012688973318894584,4562742.551090976,0.0,0.03508389627369812,0.011016337620543392,-0.0838516804088915,0,0,0.023717105263157894,0.0,0.19990027404175204,0.17235751933459242,1.6573458124923373
2023-09-17,26559.67,26623.25,26399.0,26527.51,12998.10277,1634.49,1634.99,1611.95,1622.41,26175.19868,15489.3,15535.8,15175.3,15200.0,0.0,,-0.0012108584180451354,0.018174176709910173,0.017805853477631285,-0.6071501823820604,0,0,0.008453488472909821,10734529.513111385,-0.007390684556038862,-0.02346815938365232,0.01681808268178231,-0.6622491188844963,0,0,0.014201095900542996,3541642.599559538,0.0,0.034907709381574614,0.011016934969638901,-0.0838516804088915,0,0,0.023717105263157894,0.0,0.2013388437922743,0.1725260545936667,1.6162242370005142
2023-09-18,26527.5,27409.0,26377.35,26762.51,43000.43256,1622.41,1668.91,1605.0,1636.87,73783.53589,15207.1,15283.0,15154.2,15247.9,0.0,,0.00885872816559119,0.025383132037114065,0.017866754785934826,-0.603670032637881,0,0,0.038548327492451254,4854013.264216434,0.00891266695841364,-0.019726795264131902,0.01687780570933662,-0.6592388577662031,0,0,0.03904402915320098,8278493.233208429,0.0031513157894735855,0.038169030386796754,0.011020089447088774,-0.08096460774386428,0,0,0.00844706484171586,0.0,0.20344362457300832,0.17652204018500023,1.6212879812672436
2023-09-19,26762.5,27483.57,26667.79,27210.26,36190.52187,1636.87,1660.8,1626.74,1643.18,51379.72673,15250.8,15267.3,15073.9,15208.1,0.0,,0.016730493514995448,0.038956486810418633,0.018092930682967443,-0.5970392366891307,0,0,0.029980602904933613,2163146.006787103,0.003854918228081816,-0.024934725848563932,0.01679928218009906,-0.657925251427584,0,0,0.020728100390705793,13328322.52380641,-0.002610195502331436,0.03545920625302146,0.01104105932914845,-0.08336346979121464,0,0,0.012716907437483948,0.0,0.19062611432347357,0.1761016258102185,1.6386936938437713
2023-09-20,27210.25,27388.63,26800.0,27125.0,34207.21867,1643.18,1649.2,1605.4,1622.29,79426.46618,15202.6,15261.2,14953.9,14959.4,0.0,,-0.0031333768953327734,0.03820121162387302,0.018098721880282175,-0.5983018646346147,0,0,0.02170064516129036,10917010.829703847,-0.01271315376282578,-0.027164950617357908,0.01684956138398668,-0.6622741003045651,0,0,0.026998871964938425,6247576.737133584,-0.016353127609629148,0.002519803240895957,0.01112914320939204,-0.09835334394136656,0,0,0.020542267738010957,0.0,0.21235229557433866,0.23896621377850236,1.6262442918845277
2023-09-21,27125.01,27159.6,26377.7,26568.08,34476.82662,1622.29,1625.32,1567.7,1584.01,75663.09168,14971.1,14976.4,14670.0,14678.5,0.0,,-0.020531612903225693,0.019653054958550964,0.01852594828100586,-0.6065493752538843,0,0,0.029430052905591888,1679206.109643841,-0.023596274402233886,-0.03118654434250767,0.017020572982989222,-0.6702431733065198,0,0,0.036376032979589704,3206568.0507239895,-0.018777491075845254,-0.015955485536151226,0.011653530127716407,-0.11528400597907328,0,0,0.020874067513710504,0.0,0.26234871995915215,0.2989107789939775,1.5897270767484928
2023-09-22,26568.08,26743.38,26468.77,26580.14,18198.2292,1584.01,1602.6,1576.6,1593.05,44200.48435,14682.6,14858.1,14667.9,14706.7,0.0,,0.00045392817245337724,0.005577178587750309,0.018345854278564954,-0.6063707769308426,0,0,0.010331397803021376,40089664.85820069,0.005707034677811418,-0.05163176130207525,0.016218729198399638,-0.6683612396613352,0,0,0.016320893882803427,7744898.9530164935,0.0019211772320060216,-0.03930521805022069,0.010519443072208555,-0.11358430975456868,0,0,0.01293288093182024,0.0,0.22610309646683072,0.1941649955784312,1.7439931670053308
2023-09-23,26580.14,26632.81,26509.0,26575.96,9440.7026,1593.05,1598.14,1587.7,1593.8,14234.28404,14682.6,14858.1,14667.9,14706.7,0.0,,-0.00015726027026197187,0.015122583799496159,0.0182508555027358,-0.6064326791688455,0,0,0.00465872164166417,60028526.588491365,0.0004707950158500118,-0.04056730416147469,0.016123962057478586,-0.668205105785905,0,0,0.006550382733090761,30233926.064489365,0.0,-0.0054977008385176385,0.00851390165264491,-0.11358430975456868,0,0,0.01293288093182024,0.0,0.2063975586671165,0.16123289865083845,2.14365103225684
2023-09-24,26575.97,26738.54,26122.08,26248.38,15706.65771,1593.8,1601.0,1570.6,1580.77,39171.4324,14682.6,14858.1,14667.9,14706.7,0.0,,-0.012326177492741452,0.007228316489517939,0.018381828799689543,-0.611283859820753,0,0,0.023485639875679913,1274251.0787905192,-0.00817542979043795,-0.04413000755857899,0.016163534633673676,-0.6709176716483781,0,0,0.01923113419409534,4791354.765503279,0.0,-0.01478489221163759,0.008320072422799814,-0.11358430975456868,0,0,0.01293288093182024,0.0,0.22004228007410243,0.17194127081515775,2.209332536095697
2023-09-25,26248.39,26446.15,25990.46,26304.81,26266.2039,1580.77,1597.45,1562.95,1588.3,77245.95616,14720.7,14793.3,14620.3,14788.8,0.0,,0.0021498469619840588,0.011048003699067221,0.018380346124818606,-0.6104481796077146,0,0,0.017323447688844827,12217651.855200386,0.004763501331629616,-0.035611281459667965,0.016192949505281214,-0.6693500875390594,0,0,0.021721337278851602,16216179.784666086,0.005582489613577435,-0.009284939105269507,0.008392890751189375,-0.10863590337046153,0,0,0.0116980417613329,0.0,0.22056547811973018,0.17946072520960343,2.1899873082871726
2023-09-26,26304.8,26397.46,26088.34,26221.67,18495.35066,1588.3,1599.2,1580.4,1593.92,43859.20527,14784.6,14787.5,14509.7,14568.6,0.0,,-0.0031606386816709353,0.004593558214634363,0.01838491439508774,-0.6116794121597617,0,0,0.011788722838781778,5851757.826568087,0.003538374362526131,-0.03875912892973665,0.016148677229778596,-0.6681801243658362,0,0,0.011794820317205352,12395263.141703447,-0.0148896462187601,-0.024036335865589398,0.008806045928308085,-0.12190799942138003,0,0,0.0190684073967299,0.0,0.2208103709373673,0.15421479243960864,2.087758077482486
2023-09-27,26221.68,26850.0,26112.06,26372.99,34771.57978,1593.92,1634.05,1583.41,1598.6,108581.39996000001,14572.3,14667.6,14435.0,14613.4,0.0,,0.005770799495226742,0.009685681470137819,0.01841186514518628,-0.609438491907467,0,0,0.02798090015580329,6025424.996053138,0.0029361573981128153,-0.03306779896810563,0.01616224598953163,-0.6672058489831522,0,0,0.03167771800325277,36980657.17567375,0.003075106736405653,-0.029867293355373636,0.008640094088291831,-0.1192077727952168,0,0,0.015916898189333104,0.0,0.22867334010980586,0.16559198647524723,2.130977237894173
2023-09-28,26373.0,27308.48,26342.4,27021.39,44517.83491,1598.6,1668.48,1597.9,1652.98,136678.63395,14618.5,14795.2,14506.1,14724.4,0.0,,0.024585759900564774,-0.02507365691141039,0.015189771526025794,-0.5998362404431016,0,0,0.03575241688158892,1810715.5110476061,0.034017265106968564,-0.044133464407563716,0.015073458891706314,-0.6558851021219634,0,0,0.04269864124187826,4017918.3523726994,0.0075957682674805405,-0.04343532774637826,0.007676344178930158,-0.11251747914557121,0,0,0.019634076770530574,0.0,-0.04200798174891212,-0.03252839230904898,1.978774190450755
2023-09-29,27021.39,27244.89,26665.16,26906.96,28478.76219,1652.98,1688.34,1648.41,1667.4,94598.27034999999,14725.5,14910.4,14661.4,14741.7,0.0,,-0.004234793250828317,-0.014396708570223016,0.014965901214778922,-0.6015308512312992,0,0,0.021545726458879026,6724931.597336813,0.008723638519522403,-0.02227642943842756,0.014994103516597895,-0.6528831681436931,0,0,0.02394746311622876,10843888.32703441,0.0011749205400559681,-0.04776761491357262,0.007573787073312365,-0.11147475770287862,0,0,0.016890860619874232,0.0,-0.014300427012689047,0.0030695957241525544,1.976010324796523
2023-09-30,26906.96,27094.99,26886.31,26962.56,12804.62307,1667.4,1694.27,1666.21,1670.85,34955.19091,14725.5,14910.4,14661.4,14741.7,0.0,,0.002066379851161315,0.039388946670069425,0.011700193192300135,-0.6007074626109743,0,0,0.007739621163569048,6196615.349617487,0.0020690896005757242,0.015158879640318146,0.013530516631163576,-0.6521649523167145,0,0,0.016793847442918244,16893914.096872747,0.0,-0.04918635475319744,0.007557647211928678,-0.11147475770287862,0,0,0.016890860619874232,0.0,0.04382804421931979,0.04122400289377263,1.548124354440561
2023-10-01,26962.57,28065.51,26954.09,27992.57,24602.81468,1670.85,1759.16,1668.32,1733.67,80733.27488,14725.5,14910.4,14661.4,14741.7,0.0,,0.03820149125305594,0.08477100412516148,0.01341815653486338,-0.5854538922364968,0,0,0.039704107197016864,644027.4301532034,0.03759762994882854,0.06435868470813588,0.01495048912295299,-0.6390871789106851,0,0,0.05239751509802912,2147296.345990873,0.0,-0.04773685944434036,0.007563656373297123,-0.11147475770287862,0,0,0.016890860619874232,0.0,0.0584103964266177,0.055613979739396024,1.7740280801166792
2023-10-02,27992.58,28580.0,27281.44,27494.51,57071.14241,1733.67,1743.44,1637.2,1662.44,154865.69601,14827.9,14901.8,14682.8,14849.1,0.0,,-0.017792578530660186,0.06281526012668959,0.013935441027715084,-0.5928297364134585,0,0,0.047229792420377795,3207579.510516697,-0.04108625055518067,0.015559234439238345,0.016893315651918067,-0.6539157335065379,0,0,0.06390606578282525,3769281.8454969516,0.007285455544475905,-0.04079918866717913,0.007731928886103575,-0.10500144654997833,0,0,0.014748368587995232,0.0,-0.0018219680888919407,-0.051611135587145265,1.8023216728679674
2023-10-03,27494.51,27676.52,27160.5,27426.46,28928.96555,1662.44,1670.44,1643.87,1656.84,66825.95609,14842.7,14885.6,14508.1,14570.9,0.0,,-0.0024750395624435484,0.056033199839360615,0.013955894244167806,-0.5938374989244857,0,0,0.01881467750486211,11688236.869664634,-0.0033685426240948058,0.01288078397329695,0.01690762015137804,-0.6550815331097496,0,0,0.016036551507689435,19838180.829357658,-0.018735142197170207,-0.058769952263140635,0.008350310517217657,-0.12176937171512615,0,0,0.0259078025379352,0.0,0.020063679772528903,-0.03062164599791555,1.6713004267790592
2023-10-04,27426.45,27839.72,27202.0,27778.57,29816.142,1656.84,1657.76,1624.0,1646.65,92383.04789,14569.4,14814.8,14448.8,14761.8,0.0,,0.012838332034101452,0.07560398388911649,0.01401969129676958,-0.5886230498758771,0,0,0.02295726525879486,2322429.323101206,-0.006150261944424251,0.009836809537535185,0.016939165683107407,-0.6572028720305939,0,0,0.02050223180396562,15020969.596922157,0.01310145564103804,-0.04761966206233592,0.008778036131129627,-0.110263272096051,0,0,0.02479372434255985,0.0,0.06991313483197327,-0.04951272804103795,1.5971311938144732
2023-10-05,27778.57,28120.39,27352.0,27410.39,30681.49619,1646.65,1655.2,1607.5,1611.86,101745.81571,14761.6,14819.7,14577.5,14721.7,0.0,,-0.013254101993011136,0.06274363080167955,0.014299190061676985,-0.5940754819303962,0,0,0.02803280070075615,2314866.224623595,-0.021127744207937393,-0.01379099363680869,0.01738569419150561,-0.6644454020655471,0,0,0.029593140843497606,4815742.113838846,-0.002716470891083622,-0.04993707850666318,0.008776813337594103,-0.1126802160181301,0,0,0.01645190433170087,0.0,0.07456052967602327,-0.04371647626166399,1.629198801396482
2023-10-06,27410.39,28295.0,27175.94,27931.09,37983.24277,1611.86,1662.54,1611.23,1645.11,95999.82334,14718.3,15022.6,14523.8,15002.6,0.0,,0.01899644623808716,0.08428354868701216,0.014608693271497645,-0.5863643586461655,0,0,0.04006503147567823,1999490.9731555646,0.020628342411872058,0.0073356070857799605,0.017800421175540104,-0.6575234669214772,0,0,0.031189403748077604,4653780.4582371805,0.019080676824008158,-0.023681384830638086,0.009459776865965643,-0.09574955398042337,0,0,0.033247570421127075,0.0,0.14482258081921334,0.04474698941760181,1.5442941240099926
2023-10-07,27931.1,28029.67,27842.08,27956.67,13348.83825,1645.11,1647.55,1630.0,1633.79,27812.27606,14718.3,15022.6,14523.8,15002.6,0.0,,0.0009158253401495564,0.06481317844220147,0.014277996425369819,-0.5859855406442246,0,0,0.006710026623342355,14575587.62453972,-0.00688099883898341,-0.008616557139303094,0.017770119420954366,-0.6598800475479695,0,0,0.010741894613138748,4041889.30879341,0.0,-0.01729908886661824,0.009398012100498742,-0.09574955398042337,0,0,0.033247570421127075,0.0,0.17401251401330833,0.05500963512900812,1.51925546382915
2023-10-08,27956.67,28095.14,27687.5,27917.05,19693.56921,1633.79,1641.47,1616.12,1632.68,49093.358309999996,14718.3,15022.6,14523.8,15002.6,0.0,,-0.0014171931063320375,0.07744157773875449,0.014002341787988705,-0.5865722790819453,0,0,0.014601829348014902,13896081.035957016,-0.0006794018815147185,-0.002297670553151998,0.017723213544923563,-0.6601111256836061,0,0,0.015526618810789705,72258610.19761465,0.0,-0.02021277290508816,0.009375342534164229,-0.09574955398042337,0,0,0.033247570421127075,0.0,0.19179089486778764,0.06036802983890886,1.49352696199567
2023-10-09,27917.06,27987.93,27260.0,27590.12,31534.74639,1632.68,1635.87,1545.25,1579.97,166741.83039000002,14881.2,15082.6,14819.6,15064.8,0.0,,-0.01171076456860598,0.06518938398037788,0.014236134700935814,-0.5914138337877521,0,0,0.026383719969322362,2692797.662977626,-0.032284342308351976,-0.03387612589199984,0.018682967449029645,-0.6710842144488369,0,0,0.057355519408596296,5164787.845127802,0.004145948035673808,-0.016150625975535737,0.009415538760969846,-0.0920005786199914,0,0,0.01745791513992884,0.0,0.17112893515293084,0.02762555314291236,1.5119814109984415
2023-10-10,27590.12,27735.0,27298.0,27390.12,22776.84383,1579.97,1594.8,1551.2,1567.59,138370.04269,15065.8,15255.6,15045.5,15154.6,0.0,,-0.007248971733359588,0.05992312398492183,0.014318397413543953,-0.5943756633572664,0,0,0.015954658102994804,3142074.937943584,-0.00783559181503457,-0.03085026800783941,0.01863455054495004,-0.6736614642859373,0,0,0.02781339508417374,17659146.796421215,0.0059609155116564505,-0.010285982980779873,0.009489055032540323,-0.08658807078451229,0,0,0.013863777334934631,0.0,0.1541488184523963,0.01969371995808875,1.5089365880034196
2023-10-11,27390.12,27477.39,26538.66,26875.52,37349.44706,1567.59,1578.4,1544.66,1566.88,100547.4964,15154.9,15288.0,15127.8,15285.0,0.0,,-0.018787796475517426,0.06807744216398048,0.013865659084304087,-0.6019964508396268,0,0,0.034928812540185254,1987962.0917253126,-0.00045292455297607503,0.009659189762160958,0.01706187051591075,-0.6738092710213445,0,0,0.02153323802716226,221991225.3091257,0.008604648093648137,-0.012616034572973334,0.009400983641342349,-0.0787284825690728,0,0,0.010480863591756671,0.0,0.19630933749062313,0.11947859783251552,1.4749142072948194
2023-10-12,26875.52,26947.04,26555.0,26759.63,23428.64112,1566.88,1568.56,1519.55,1539.86,100598.98849,15281.6,15344.6,15093.0,15199.8,0.0,,-0.004312102612340163,0.03558538860143745,0.013103640812509976,-0.6037126829836819,0,0,0.014650426780938334,5433216.436174052,-0.017244460328806444,-0.033273482917519415,0.016629119013640097,-0.6794342541068414,0,0,0.03182756874001532,5833695.472916438,-0.005574092247301321,-0.007612754955472534,0.00925672762364095,-0.08386373499204405,0,0,0.016552849379597126,0.0,0.29369011509051113,0.2060445151147442,1.4155787217133982
2023-10-13,26759.63,27130.0,26685.0,26862.0,24115.76499,1539.86,1576.2,1537.88,1552.24,81180.61766,15203.3,15244.9,14941.1,14985.9,0.0,,0.0038255386939205493,0.024406986499885486,0.01286403410751575,-0.602196670518526,0,0,0.016566152929789295,6303870.874346488,0.008039691920044723,-0.03444243317720086,0.016604645838495323,-0.676857004269741,0,0,0.024686904086996815,10097466.108488314,-0.014072553586231384,-0.026010489987716268,0.009546172704466335,-0.09675611167365838,0,0,0.020272389379349873,0.0,0.2600523061534169,0.16206579729960743,1.347557919826645
2023-10-14,26862.0,26989.58,26789.0,26852.48,10417.25576,1552.24,1562.11,1544.63,1554.95,27355.93821,15203.3,15244.9,14941.1,14985.9,0.0,,-0.00035440399076769324,0.012432732226282939,0.012708735804900454,-0.602337653606035,0,0,0.007469701122577942,29392902.174756892,0.0017458640416430082,-0.04401955058252127,0.01643780899136767,-0.6762928405331868,0,0,0.011241519019904042,15668907.124740716,0.0,-0.03259353939112242,0.009438648909295215,-0.09675611167365838,0,0,0.020272389379349873,0.0,0.24191742440723593,0.14382751610400638,1.3464556699241308
2023-10-15,26852.48,27293.33,26808.25,27154.15,15274.6917,1554.95,1566.98,1548.6,1557.68,39113.97364,15203.3,15244.9,14941.1,14985.9,0.0,,0.011234344090378379,0.020832706766917397,0.0128534400737335,-0.5978701779748579,0,0,0.017863936083434825,1359641.2910896188,0.0017556834624907758,-0.05111507745539379,0.016327524410761705,-0.675724513226621,0,0,0.011799599404242276,22278361.499683205,0.0,-0.01408552631578952,0.008826347410259582,-0.09675611167365838,0,0,0.020272389379349873,0.0,0.2707179129855679,0.2017459016389872,1.4562564686982784
2023-10-16,27154.14,30000.0,27112.66,28500.78,78399.22445,1557.68,1641.67,1555.19,1599.53,179232.53481,15008.0,15221.0,14968.2,15189.3,0.0,,0.04959205130707445,0.07308486890085608,0.015627938478918187,-0.5779277352088823,0,0,0.10130740281494051,1580882.5522405966,0.026866878948179185,-0.02138893477476156,0.01712298732718809,-0.6670122429776187,0,0,0.05406588185279427,6671130.965542883,0.013572758392889295,-0.000703947368421054,0.009189788584302978,-0.08449660060755107,0,0,0.016643294951051022,0.0,0.372749776317394,0.26936986151126446,1.7005746465011915
2023-10-17,28500.77,28613.65,28069.32,28395.91,38428.44532,1599.53,1600.6,1551.0,1564.48,73837.34938,15190.6,15196.3,14938.1,15129.7,0.0,,-0.003679548419376566,0.07043254342378913,0.01565446777115081,-0.5794807705436571,0,0,0.019169309946397272,10443765.51208854,-0.02191268685176273,-0.0357061408645164,0.017522805622751953,-0.674308899422721,0,0,0.0317038249130701,3369614.880336387,-0.00392381479067494,-0.00462499999999999,0.00921792551733893,-0.08808886638700034,0,0,0.017065771297514087,0.0,0.37668185525813674,0.27993976645626945,1.6982618007800954
2023-10-18,28395.91,28982.36,28142.87,28320.0,32162.47591,1564.48,1585.13,1555.81,1563.25,65317.98266,15124.9,15127.1,14868.8,14950.8,0.0,,-0.00267327231280845,0.05819670875414906,0.01563167043732177,-0.5806049329567663,0,0,0.029643008474576328,12031080.950897142,-0.0007862037226427088,-0.044976082401168016,0.017421593808172677,-0.6745649589784264,0,0,0.018755797217335782,83079168.9064469,-0.011824424806836986,-0.019484650345293453,0.009437910430962761,-0.09887169101692472,0,0,0.017276667469299376,0.0,0.3760099114045979,0.2664790319195905,1.6562621555951373
2023-10-19,28320.0,28916.89,28100.66,28713.71,35895.50179,1563.25,1574.57,1542.0,1566.58,90042.19103,14935.0,15029.7,14730.4,14742.3,0.0,,0.013902189265536657,0.05525305528135349,0.015548093983572256,-0.5747744233576988,0,0,0.028426490342070027,2582001.6750144283,0.0021301775147928304,-0.04661692571720699,0.01740654175990368,-0.6738717245715166,0,0,0.020790511815547204,42269607.91231423,-0.013945742033871111,-0.03062841512088965,0.00974263889276038,-0.11143859395342118,0,0,0.020302123820570814,0.0,0.3365469383735228,0.2508309965018234,1.5958795348897175
2023-10-20,28713.71,30207.55,28578.29,29669.04,59422.0992,1566.58,1630.44,1561.28,1604.01,106934.42487,14741.0,14781.4,14540.0,14544.1,0.0,,0.0332708660775638,0.09378949308755757,0.01653052217720605,-0.5606268001444781,0,0,0.05491448324583466,1786009.4534772788,0.0238928110916774,-0.011268022363449148,0.017866263819222603,-0.6660796032950492,0,0,0.04311693817370221,4475588.063029046,-0.01344430651933548,-0.027761808628688267,0.009597872526211448,-0.12338468585756306,0,0,0.016597795669721718,0.0,0.21882789128597396,0.14908179162847374,1.7223092835385128
2023-10-21,29669.05,30379.99,29464.77,29909.8,27517.51897,1604.01,1644.49,1592.44,1628.86,63340.47307,14741.0,14781.4,14540.0,14544.1,0.0,,0.00811485642946308,0.12577950683677552,0.015933607233821378,-0.5570613497086966,0,0,0.030599335334906993,3391000.8512389893,0.015492422117069138,0.02831421518803534,0.017525009792038568,-0.6609063675557971,0,0,0.031954864138108836,4088478.3351874882,0.0,-0.009156248935517919,0.008984009396684145,-0.12338468585756306,0,0,0.016597795669721718,0.0,0.1373874535348054,0.06853706501558292,1.7735499591310113
2023-10-22,29909.8,30248.0,29640.0,29992.46,22852.54563,1628.86,1668.33,1621.52,1663.9,84411.40162,14741.0,14781.4,14540.0,14544.1,0.0,,0.002763642685674972,0.12837855632062123,0.015921068322639734,-0.5558372255476164,0,0,0.020271761636091203,8268964.384871206,0.021511977702196816,0.04447443583063948,0.017902410539881137,-0.6536117928957005,0,0,0.028132700282468864,3923923.850671403,0.0,-0.01105618527609864,0.008974712663017123,-0.12338468585756306,0,0,0.016597795669721718,0.0,0.13950303815581938,0.06637835723100936,1.7739900073176622
2023-10-23,29992.46,34741.91,29883.6,33069.99,93513.64246,1663.9,1801.03,1657.27,1765.27,224650.53691999998,14585.0,14754.2,14416.3,14651.0,0.0,,0.10261012267749958,0.2443573063776434,0.02397826085762302,-0.5102616287722788,0,1,0.14690993254004628,911349.0063784485,0.06092313239978364,0.1075856443719414,0.020918353446463783,-0.6325087382925616,0,1,0.08143796699655009,3687441.718712096,0.007350059474288573,-0.0037873894211482018,0.009083738318329664,-0.11694151116254403,0,0,0.023063272131595213,0.0,0.20748767089463654,0.13619393938079566,2.6396879368881705
2023-10-24,33069.99,35280.0,32832.34,33922.73,115265.02418,1765.27,1854.66,1756.24,1785.07,180509.11778,14656.2,14853.5,14611.2,14735.5,0.0,,0.02578591647593509,0.29237423414321206,0.023896693149141834,-0.4976332760367403,0,0,0.07215398053163773,4470074.956878976,0.01121641448616928,0.12924081302150214,0.020840713291701205,-0.6283868039812057,0,0,0.05513509274146116,16093285.164321458,0.005767524401064872,0.0019582911190136887,0.009146449174058357,-0.11184844978060662,0,0,0.016443283227579604,0.0,0.2226982973440189,0.14331718580939812,2.6126714933489046
2023-10-25,33922.73,35132.85,33679.05,34496.05,54887.02529,1785.07,1817.9,1760.0,1787.25,107267.77569,14730.5,14762.1,14357.8,14375.3,0.0,,0.0169007624091575,0.31139704107347677,0.02390581611768019,-0.4891428953927704,0,0,0.0421439556123091,3247604.545000562,0.0012212406236169482,0.1252597116413776,0.020847842415249597,-0.6279329748499554,0,0,0.03239613932018469,87834367.17707267,-0.02444436904075198,-0.027960348371740773,0.010117800011179557,-0.13355875403828543,0,0,0.02812463044249519,0.0,0.18040361401883753,0.1407182849183308,2.36274609735365
2023-10-26,34496.05,34824.13,33751.0,34151.66,39744.66255,1787.25,1865.6,1762.56,1803.31,146844.43341,14324.7,14369.8,14052.7,14122.5,0.0,,-0.009983461874620403,0.30242124166767437,0.024060817705355494,-0.49424301781999563,0,0,0.03142248429505322,3981046.1780372565,0.008985872149950946,0.131367948203172,0.020866048002178977,-0.6245896281307444,0,0,0.05713937148909504,16341682.537067506,-0.017585719950192313,-0.030620649890861218,0.010257399673372589,-0.14879574714306382,0,0,0.022453531598512908,0.0,0.19733686068779227,0.12437809541760168,2.345701153753802
2023-10-27,34151.66,34245.0,33390.95,33892.02,32330.40106,1803.31,1804.24,1745.0,1779.44,69725.77484,14177.7,14322.5,14125.6,14186.0,0.0,,-0.007602558704320916,0.28510343347493006,0.02424807009822625,-0.4980880649671393,0,0,0.025199147173877598,4252562.826775249,-0.013236770161536238,0.11312398348554997,0.021110828270196922,-0.6295588489394346,0,0,0.033291372566650185,5267578.216839385,0.004496371039121927,-0.02924712934703766,0.01028005594195525,-0.14496841699214044,0,0,0.013879881573382182,0.0,0.18467095714833212,0.1083857873911683,2.3587465523216586
2023-10-28,33892.01,34493.33,33860.0,34081.0,16880.13144,1779.44,1803.19,1770.0,1776.18,42321.83584,14177.7,14322.5,14125.6,14186.0,0.0,,0.005575943835746777,0.261260061010925,0.024065489843716474,-0.49528943220690513,0,0,0.01858308148235092,3027308.320198687,-0.0018320370453626111,0.07453205725417122,0.020341564092734504,-0.6302375108513043,0,0,0.018686169194563645,23100845.552589715,0.0,-0.03656515715411157,0.01015541880843324,-0.14496841699214044,0,0,0.013879881573382182,0.0,0.1681035506212339,0.06841621420284477,2.369716759151724
2023-10-29,34081.01,34750.11,33930.0,34525.89,20685.52176,1776.18,1811.21,1763.04,1795.11,44492.92395,14177.7,14322.5,14125.6,14186.0,0.0,,0.013053901000557477,0.283158335241142,0.0239683293889041,-0.4887009904209989,0,0,0.023753478911043294,1584622.5517484078,0.010657703611120395,0.07659229938826906,0.02036470119457296,-0.6262966918354474,0,0,0.026834010172078634,4174715.6635524067,0.0,-0.037695788138410125,0.010148243624830822,-0.14496841699214044,0,0,0.013879881573382182,0.0,0.17396288261897105,0.06758276149446286,2.3618181290087406
2023-10-30,34525.88,34856.0,34062.84,34474.73,33657.95976,1795.11,1830.17,1777.36,1808.9,77380.72093,14258.8,14396.8,14223.6,14332.7,0.0,,-0.0014817865665446295,0.2786148644639086,0.024010459343411096,-0.48945862642488064,0,0,0.023006996719046196,22714291.90748248,0.007681980491446305,0.08262261723075093,0.02038484082356085,-0.6234259103125384,0,0,0.029194538117087828,10073003.997617727,0.01034118144649665,-0.02774442567682156,0.010364784295267092,-0.13612638024977095,0,0,0.012084254885680918,0.0,0.15513124637874218,0.07538903993058732,2.316539881006135
2023-10-31,34474.74,34720.49,34025.0,34639.77,32737.89822,1808.9,1819.22,1781.2,1814.72,88606.07329,14332.5,14426.0,14234.4,14374.7,0.0,,0.004787274621149917,0.2374630125065329,0.023350791963558944,-0.4870145246641175,0,0,0.020077789200101444,6838510.932766784,0.003217424954392145,0.04675053499224191,0.01930157928822407,-0.6222143114392004,0,0,0.02095089049550343,27539351.858238243,0.0029303620392528984,-0.024895364849372825,0.01038719912322407,-0.1335949177877429,0,0,0.013328973822062398,0.0,0.15388381276649749,0.07497652208611905,2.248033296196036
2023-11-01,34639.78,35582.0,34097.39,35421.43,53473.28165,1814.72,1857.8,1783.12,1846.77,147645.20599,14390.7,14686.3,14336.1,14685.7,0.0,,0.022565392322177802,0.2883091933626023,0.023010631193468047,-0.47543880615758444,0,0,0.041912762979924884,2369702.11683065,0.01766112678539944,0.11087918962488863,0.017726543811128582,-0.6155421904958187,0,0,0.0404381704272866,8359892.55867488,0.02163523412662527,-0.011004033914513323,0.011079135221176848,-0.11485004098558271,0,0,0.023846326698761303,0.0,0.21733857378609991,0.19508501373857895,2.0769319955735552
2023-11-02,35421.43,35984.99,34300.0,34941.59,48015.57732,1846.77,1874.2,1784.75,1800.86,149790.87003,14687.7,14939.2,14686.4,14896.0,0.0,,-0.013546601591183705,0.2740102076607771,0.02328362191297543,-0.48254482766076334,0,0,0.048223048808025,3544471.397648184,-0.024859619768568986,0.08692450689263898,0.01844030981561627,-0.6250996654571497,0,0,0.04967071288162325,6025466.647109384,0.014320052840518294,0.022311593655848228,0.010824231688232861,-0.10217464680071367,0,0,0.016970998925886216,0.0,0.1487023102055919,0.10158224276853521,2.151062641024293
2023-11-03,34941.58,34946.5,34120.0,34716.78,39071.20644,1800.86,1834.4,1776.54,1832.59,128843.96415,14855.7,15154.6,14855.7,15110.8,0.0,,-0.006433880083877019,0.24976843660418813,0.023421147355908643,-0.48587407218837597,0,0,0.023806931403200414,6072718.981928264,0.017619359639283516,0.11292017125679399,0.01854639331608804,-0.6184941616339513,0,0,0.03157280133581441,7312631.881150509,0.014419978517722809,0.02364210326653926,0.010878475311943251,-0.08922802449491304,0,0,0.019780554305529798,0.0,0.11246204851466543,0.15363139040805346,2.15297871756053
2023-11-04,34716.78,35255.0,34585.18,35062.07,18377.55545,1832.59,1869.74,1823.8,1855.77,54426.57615,14855.7,15154.6,14855.7,15110.8,0.0,,0.009945910882288134,0.27915254033233383,0.02308556088418005,-0.48076062152808785,0,0,0.019103834998903366,1847748.003176565,0.012648764862844386,0.15132207511818652,0.018002122566201508,-0.6136685839906569,0,0,0.0247552228993895,4302912.870231992,0.0,0.026430371492422555,0.010859170328344653,-0.08922802449491304,0,0,0.019780554305529798,0.0,0.10350671600875913,0.14112001765114832,2.1259027096107865
2023-11-05,35062.06,35380.0,34448.0,35011.88,24528.73376,1855.77,1912.74,1846.25,1891.75,103471.66679,14855.7,15154.6,14855.7,15110.8,0.0,,-0.0014314614054447006,0.25350926154331965,0.023066146342609204,-0.48150389265855753,0,0,0.02661953599749571,17135329.191140853,0.01938817849194674,0.14992310544583654,0.01796605972881622,-0.6061783215400213,0,0,0.03514735033698956,5336840.356848137,0.0,0.007212083238905098,0.010303823038554798,-0.08922802449491304,0,0,0.019780554305529798,0.0,0.080945688032422,0.09305844112173849,2.238598612409623
2023-11-06,35011.89,35276.33,34725.9,35046.09,22346.47086,1891.75,1914.47,1869.23,1900.95,87661.26501999999,15128.8,15189.6,15070.5,15154.6,0.0,,0.00097709691681791,0.25358599575700524,0.023065517918190274,-0.4809972717106921,0,0,0.015705889016435225,22870036.508158714,0.004863221884498614,0.16352162762656164,0.017829702307436898,-0.6042630793347448,0,0,0.023798627002288335,18025310.555192173,0.0028985890885988574,0.01013157719328639,0.010314584726296391,-0.08658807078451229,0,0,0.007858999907618833,0.0,0.07799102307185421,0.09284128550390625,2.2362020544914123
2023-11-07,35046.09,35888.0,34523.06,35399.12,38688.73692,1900.95,1906.79,1850.4,1885.4,96479.77942,15151.4,15346.3,15110.4,15310.0,0.0,,0.010073306323187703,0.2680107676133403,0.02300236136578505,-0.47576919824606373,0,0,0.038558585637157146,3840714.9819114334,-0.008180120466082741,0.15478844599064123,0.01796724328634649,-0.6075002550186631,0,0,0.029908772674233516,11794405.947439827,0.010254312222031547,0.020489781771159565,0.010470031814466043,-0.07722165967500848,0,0,0.015408229915088154,0.0,0.07916984143285935,0.06659076107383066,2.196969388794952
2023-11-08,35399.13,36106.0,35100.0,35624.72,33401.34137,1885.4,1904.8,1873.0,1888.39,59437.62986,15308.9,15353.1,15223.5,15295.7,0.0,,0.006373039781779832,0.29121294144425613,0.022697767739200344,-0.47242825449165154,0,0,0.028238818438432636,5241029.415067875,0.0015858703723348189,0.19520623809312831,0.016554634957780184,-0.6068778013019482,0,0,0.01683974179062585,37479264.44949483,-0.0009340300457216788,0.01532712017418092,0.010453937917915839,-0.07808356237041322,0,0,0.008472969527383536,0.0,0.09112163258069592,0.10000255276451132,2.1712149244881167
2023-11-09,35624.72,37972.24,35534.05,36701.09,82537.88885,1888.39,2131.66,1882.37,2120.98,339464.6434,15289.5,15388.9,15173.0,15191.1,0.0,,0.030214132209319677,0.3399389999021545,0.022814954776675316,-0.45648813202296074,0,0,0.06643372172325114,2731763.433103219,0.12316841330445505,0.35301960334015914,0.026838222636289627,-0.5584575638535506,0,1,0.11753529029033746,2756101.233519009,-0.006838523245095041,0.00240850962743977,0.010487052162816275,-0.08438810935917838,0,0,0.014212269025942798,0.0,0.08231782388027296,-0.02857070024604788,2.1755334737663476
2023-11-10,36701.1,37526.0,36324.71,37301.63,43414.04898,2120.98,2136.54,2065.29,2077.6,159058.93226,15187.2,15547.4,15143.9,15516.6,0.0,,0.016363001752808914,0.3879407728669062,0.022176960032669217,-0.44759464637457996,0,0,0.032204758880510075,2653182.044714197,-0.020452809550302264,0.32594710507505353,0.027361911300295562,-0.5674883472084304,0,0,0.034294378128609936,7776870.6592656225,0.021427019768153643,0.015152109911678036,0.011088272942601129,-0.0647692752784609,0,0,0.026004408182204865,0.0,0.13110752864261963,-0.08983763795838795,2.000035546303156
2023-11-11,37301.63,37408.26,36666.93,37130.0,22984.97235,2077.6,2089.24,2030.42,2053.12,125665.52199000001,15187.2,15547.4,15143.9,15516.6,0.0,,-0.004601139414014854,0.38753786954453395,0.022183999605821108,-0.45013634041965866,0,0,0.019965795852410498,4995484.884709244,-0.011782826338082364,0.3333160157416908,0.027193468206338386,-0.5725845569024705,0,0,0.02864908042394001,10665133.452108344,0.0,0.020842379504993458,0.011028466809831671,-0.0647692752784609,0,0,0.026004408182204865,0.0,0.11960897150931152,-0.10868131701666975,2.0115198126040856
2023-11-12,37129.99,37222.22,36731.1,37064.13,17687.18874,2053.12,2066.44,2011.44,2044.79,64216.0409,15187.2,15547.4,15143.9,15516.6,0.0,,-0.0017740371667116506,0.3797978557069466,0.022271611591939657,-0.45111181898837827,0,0,0.013250547092296585,9969965.326674337,-0.00405723971321692,0.3173156212956758,0.02731257253932293,-0.5743186838122479,0,0,0.026897627629243102,15827480.544470668,0.0,0.03541328849118175,0.010669861453977214,-0.0647692752784609,0,0,0.026004408182204865,0.0,0.1090618879621963,-0.11332547084994905,2.0873364489914144
2023-11-13,37064.13,37417.99,36333.0,36462.93,32798.18252,2044.79,2117.86,2028.37,2053.39,146792.846,15529.6,15542.1,15406.5,15497.7,0.0,,-0.016220534516795504,0.35789804144719595,0.022734549546629977,-0.4600150786743384,0,0,0.029755974081073517,2022014.8889600616,0.004205810865663517,0.32055050001607754,0.027291954127924633,-0.5725283487073156,0,0,0.04358158946912191,34902305.80156716,-0.0012180503460809122,0.03415210297679816,0.010676962376664207,-0.06590843338637349,0,0,0.008749685437193929,0.0,0.11413194587284808,-0.1129043882998071,2.129306768304378
2023-11-14,36462.93,36744.0,34800.0,35551.19,45503.68416,2053.39,2064.66,1923.17,1979.27,151123.29588,15501.3,15859.9,15494.5,15835.0,0.0,,-0.025004573137704433,0.3092359731385441,0.023638373722062515,-0.4735171711328835,0,0,0.054681713889183456,1819813.7481198376,-0.036096406430341954,0.27065250885932923,0.02851712355795927,-0.5879585391698258,0,0,0.07148595189135377,4186656.4835219667,0.021764519896500634,0.056659926998044785,0.011314744211869713,-0.04557837889965769,0,0,0.023075465740448352,0.0,0.01286500085134545,-0.20068577777244634,2.0891636954221013
2023-11-15,35551.2,37980.0,35360.0,37858.2,53569.13385,1979.27,2062.31,1967.17,2058.5,145574.9816,15843.5,15976.2,15770.6,15784.7,0.0,,0.06489262384747163,0.3283215406736235,0.024680210023205112,-0.43935231895705695,0,1,0.06920561463566678,825504.0776417366,0.040029910017329584,0.28694053878326753,0.02890975266226475,-0.5714645565693848,0,0,0.04621811999028413,3636654.320992355,-0.003176507736027734,0.039198646415568916,0.011130677141812033,-0.04861010656251507,0,0,0.01302527130702518,0.0,-0.08090505970030436,-0.24076895400814474,2.2173123463775006
2023-11-16,37858.2,37929.54,35500.0,36163.51,47490.39566,2058.5,2091.2,1938.67,1961.71,216421.84221,15785.1,15846.2,15737.9,15838.5,0.0,,-0.044764146208747246,0.27354643679318613,0.02652444106954936,-0.46444923372285835,0,0,0.06718208492483171,1060902.2861626067,-0.04701967452028177,0.25390545101247697,0.03016649775512809,-0.591614153639897,0,0,0.07775359252896695,4602792.307478099,0.0034083637953208346,0.04684825211339283,0.01109148712361775,-0.045367423694488686,0,0,0.0068377687280993206,0.0,-0.09589480367547563,-0.25949804445584573,2.391421173708766
2023-11-17,36163.51,36800.0,35861.1,36613.92,38283.61112,1961.71,1991.11,1905.32,1960.71,167846.45212,15838.5,15881.8,15767.5,15816.3,0.0,,0.012454819789339933,0.29286440677966086,0.026449933650612465,-0.4577790454408336,0,0,0.025643252620861177,3073796.4121169187,-0.0005097593426143243,0.25425235886774344,0.0301637655538046,-0.5918223321404705,0,0,0.04375455829775947,329259604.46975607,-0.00140164788332231,0.057889878802472206,0.010816752176526985,-0.04670548242441785,0,0,0.007226721799662328,0.0,-0.11862742465026686,-0.2758816064879129,2.445272736790903
2023-11-18,36613.91,36845.49,36178.58,36568.1,17102.24186,1960.71,1971.3,1916.0,1962.6,81781.51524,15838.5,15881.8,15767.5,15816.3,0.0,,-0.0012514366120863762,0.2735414545873731,0.026496281250012788,-0.4584576005952093,0,0,0.01823748020815947,13665977.992850712,0.0009639365331945982,0.2527927076817016,0.03017234498288198,-0.5914288747743865,0,0,0.0281769081830225,84840302.26133946,0.0,0.07285159032172728,0.010402500887214155,-0.04670548242441785,0,0,0.007226721799662328,0.0,-0.10990566067345957,-0.2954760531923177,2.5471043998213614
2023-11-19,36568.11,37500.0,36384.02,37359.86,21246.34648,1962.6,2015.3,1943.54,2011.51,96034.28416,15838.5,15881.8,15767.5,15816.3,0.0,,0.021651658139197894,0.2592203859646285,0.02620382087420392,-0.44673230969541583,0,0,0.02987109694736552,981279.8876930823,0.02492102313257938,0.2540507852195435,0.03019164124027241,-0.581246864311335,0,0,0.03567469214669576,3853543.456609507,0.0,0.08747189582029824,0.009977333286621743,-0.04670548242441785,0,0,0.007226721799662328,0.0,-0.0674404542872216,-0.2836904268269767,2.6263324936749113
2023-11-20,37359.85,37750.0,36677.0,37448.78,36022.70291,2011.51,2067.14,1989.69,2021.4,187651.20932,15843.8,16064.3,15786.7,16038.0,0.0,,0.0023800945720888755,0.2520571852703797,0.026224117494619274,-0.4454154802688098,0,0,0.02865246878536497,15134924.461905062,0.004916704366371594,0.24099063148459665,0.030162844348315763,-0.5791879789406629,0,0,0.038315029187691606,38165977.385926865,0.014017184803019722,0.10271519035210153,0.010165835332032311,-0.03334297699985539,0,0,0.017308891382965368,0.0,-0.07393044249266087,-0.27961096220698023,2.5796297934995893
2023-11-21,37448.79,37649.44,35735.0,35741.65,47646.54804,2021.4,2034.44,1931.27,1933.36,232880.29353,16039.7,16072.9,15862.8,15919.5,0.0,,-0.04558573069670091,0.19168784421151197,0.027974297575485196,-0.470696620833835,0,0,0.053563279815005804,1045207.2799915749,-0.04355397249431092,0.161944828415169,0.031443483788288304,-0.5975160141311566,0,0,0.05336305706128196,5346934.544055049,-0.007388701833146327,0.09456755660370875,0.010336966411056017,-0.040485317517720276,0,0,0.013197650679983691,0.0,-0.003393631288881854,-0.20246969527887362,2.7062359884622555
2023-11-22,35741.65,37861.1,35632.01,37408.34,45051.30697,1933.36,2092.0,1929.05,2063.33,177678.33962,15917.4,16125.5,15895.4,15997.9,0.0,,0.046631590875071405,0.13118691599241483,0.022692148099310208,-0.4460143622077656,0,0,0.059588049082102995,966111.0947208288,0.06722493482848524,0.16884669200745495,0.03184515552040621,-0.5704590544116147,0,1,0.07897427944148538,2643041.8064800305,0.00492477778824707,0.09193229131117331,0.010311776670379543,-0.035759920921934585,0,0,0.014383137786834544,0.0,-0.054622850294977286,-0.21324301339294896,2.2006029434737115
2023-11-23,37408.35,37653.44,36870.0,37294.28,23827.92882,2063.33,2088.64,2040.0,2062.0,105824.03785000001,15999.2,16041.4,15990.2,16017.4,0.0,,-0.003049052697874255,0.09938911166642539,0.02236180697419179,-0.4477034936112596,0,0,0.02100697479613502,7814837.273307745,-0.0006445890865736104,0.15513677334782394,0.031847762098881335,-0.5707359318173775,0,0,0.023588748787584806,164170319.2794012,0.001218909981935079,0.08699399409589081,0.010302923874147588,-0.03458459906456441,0,0,0.003196523780388759,0.0,-0.06308329030259595,-0.21403691150611825,2.170430990564995
2023-11-24,37294.27,38414.0,37251.51,37713.57,44680.80646,2062.0,2132.83,2058.58,2080.68,179123.28624,16032.2,16032.7,15939.5,15968.7,0.0,,0.011242742854936427,0.09327212825816278,0.02226770848596354,-0.4414941660102512,0,0,0.03082418344378424,3974187.375326116,0.00905916585838984,0.16417960553923616,0.03184537208875197,-0.5668471574266639,0,0,0.0356854489878309,19772580.755688854,-0.003040443517674407,0.1108429041480874,0.009008454548558734,-0.03751989006220165,0,0,0.005836417491718219,0.0,-0.016383479438222538,-0.26149044396148474,2.4718650293768603
2023-11-25,37713.57,37888.0,37591.1,37780.67,11396.14464,2080.68,2090.29,2065.6,2083.05,46606.02316,16032.2,16032.7,15939.5,15968.7,0.0,,0.001779200431038408,0.10626159899694465,0.0221304306351133,-0.44050047218967914,0,0,0.007858516008318578,6405169.642215296,0.0011390506949653378,0.15512585190566242,0.03184842404296624,-0.5663537743803045,0,0,0.011852811982429635,40916189.423442654,0.0,0.13072756240042493,0.008113466851018538,-0.03751989006220165,0,0,0.005836417491718219,0.0,-0.07222010894049692,-0.2779197511740358,2.7276137026674476
2023-11-26,37780.67,37814.63,37150.0,37447.43,21264.53723,2083.05,2094.0,2035.89,2062.32,102127.25416,16032.2,16032.7,15939.5,15968.7,0.0,,-0.008820383545342092,0.10490404525903152,0.022152807443031167,-0.44543547261840394,0,0,0.01774834748339198,2410837.693430296,-0.009951753438467659,0.15897136177673876,0.03178811617632706,-0.570669314697194,0,0,0.02817700453857786,10262226.86978633,0.0,0.12566614972508106,0.008148023652510172,-0.03751989006220165,0,0,0.005836417491718219,0.0,-0.061285034918550765,-0.26791816022858467,2.7187918444846546
2023-11-27,37447.42,37569.23,36707.0,37242.7,30001.07376,2062.32,2071.17,1985.0,2027.91,117709.41249,15969.1,16053.4,15903.4,15969.0,0.0,,-0.005467130855174918,0.09277016519468306,0.02220994227274345,-0.4484673494572374,0,0,0.023151651196073413,5487525.299737341,-0.016685092517165212,0.1417255007938385,0.032019472741551494,-0.5778327369019292,0,0,0.04249202380776271,7054761.118123399,1.8786751582844374e-05,0.12568729733540107,0.0081477075024593,-0.03750180818747292,0,0,0.00939319932368965,0.0,-0.05277422675591951,-0.25822201055211275,2.7259097122647686
2023-11-28,37242.7,38377.0,36868.41,37818.87,37544.46667,2027.91,2075.59,1994.79,2048.29,107708.84445,15971.7,16037.8,15912.2,16018.3,0.0,,0.0154706828452289,0.09537712134285314,0.022251266964292218,-0.43993476274190185,0,0,0.039889875080878844,2426812.2343065306,0.010049755659767845,0.14103871071967733,0.03201589871750649,-0.5735900590602406,0,0,0.039447539166817286,10717547.860960584,0.0030872315110526127,0.12916255463132664,0.008115057515727313,-0.034530353440378116,0,0,0.007841031819855949,0.0,-0.04754013955912416,-0.2568520275878479,2.7419694193755513
2023-11-29,37818.88,38450.0,37570.0,37854.64,32994.19107,2048.29,2075.63,2018.92,2028.81,81844.44951,16019.3,16174.3,15981.7,16009.9,0.0,,0.0009458241348827556,0.09804021670365493,0.022237766596416925,-0.43940503952339427,0,0,0.023246819940699475,34883696.67911162,-0.009510372066455441,0.12157112057051234,0.032117815070578745,-0.577645376251413,0,0,0.027952346449396464,8605800.370384464,-0.0005244002172515305,0.11701912410083226,0.008068730422807377,-0.03503664593278371,0,0,0.0120300564026008,0.0,-0.039884228694691264,-0.25182572577019097,2.75603941026023
2023-11-30,37854.65,38145.85,37500.0,37723.96,24740.29147,2028.81,2054.64,2020.94,2051.9,68397.6958,16009.0,16054.6,15822.1,15923.0,0.0,,-0.0034521527611939273,0.08903609925816491,0.022270387067480992,-0.4413402989641149,0,0,0.017120418959197248,7166606.322305497,0.0113810558899059,0.1306978487039323,0.03214279568828248,-0.5728385346731701,0,0,0.016423802329548133,6009779.440839835,-0.005427891492139181,0.10771007394936927,0.00823967011443549,-0.04027436231255127,0,0,0.014601519814105382,0.0,-0.027498437109314603,-0.25465295344324845,2.7028218035387606
2023-12-01,37723.97,38999.0,37615.86,38682.52,43415.66324,2051.9,2110.97,2045.11,2087.36,121445.75798,15921.0,16017.6,15832.7,15998.8,0.0,,0.025409845625962824,0.09206545303224623,0.022362048927174624,-0.42714484220334653,0,0,0.03575620202613479,1708615.108998869,0.017281543934889676,0.130276103683729,0.032137544780563534,-0.5654565250428327,0,0,0.031551816648781185,7027479.035598385,0.004760409470577098,0.08941351110263707,0.007497891767519413,-0.03570567529774829,0,0,0.01155711678375876,0.0,-0.09660376062955288,-0.3115728141172814,2.982440904206835
2023-12-02,38682.51,39717.14,38641.61,39450.35,26696.92161,2087.36,2191.55,2086.2,2164.73,119189.67745,15921.0,16017.6,15832.7,15998.8,0.0,,0.019849534104810163,0.12903705870282378,0.02233188983272641,-0.41577393421154546,0,0,0.02726287599476301,1344963.9683931333,0.03706595891460984,0.20205346334529062,0.03217072740846053,-0.5493497544534586,0,0,0.04866657735606767,3215609.383490862,0.0,0.07403329752953813,0.007194536748544751,-0.03570567529774829,0,0,0.01155711678375876,0.0,-0.06666699207296864,-0.2838045274162692,3.1040023247112134
2023-12-03,39450.35,40250.0,39274.86,39972.26,26710.65335,2164.73,2217.65,2149.11,2192.81,85440.51871,15921.0,16017.6,15832.7,15998.8,0.0,,0.013229540422328379,0.15138155093876793,0.022294719399799413,-0.4080448918584192,0,0,0.024395418222537314,2019014.4409532377,0.012971594609951342,0.19656333386081992,0.03212717034969195,-0.5435041021573538,0,0,0.03125669802673281,6586734.739390156,0.0,0.05876591576885404,0.0068371918013443505,-0.03570567529774829,0,0,0.01155711678375876,0.0,-0.04385052376798439,-0.32249974955224686,3.2607958705293387
2023-12-04,39972.26,42420.0,39972.26,41991.1,79272.33059,2192.81,2274.39,2191.25,2243.22,163540.36858,15999.4,16001.1,15696.3,15832.3,0.0,,0.05050602592898157,0.19762181753672836,0.023788026712572137,-0.37814759181782737,0,1,0.05829187613565727,1569561.5213490084,0.022988767836702673,0.20878126060880375,0.03225085141209828,-0.5330098239434421,0,0,0.03706279366268127,7113921.833586997,-0.01040703052728953,0.047747306562193836,0.007193117264464023,-0.045741115772216685,0,0,0.019251782747926778,0.0,-0.14753073808022227,-0.3333328653536483,3.3070493316712697
2023-12-05,41991.1,44488.0,41414.0,44073.32,67490.74644,2243.22,2309.92,2188.2,2293.32,194996.12998,15836.9,15937.3,15738.5,15877.2,0.0,,0.04958717442505667,0.2588104380570253,0.02500854934267491,-0.3473116879866564,0,0,0.06974741181286093,1361052.199727165,0.022333966351940626,0.21227434914761467,0.03229487436442792,-0.5225800810647081,0,0,0.05307588997610462,8730918.619561292,0.0028359745583397267,0.05071869126717332,0.007190261129796218,-0.04303486185447707,0,0,0.012521099438188047,0.0,-0.1332358561820771,-0.32721226453921454,3.4781093635037497
2023-12-06,44073.82,44297.21,43335.28,43762.69,51431.10492,2293.32,2311.82,2219.68,2232.88,142703.16999,15876.9,16018.0,15782.8,15795.1,0.0,,-0.007048028149456376,0.24871818796333645,0.025128906394706767,-0.35191185358254756,0,0,0.02198059579975546,7297222.8341254005,-0.026354804388397657,0.17461269365317333,0.03286153075997894,-0.5351623896393723,0,0,0.0412650926158147,5414690.76150364,-0.0051709369410223305,0.04226439496918433,0.007293123043682625,-0.04798326823858433,0,0,0.014890693949389413,0.0,-0.11013103900670707,-0.2850996612312864,3.4455571075141216
2023-12-07,43762.69,44047.33,42821.1,43273.14,47103.26845,2232.88,2382.79,2221.93,2355.68,187765.25233,15795.1,16042.7,15773.6,15994.3,0.0,,-0.011186469570312108,0.22243547297220934,0.025359373611243782,-0.3591616719113264,0,0,0.02833697762630591,4210732.085454996,0.054996238042348766,0.24943248117110417,0.03393595957054372,-0.5095980697689427,0,1,0.06828601507844874,3414146.5829708073,0.012611506099992953,0.04469627694317424,0.0074035958835297466,-0.035976903418679866,0,0,0.01682474381498411,0.0,-0.1499342724279921,-0.18002793664402153,3.425273307383758
2023-12-08,43273.15,44700.0,43081.1,44170.99,42900.37556,2355.68,2392.5,2336.65,2358.66,138613.33761,15999.9,16106.2,15862.7,16088.2,0.0,,0.02074843655902936,0.2398971837533037,0.025482143775004074,-0.3458652785163841,0,0,0.03665075199808747,2067642.772096136,0.0012650275079806317,0.24903224439866745,0.033938097498741,-0.5089776978372336,0,0,0.023678698922269387,109572512.06825262,0.005870841487279899,0.05181194714854498,0.007431122028029677,-0.030317276628574183,0,0,0.015135316567422084,0.0,-0.13857972585688963,-0.1854896782810566,3.4291065854956315
2023-12-09,44171.0,44358.02,43584.51,43713.6,24925.97008,2358.66,2403.63,2328.53,2340.62,98134.85835,15999.9,16106.2,15862.7,16088.2,0.0,,-0.010354986383596998,0.19107089189994086,0.025311312832192553,-0.3526388346503849,0,0,0.017694950770469484,2407144.257383266,-0.007648410538186878,0.10355590340314369,0.0261342615015384,-0.5127332379875801,0,0,0.032085515803505014,12830735.164212568,0.0,0.05905431469742162,0.007262777651296278,-0.030317276628574183,0,0,0.015135316567422084,0.0,-0.09885693398206095,-0.05725447510798404,3.485068550458712
2023-12-10,43713.59,44049.0,43563.0,43789.51,18956.61758,2340.62,2377.24,2322.21,2352.25,50993.69573,15999.9,16106.2,15862.7,16088.2,0.0,,0.0017365305076681992,0.17393020090542977,0.02524863791028207,-0.3515146722372757,0,0,0.011098548487982623,10916311.768306898,0.004968768958651948,0.13219580284944166,0.025735987416251983,-0.5103121220259099,0,0,0.023394622170262405,10262822.346163457,0.0,0.03683796708041709,0.00626537167990835,-0.030317276628574183,0,0,0.015135316567422084,0.0,-0.15866348073814585,0.03623765283705189,4.029864292425902
2023-12-11,43789.5,43804.5,40222.0,41253.4,76663.89804,2352.25,2354.94,2136.55,2224.81,206391.62927,16095.0,16257.7,16052.9,16253.9,0.0,,-0.05791592552645597,0.11105305682736333,0.02774866350606605,-0.38907230018498107,1,0,0.08684132701789428,1323709.9140871163,-0.054177914762461477,0.0836239479426435,0.027744507858562667,-0.5368423901390008,1,0,0.09816119129273955,3809515.2255260167,0.010299474148754983,0.04751685291880947,0.006474598151801619,-0.020330054486715914,0,0,0.0126000529103785,0.0,-0.2493364194419805,-0.0706476284254324,4.285767239573368
2023-12-12,41253.41,42104.12,40680.0,41492.39,42722.69773,2224.81,2244.06,2165.59,2203.39,100768.45135,16250.3,16400.4,16196.9,16397.3,0.0,,0.005793219467971067,0.11947562238746734,0.027729812846979632,-0.3855330619408899,0,0,0.034322438403765185,7374590.971443524,-0.009627788440361273,0.07756297712723548,0.02781228495334092,-0.5413015736212858,0,0,0.035613304952822604,10466406.414114624,0.008822497985099043,0.05675856824304293,0.006600035596606579,-0.01168691836636298,0,0,0.01241057979057539,0.0,-0.24425187507197535,-0.08820098492579165,4.201457768903437
2023-12-13,41492.38,43475.2,40555.0,42869.03,45865.99773,2203.39,2284.71,2145.97,2260.01,115019.79608,16398.7,16608.2,16378.9,16565.0,0.0,,0.033178132182793085,0.17568802068292366,0.02794495214035213,-0.3651461966480087,0,0,0.0681191060306239,1382416.094225647,0.025696767254095088,0.10062384641982303,0.028123019328386477,-0.5295145069188124,0,0,0.06138910889774834,4476039.736137348,0.010227293517835356,0.06886828368080411,0.006745009770606417,-0.0015791503929794546,0,0,0.013842438877150684,0.0,-0.2076499975119902,-0.05137699713301424,4.143049700481414
2023-12-14,42869.03,43420.0,41400.0,43022.26,42047.05709,2260.01,2332.35,2228.56,2315.1,126289.87961,16578.9,16686.7,16430.1,16545.4,0.0,,0.0035743752541170792,0.21014964618624576,0.02733967827575503,-0.3628769909233252,0,0,0.04695243810994587,11763437.374739895,0.02437599833629034,0.16967366756430402,0.027337157157029838,-0.5180459533222166,0,0,0.04483175672757115,5180908.944061323,-0.0011832176275278217,0.044862646037259424,0.005670604798665389,-0.0027604995419257964,0,0,0.015508842336843,0.0,-0.11222734715304851,0.10385849656697753,4.821289974094092
2023-12-15,43022.26,43080.81,41666.0,41940.3,33421.7932,2315.1,2317.73,2195.37,2220.61,106533.33536,16544.2,16691.5,16536.9,16619.4,0.0,,-0.02514884155318664,0.10782604561231146,0.025623940520022193,-0.37889989652848394,0,0,0.03373390271409593,1328959.0234097622,-0.040814651634918486,0.0787515180957008,0.02780661890036047,-0.5377167398414096,0,0,0.05510197648393915,2610173.1851393497,0.004472542217172082,0.052880320816993676,0.005625826899844278,0.0,0,0,0.009302381554087304,0.0,-0.07326712470326235,0.1121767534552066,4.55468954685328
2023-12-16,41940.29,42724.43,41605.0,42278.03,24118.85747,2220.61,2263.56,2209.97,2228.72,56650.15859,16544.2,16691.5,16536.9,16619.4,0.0,,0.008052636724105389,0.16907982659869014,0.023935420754835273,-0.3738984030259236,0,0,0.02647781838463146,2995146.601650961,0.0036521496345596205,0.13611084207145785,0.02615978410070374,-0.5360284122017583,0,0,0.02404519185900434,15511413.590449726,0.0,0.049303911355242036,0.0056252710888708285,0.0,0,0,0.009302381554087304,0.0,-0.058030077282825616,0.1398779332234486,4.254973285190957
2023-12-17,42278.02,42424.07,41252.0,41374.65,27722.11452,2228.72,2249.02,2192.09,2196.48,66494.69569,16544.2,16691.5,16536.9,16619.4,0.0,,-0.02136759919986808,0.13002513798030924,0.024388707243859314,-0.38727669100846296,0,0,0.028328215465266766,1297389.6265461063,-0.014465702286514115,0.12024725737105446,0.02637683347804987,-0.5427400870602489,0,0,0.02591874271561764,4596710.785682549,0.0,0.050776730335160725,0.005605086860035008,0.0,0,0,0.009302381554087304,0.0,-0.04047039841122861,0.14298623645666603,4.351166064185907
2023-12-18,41374.64,42757.81,40542.93,42657.8,46734.0925,2196.48,2223.81,2117.3,2219.35,102162.90381,16649.8,16792.7,16621.4,16741.2,0.0,,0.03101295116695857,0.16653039124264057,0.024839461677633907,-0.36827433294785117,0,0,0.051922040048947606,1506921.3239073358,0.010412113927738886,0.130821359421176,0.026394161081332666,-0.5379790447521322,0,0,0.0479915290512987,9811917.771918593,0.007328784432651059,0.05847764647863296,0.005688985947084172,0.0,0,0,0.010232241416385878,0.0,-0.006555518094151114,0.14721457378208122,4.366229455720579
2023-12-19,42657.8,43497.0,41811.1,42275.99,40927.86444,2219.35,2254.89,2136.01,2177.79,105687.91907,16736.0,16847.8,16729.5,16844.0,0.0,,-0.00895053190741213,0.13158855520336532,0.02477929829162354,-0.37392861368753266,0,0,0.039878427447825625,4572668.880093928,-0.01872620361817645,0.08266426714259434,0.026429339189573693,-0.5466309432359683,0,0,0.05458744874390995,5643848.843388973,0.006140539507323295,0.06497727028445333,0.005728160393315871,0.0,0,0,0.007023272381856998,0.0,-0.012268271973429157,0.1346500133929713,4.325866130054055
2023-12-20,42275.99,44283.0,42206.0,43668.93,48710.2947,2177.79,2265.95,2157.31,2202.16,122599.04991,16845.7,16894.4,16579.9,16615.5,0.0,,0.03294872574243679,0.16609753375143343,0.025314983793974708,-0.35330035928473597,0,0,0.04756242023791286,1478366.1224750085,0.01119024332006302,0.08942317205896888,0.02646991994036375,-0.5415576331769912,0,0,0.04933338177062515,10955877.977328002,-0.01356566136309667,0.03600823045267498,0.005961036321623287,-0.013565661363096651,0,0,0.018928109295537298,0.0,-0.10176437501263248,0.09732115420512787,4.246734956939747
2023-12-21,43668.92,44242.35,43286.72,43861.8,34624.29384,2202.16,2279.33,2183.39,2239.4,128022.54991,16614.7,16793.4,16613.8,16773.2,0.0,,0.004416641305385882,0.22719012692475027,0.023413953557616708,-0.3504441189393747,0,0,0.021787295551026115,7839490.022175268,0.01691066952446696,0.15829436835354005,0.02505143805025258,-0.5338050658156329,0,0,0.0428418326337412,7570514.817265179,0.009491137793024684,0.05362605609472659,0.005919179907693219,-0.004203277131322683,0,0,0.0107075572937783,0.0,-0.2289394728073833,0.028758263741298796,3.955601006682587
2023-12-22,43861.79,44398.26,43412.54,43969.04,32783.19638,2239.4,2342.97,2230.27,2324.81,220586.62422,16776.9,16867.4,16717.9,16788.0,0.0,,0.0024449520995490914,0.17538067714311856,0.022200546156933586,-0.34885598592420114,0,0,0.02241850174577387,13408468.125557445,0.038139680271501275,0.12672718372727587,0.02305172948473573,-0.5160245400816476,0,0,0.0484770798473853,5783650.12011717,0.0008823599551666117,0.04938773213984349,0.005890586791992654,-0.0033246259795772976,0,0,0.008905170359780796,0.0,-0.27609703775686456,-0.026770072722296076,3.7688110289795693
2023-12-23,43969.04,43988.68,43291.1,43702.16,16557.1293,2324.81,2331.56,2264.84,2308.25,70871.68309,16776.9,16867.4,16717.9,16788.0,0.0,,-0.006069725424980743,0.1718193781995525,0.02224810746808605,-0.3528082513017611,0,0,0.015962140086439702,2727817.3002165956,-0.0071231627530852215,0.11942289039767218,0.023129305708685592,-0.5194719760511453,0,0,0.028905014621466392,9949454.484211931,0.0,0.04811018017905533,0.0058976835196321185,-0.0033246259795772976,0,0,0.008905170359780796,0.0,-0.27113457870361674,-0.022547706350725786,3.772340389344922
2023-12-24,43702.15,43946.0,42500.0,42991.5,25144.33496,2308.25,2326.19,2242.52,2264.01,70083.1336,16776.9,16867.4,16717.9,16788.0,0.0,,-0.016261438793872096,0.1399477694633524,0.022569307528894668,-0.3633325203111165,0,0,0.03363455566798088,1546254.2900528824,-0.01916603487490509,0.08811061768268091,0.023488797653621767,-0.5286817929165183,0,0,0.03695655054527147,3656629.944123881,0.0,0.05130661857258256,0.005841323967168708,-0.0033246259795772976,0,0,0.008905170359780796,0.0,-0.2531912784946302,-0.006613661289505819,3.863724905260639
2023-12-25,42991.5,43802.32,42720.43,43576.13,27021.23992,2264.01,2304.58,2253.21,2271.1,57577.03316,16776.9,16867.4,16717.9,16788.0,0.0,,0.013598734633590404,0.15339749136264658,0.02262108718065452,-0.3546746482049907,0,0,0.024827583358136656,1987039.2928222616,0.003131611609489271,0.09027627757374979,0.02348592067789326,-0.527205807347452,0,0,0.022618995200563555,18385692.890077516,0.0,0.05130661857258256,0.005841323967168708,-0.0033246259795772976,0,0,0.008905170359780796,0.0,-0.257811101553795,-0.007458716448449723,3.872589259199462
2023-12-26,43576.12,43592.68,41637.6,42508.93,41010.04282,2271.1,2274.7,2178.84,2230.69,119316.34057,16821.5,16946.8,16819.5,16926.1,0.0,,-0.024490472192000512,0.1351628135762588,0.023126843037058028,-0.37047897078791925,0,0,0.04599221857619097,1674529.823401982,-0.017793139888159892,0.0816410644322898,0.023679619198260858,-0.5356183005556284,0,0,0.04297325042923924,6705745.82465563,0.008226113890874354,0.059954786551190686,0.005951502617576483,0.0,0,0,0.007520929215826404,0.0,-0.3006186599583158,-0.045658320707602104,3.8858765028503823
2023-12-27,42508.93,43677.0,42098.69,43428.85,36191.21136,2230.69,2392.56,2211.86,2378.18,192607.82945,16919.6,16961.4,16885.0,16959.2,0.0,,0.021640629392459365,0.16610369280422743,0.023253488158329127,-0.356855739499981,0,0,0.036342431356114605,1672372.5534935326,0.06611855524523791,0.1727246278187886,0.026028513243219087,-0.5049140535060382,0,1,0.07598247399271704,2913067.2865571943,0.0019555597568254868,0.06200763980211654,0.005940214392788413,0.0,0,0,0.004504929477805643,0.0,-0.3048313351391756,-0.05134453155475382,3.914580766773637
2023-12-28,43428.86,43787.57,42241.79,42563.76,35150.52485,2378.18,2445.81,2334.86,2344.21,209687.34254,16957.2,16996.1,16909.4,16920.9,0.0,,-0.01991970775187457,0.12546355827130728,0.023619612391283053,-0.36966698521143687,0,0,0.036316810356979715,1764609.583722245,-0.014284032327241736,0.14447173007728398,0.026264784155051846,-0.511985877170521,0,0,0.047329377487511703,14679832.062671496,-0.0022583612434547984,0.056348051915621644,0.005987223716086637,-0.002258361243454837,0,0,0.005123840930446789,0.0,-0.2754600399779017,-0.033737585469602184,3.944995888138012
2023-12-29,42563.76,43111.0,41300.0,42066.95,42597.18912,2344.21,2385.2,2255.48,2299.19,164995.9701,16924.9,16964.2,16771.5,16836.7,0.0,,-0.011672136108276221,0.11127592284591792,0.023791589282132476,-0.3770243179535891,0,0,0.043050423194455505,3649473.6036414206,-0.019204764078303516,0.1332702421616614,0.026505955785755538,-0.5213580732663414,0,0,0.056419869606252546,8591403.857564941,-0.004976094652175744,0.05164304586537094,0.006102069788662346,-0.007223218076324355,0,0,0.011445235705334223,0.0,-0.24486117789197342,-0.00538817060601605,3.898931201512181
2023-12-30,42066.94,42612.32,41520.3,42140.28,22906.57818,2299.19,2322.85,2267.78,2291.57,76737.23008000001,16924.9,16964.2,16771.5,16836.7,0.0,,0.0017431736790995966,0.11706936387378208,0.02375589006614528,-0.37593836314192663,0,0,0.02591392368536699,13140656.635697676,-0.00331421065679649,0.11680393781373355,0.026510507826318946,-0.5229443934407118,0,0,0.02403155914940399,23153929.091183037,0.0,0.05738240281354012,0.005962372612741971,-0.007223218076324355,0,0,0.011445235705334223,0.0,-0.2629294601371961,0.008638141253577345,3.984294804459128
2023-12-31,42140.29,42899.0,41965.84,42283.58,23585.91603,2291.57,2322.0,2258.0,2282.0,92216.96999,16924.9,16964.2,16771.5,16836.7,0.0,,0.0034005469351414686,0.09309269406439924,0.02340823312791807,-0.37381621225536954,0,0,0.02206908686539795,6935897.995490786,-0.004176176158703471,0.09324697225203127,0.026429900212389692,-0.5249366616912005,0,0,0.028045574057843997,22081623.396460246,0.0,0.052372677950846436,0.00594636219172157,-0.007223218076324355,0,0,0.011445235705334223,0.0,-0.2834588679485163,0.0029416660758411826,3.9365570087433444
2024-01-01,42283.58,44184.1,42180.77,44179.55,27174.29903,2282.0,2351.8,2265.29,2351.6,72164.87871,16924.9,16964.2,16771.5,16836.7,0.0,,0.04483939155577654,0.1198772634463321,0.024441653753998437,-0.3457385122108088,0,0,0.045345187988560354,606036.1665665273,0.03049956178790536,0.08632485344592622,0.026166599785655113,-0.5104474380512827,0,0,0.03678771899983,2366094.8164071296,0.0,0.052372677950846436,0.00594636219172157,-0.007223218076324355,0,0,0.011445235705334223,0.0,-0.2816725007542276,0.005474416683669234,4.1103471101297115
2024-01-02,44179.55,45879.63,44148.34,44946.91,65146.40661,2351.6,2431.08,2339.21,2355.2,154649.65169,16860.8,16881.7,16464.7,16573.5,0.0,,0.017369122139089255,0.12445255784886822,0.02450675231961727,-0.33437456451849606,0,0,0.03851855444567826,3750700.1552131623,0.0015308725973803838,0.07405566373739636,0.02610094220556886,-0.509697995449218,0,0,0.03900730298913039,101019929.25821579,-0.015632517060944262,0.03592144410830822,0.0067349488250873415,-0.022742818057455583,0,0,0.02516064802244547,0.0,-0.29250629001468986,0.012325133441744329,3.6387382545429974
2024-01-03,44946.91,45500.0,40750.0,42845.23,81194.55173,2355.2,2385.12,2079.36,2209.69,288021.20403,16575.5,16578.7,16364.9,16385.6,0.0,,-0.04675916542427505,0.02034073887085608,0.024604048632430982,-0.3654986543667808,0,0,0.11086414987152594,1736441.051264728,-0.06178243885869561,-0.014947263308993208,0.02832399745495231,-0.5399900490676726,1,0,0.13837235087274674,4661861.246205075,-0.011337375931456894,0.034947543944973125,0.006792131629450647,-0.03382235011085441,0,0,0.013048042183380596,0.0,-0.046801910417576136,0.19789532262563994,3.622428679306114
2024-01-04,42845.23,44729.58,42613.77,44151.1,48038.06334,2209.69,2294.75,2202.1,2267.1,125673.48806,16398.2,16432.0,16280.8,16295.5,0.0,,0.030478772082679795,0.0017647864966832127,0.023525613794418754,-0.34615983246707227,0,0,0.047922022327869636,1576114.9251202734,0.025981019962076024,-0.011433206007011809,0.028431293962108806,-0.5280385213497462,0,0,0.040867187155396806,4837124.9424462,-0.0054987305927154395,0.026345955206207528,0.0068912897212508135,-0.03913510071229779,0,0,0.009278635206038522,0.0,-0.10847278646771079,0.15728152667816367,3.4138137573486222
2024-01-05,44151.1,44357.46,42450.0,44145.11,48075.25327,2267.1,2276.88,2206.2,2268.39,142693.3322,16302.8,16423.5,16180.8,16311.6,0.0,,-0.00013567045894657959,0.008738493908852396,0.023484698503184652,-0.3462485392626792,0,0,0.043208862770984124,354327024.269046,0.0005690088659520143,0.01590322811794631,0.027992008812100472,-0.5277699710840063,0,0,0.03115866319283734,250770828.06606522,0.0009880028228652638,0.032700014561477975,0.006795572121994433,-0.038185763479409426,0,0,0.014878981828882558,0.0,-0.1201681403164776,0.13204308423919103,3.455877374680616
2024-01-06,44145.12,44214.42,43397.05,43968.32,17835.06144,2268.39,2269.88,2216.0,2240.95,51202.2217,16302.8,16423.5,16180.8,16311.6,0.0,,-0.00400474707164622,0.016064930809273292,0.02339729254001861,-0.3488666485106514,0,0,0.018589975691588746,4453468.9922324335,-0.012096685314253786,-0.04870355905725732,0.026140261038335093,-0.533482389139744,0,0,0.024043374461723874,4232744.594275047,0.0,0.019838317400574068,0.006439356391581426,-0.038185763479409426,0,0,0.014878981828882558,0.0,-0.09449909433567295,0.01874895322359624,3.6334774443969065
2024-01-07,43968.32,44480.59,43572.09,43929.02,23023.8508,2240.95,2257.18,2204.18,2221.59,55349.86992,16302.8,16423.5,16180.8,16311.6,0.0,,-0.0008938253724500855,-0.0054780298109686765,0.023092598396248765,-0.349448648021061,0,0,0.020681089630499385,25758491.451160062,-0.008639193199312611,-0.05811350512579161,0.026168858424142377,-0.5375127249108475,0,0,0.023856787255974322,6406825.796666523,0.0,0.013885953680337071,0.0063647878940042936,-0.038185763479409426,0,0,0.014878981828882558,0.0,-0.12191295421827986,0.01677440020262967,3.6281746539041304
2024-01-08,43929.01,47248.99,43175.0,46951.04,72814.57589,2221.59,2358.4,2165.54,2330.8,159599.94695,16320.1,16665.3,16232.9,16642.6,0.0,,0.06879324874536241,0.07406024669668021,0.02617526807070478,-0.304695107042742,0,1,0.08677102786221558,1058455.1047294105,0.049158485589150036,-0.0041954695764369054,0.027729478769146637,-0.5147775508632121,0,0,0.08274412218980612,3246640.179632062,0.020292307315039393,0.03446003903482042,0.0073188474227526895,-0.018668333411953522,0,0,0.02598151731099706,0.0,0.1409935491621884,0.1778328018531557,3.576414535598375
2024-01-09,46951.04,47972.0,44748.67,46110.0,69927.66617,2330.8,2376.24,2225.79,2344.38,218130.09589,16645.1,16724.6,16515.0,16685.7,0.0,,-0.01791312822889546,0.05299191518699331,0.026445039612837316,-0.31715019274846384,0,0,0.06990522663196708,3903708.288098874,0.005826325725072801,-0.003345732809012625,0.027734972151267107,-0.5119504868254235,0,0,0.06417474982724636,37438641.743782185,0.0025897395839593607,0.03713902114593304,0.007320017283721422,-0.01612693994999764,0,0,0.01256165459045761,0.0,0.1343648998171913,0.18004922417124142,3.612696864074111
2024-01-10,46110.0,47695.93,44300.36,46653.99,89911.41203,2344.38,2643.0,2340.4,2584.33,324256.59118,16685.5,16841.5,16660.7,16815.0,0.0,,0.011797657774886172,0.130912603567221,0.023937170956219764,-0.3090941644108633,0,0,0.07278198499206606,7621117.473861693,0.10235115467628964,0.16159582166567033,0.031595518727199026,-0.4619980556128046,0,1,0.1170903096740741,3168079.1538185235,0.007749150470163002,0.03452094574225262,0.007225400715280178,-0.008502759564130427,0,0,0.010752304490038613,0.0,0.27250410578426804,0.3369474468662177,3.31291491923052
2024-01-11,46654.0,48969.48,45606.06,46339.16,87470.3296,2584.33,2689.99,2565.78,2618.01,194946.32421,16816.6,16909.1,16614.6,16819.8,0.0,,-0.006748190240534524,0.11681105860616858,0.02402106344204348,-0.31375652842771423,0,0,0.07258267089865257,12962023.425829979,0.013032391374166785,0.18817367783279426,0.03149264293959388,-0.45498660371348804,0,0,0.04744443298535894,14958588.107670503,0.00028545941124002994,0.025766437157336952,0.007079739724105278,-0.008219727345629596,0,0,0.017509126148943507,0.0,0.2761916369597006,0.3628898792992127,3.3929255098179625
2024-01-12,46339.16,46515.53,41500.0,42782.73,86327.93707,2618.01,2718.38,2457.8,2522.79,255374.61392,16819.1,16906.2,16730.7,16818.9,0.0,,-0.07674783056058854,-0.002013108297528432,0.027537892132628784,-0.36642422610725406,1,0,0.11723258426940025,1124825.616452993,-0.036371136855856245,0.11627382179724854,0.032200702064619946,-0.47480936053809975,0,0,0.10329040467101896,7021351.703098172,-5.350836514095292e-05,0.015327497736190798,0.006856615939054441,-0.008272795886598381,0,0,0.01043468954568967,0.0,0.20562254045772863,0.34086258637567757,4.01624536286522
2024-01-13,42782.74,43257.0,42436.12,42847.99,36118.47464,2522.79,2589.99,2497.61,2578.0,120761.8126,16819.1,16906.2,16730.7,16818.9,0.0,,0.0015253818538460973,-0.004050693757138846,0.027532033738461713,-0.36545778111872157,0,0,0.01915795816793267,23678161.482855365,0.021884500889887804,0.11355880955466291,0.03214994821160126,-0.4633158255214351,0,0,0.03583397982932492,5518140.807789336,0.0,0.016530274275629475,0.006849821789411575,-0.008272795886598381,0,0,0.01043468954568967,0.0,0.20679177441675567,0.3457061019074491,4.019373699222885
2024-01-14,42847.99,43079.0,41720.0,41732.35,28228.40894,2578.0,2578.6,2469.5,2472.81,77258.45222,16819.1,16906.2,16730.7,16818.9,0.0,,-0.0260371606696137,-0.0049582382577140205,0.02756073550783048,-0.3819794588233866,0,0,0.03256466506199627,1084158.0791627083,-0.04080294802172224,0.11357239677385933,0.032149384709800354,-0.4852141219967649,0,0,0.04411984746098564,1893452.2389006694,0.0,0.01200404346727324,0.006810498605237685,-0.008272795886598381,0,0,0.01043468954568967,0.0,0.228692451179814,0.379330958934244,4.046795489933694
2024-01-15,41732.35,43400.43,41718.05,42511.1,40269.89303,2472.81,2553.79,2471.13,2511.8,67441.69077,16829.2,16893.5,16808.0,16841.0,0.0,,0.018660583456239666,0.005512792341554329,0.02773243083160577,-0.37044683493709,0,0,0.03957507568611486,2158017.8103357526,0.015767487190686102,0.12701460928245822,0.032219822784123775,-0.4770972422594028,0,0,0.03290867107253756,4277260.363796859,0.0013139979427905235,0.013333814698484714,0.00681192797830622,-0.006969668380584032,0,0,0.0050768956712784275,0.0,0.23075741817135081,0.3799515156614145,4.071151399194243
2024-01-16,42511.1,43578.01,42050.0,43137.95,45045.74589,2511.8,2647.58,2500.22,2587.54,90838.99345,16833.7,16907.6,16686.2,16851.9,0.0,,0.014745560571238991,0.04261788317242554,0.027531001402061602,-0.36116372060883967,0,0,0.03542147923116425,3054866.251012425,0.030153674655625462,0.17803940850815847,0.0323444595515251,-0.46132980262596357,0,0,0.056949844253615454,3012533.774476981,0.0006472299744670895,0.01398967471749879,0.006811432568303699,-0.006326949384404881,0,0,0.013137984440923445,0.0,0.23092663723844536,0.37772389021442426,4.0418752894099255
2024-01-17,43137.94,43198.0,42200.69,42776.1,33266.21388,2587.54,2592.77,2506.25,2530.23,79192.83577,16852.7,16857.0,16565.9,16736.4,0.0,,-0.008388205744593757,0.002773232562391703,0.027022506638100196,-0.3665224107574835,0,0,0.023314654678663966,3965827.166693969,-0.022148449879035637,0.14007704958659062,0.03273430166628839,-0.47326051249383266,0,0,0.034194519865782945,3575545.938747599,-0.006853826571484478,-0.00028671779800726327,0.0068122760617357146,-0.01313741214208213,0,0,0.017393226739322587,0.0,0.20820849365565552,0.39801645311975276,3.966731049343968
2024-01-18,42776.09,42930.0,40683.28,41327.5,43907.51641,2530.23,2549.39,2428.14,2470.79,108083.92404,16733.8,17004.7,16713.4,16995.8,0.0,,-0.0338647048234878,-0.02243566620202153,0.027695730408714984,-0.387974942329476,0,0,0.05436380134293149,1296556.5084146739,-0.02349193551574369,0.13454006125475826,0.03286415419755309,-0.48563464256792344,0,0,0.04907337329356198,4600892.845063214,0.015499151549914991,0.009012111137497003,0.0072994178747308545,0.0,0,0,0.017139528589416166,0.0,0.11010384647970409,0.3278252152540161,3.7942330390840646
2024-01-19,41327.51,42196.86,40280.0,41659.03,48342.74559,2470.79,2504.33,2414.81,2491.82,115870.33218,16997.3,17352.4,16988.9,17344.3,0.0,,0.008022019236585853,-0.04602585865969244,0.02702709909085717,-0.38306526554357057,0,0,0.04601307327607005,6026248.990657443,0.008511447755576329,0.13153449340647372,0.032849627586889585,-0.481256648700862,0,0,0.03592554839434629,13613453.242376361,0.020505065957471924,0.04386265836116876,0.007703039332898932,0.0,0,0,0.0209578939478676,0.0,0.21638643533504937,0.3338350995764567,3.508623393521214
2024-01-20,41659.03,41872.56,41456.3,41696.04,15923.99493,2491.82,2491.82,2454.3,2472.14,31590.78781,16997.3,17352.4,16988.9,17344.3,0.0,,0.0008884028264701804,-0.04937690655650251,0.027009421868177952,-0.3825171789817319,0,0,0.009983202241747532,17924093.90718594,-0.007897841738167433,0.10392962400643024,0.03284231375135165,-0.4853536015921492,0,0,0.015177133981085207,3999921.606192386,0.0,0.03404836286456958,0.007555328652369364,0.0,0,0,0.0209578939478676,0.0,0.21241245041612494,0.32819621568590523,3.5748790505515937
2024-01-21,41696.05,41881.39,41500.98,41580.33,11730.16301,2472.14,2481.93,2452.63,2457.0,27532.84641,16997.3,17352.4,16988.9,17344.3,0.0,,-0.00277508367701107,-0.05432709015252546,0.027001064328025293,-0.3842307454791744,0,0,0.009148797039369246,4226943.07841674,-0.006124248626695805,0.05686056064796685,0.03223563559658031,-0.4885054240908324,0,0,0.011925111925111814,4495702.759838325,0.0,0.033136764355492065,0.007558099760965432,0.0,0,0,0.0209578939478676,0.0,0.21282039789294205,0.33694680655474496,3.572462584160239
2024-01-22,41580.32,41689.65,39431.58,39568.02,55426.19911,2457.0,2465.95,2303.11,2314.18,164257.37612,17359.9,17473.5,17323.2,17344.1,0.0,,-0.048395719803089654,-0.09459807020980215,0.02832129356828323,-0.4140313417843217,0,0,0.05706805647591161,1145270.4471141482,-0.058127798127798225,0.00256904581392825,0.03404596092986636,-0.5182374775427443,1,0,0.0703661772204408,2825796.8330556722,-1.153116585861369e-05,0.033124851084107565,0.007558158698184182,-1.1531165858566077e-05,0,0,0.00866577106912433,0.0,0.21058294315305967,0.32673756499659107,3.7471105368536297
2024-01-23,39568.02,40176.74,38555.0,39897.6,57956.63351,2314.18,2351.24,2168.21,2242.66,185480.49434,17345.2,17449.5,17301.0,17444.2,0.0,,0.008329453937801379,-0.07196538850703049,0.02827757496190708,-0.409150542836719,0,0,0.040647557747834406,6958026.82414855,-0.030905115418852436,-0.00943017036143845,0.03434753208293504,-0.5331264039037632,0,0,0.08161290610257452,6001609.500890588,0.005771415063335894,0.03908744341196102,0.007602140243685217,0.0,0,0,0.008512858141961224,0.0,0.21494545558988484,0.2999807006576448,3.719681150131972
2024-01-24,39897.59,40555.0,39484.19,40084.88,39293.82861,2242.66,2264.7,2196.33,2235.29,74636.48223000001,17448.7,17685.7,17448.6,17524.0,0.0,,0.004694016682707636,-0.08011840427316519,0.02815360146771102,-0.4063770856278257,0,0,0.026713563817579042,8371027.960866704,-0.003286276118537712,-0.015767689665800666,0.03434892098581177,-0.5346606794529901,0,0,0.030586635291170224,22711498.49338461,0.004574586395478031,0.04384083869430544,0.007620882227465007,0.0,0,0,0.013530015978087319,0.0,0.22244227075604084,0.29833640333605926,3.6942657929537415
2024-01-25,40084.89,40300.24,39550.0,39961.09,31022.11853,2235.29,2242.8,2171.43,2218.65,59475.91682,17511.1,17647.1,17437.4,17475.1,0.0,,-0.003088196846292135,-0.059936582736850874,0.02784383116323851,-0.4082103100398767,0,0,0.018774262664006364,10045349.963279435,-0.00744422423936042,-0.005397433081243852,0.034215446320946,-0.5381247697025336,0,0,0.03216821039821528,7989527.855736837,-0.0027904587993609065,0.03243511499991136,0.007548647722742235,-0.0027904587993609594,0,0,0.011999931330864895,0.0,0.25337395294355625,0.3232182894036213,3.68858043190274
2024-01-26,39961.09,42246.82,39822.52,41823.51,47384.96726,2218.65,2282.22,2196.0,2267.62,66286.38604,17464.0,17528.7,17364.5,17402.1,0.0,,0.04660583582680067,-0.03696482867955275,0.0289172479854981,-0.3806294569056019,0,0,0.057965005806542846,1016717.246932815,0.022071980708989525,-0.046489332178388465,0.03218169795442976,-0.5279302685294479,0,0,0.03802224358578589,3003190.193125749,-0.004177372375551491,0.026115618661257445,0.007607271650377804,-0.006956174389408894,0,0,0.0094356428247166,0.0,0.19984770506603855,0.31562845752508495,3.8012590192532136
2024-01-27,41823.51,42200.0,41394.34,42120.63,16224.41667,2267.62,2282.96,2251.27,2268.1,24987.90445,17464.0,17528.7,17364.5,17402.1,0.0,,0.007104138318376307,-0.01041096933165686,0.028722928359145108,-0.37622936289713144,0,0,0.019127444200146188,2283794.755246352,0.00021167567758273442,-0.03246722776543065,0.03208547531529352,-0.5278303428491726,0,0,0.01397204708787093,118042489.86204475,0.0,0.028438203641650173,0.007586212274378906,-0.006956174389408894,0,0,0.0094356428247166,0.0,0.19082478641315814,0.31125600802563563,3.786196517883691
2024-01-28,42120.63,42842.68,41620.81,42031.06,27294.99838,2268.1,2308.15,2239.66,2256.82,42788.84127,17464.0,17528.7,17364.5,17402.1,0.0,,-0.0021265114030820653,-0.0008531638257587293,0.02864132318593825,-0.3775558182698384,0,0,0.02907064442343359,12835515.476326786,-0.004973325691106978,-0.018428229071977498,0.031905756695660786,-0.530178596335642,0,0,0.0303480118042202,8603650.332012065,0.0,0.03358140253137476,0.0075058569877148465,-0.006956174389408894,0,0,0.0094356428247166,0.0,0.18233078237618636,0.3007231554122876,3.8158580791288537
2024-01-29,42031.05,43333.0,41804.88,43302.7,31542.74207,2256.82,2322.47,2233.78,2317.77,55746.34763,17404.2,17620.2,17362.8,17605.0,0.0,,0.03025476873531141,0.027584534322031118,0.029156839118358303,-0.35872391350095223,0,0,0.03528925448066755,1042570.575245535,0.027007027587490295,0.011433209546293455,0.03227962035712404,-0.5174901167256852,0,0,0.038265229077949756,2064141.5204984124,0.011659512357704127,0.04563245766688251,0.007743498990939626,0.0,0,0,0.014620846350468699,0.0,0.22021936658825142,0.3254276909341589,3.7653264369517188
2024-01-30,43302.71,43882.36,42683.99,42941.1,37619.24546,2317.77,2392.35,2296.21,2342.76,79032.21488,17611.7,17640.8,17372.4,17375.7,0.0,,-0.008350518558888909,0.015550244326520968,0.02920682973226547,-0.36407890136263416,0,0,0.027907296273267396,4505013.688020424,0.010781915375555062,0.0266257668711658,0.03231439230456057,-0.5122877359963527,0,0,0.041037067390599063,7330065.097573666,-0.01302470888952001,0.032013399300337975,0.008184100869687214,-0.013024708889519981,0,0,0.015446859694861087,0.0,0.2280154821556904,0.2886416736868978,3.5687236154685325
2024-01-31,42941.1,43745.11,42276.84,42580.0,39871.13688,2342.76,2351.73,2263.2,2283.24,80325.43757,17322.2,17390.7,17129.3,17172.7,0.0,,-0.008409193057467013,-0.03620566529084168,0.028041058714251794,-0.3694264846503923,0,0,0.03448262094880235,4741369.260264935,-0.025405931465451226,-0.029069569654703198,0.03218864890378967,-0.5246785203504893,0,0,0.03877384769012465,3161679.2347267326,-0.011682982556098453,0.019956404758652235,0.0085089359581119,-0.024555523998863918,0,0,0.01522183465616947,0.0,0.24953474824092484,0.32298147291821866,3.295479704806351
2024-02-01,42580.0,43285.13,41884.28,43082.94,35231.04664,2283.24,2311.98,2240.13,2303.98,67630.07481,17186.5,17553.6,17170.5,17538.1,0.0,,0.011811648661343321,-0.04147048150807253,0.0279347319565457,-0.36197837183193454,0,0,0.032515190467502876,2982734.9104916677,0.009083582978574478,-0.021747622282608625,0.032234491962937255,-0.5203608982485942,0,0,0.031185166537903933,7445300.000728725,0.021277958620368187,0.05820134552146494,0.008732435287443146,-0.003800056802044956,0,0,0.021843871342961813,0.0,0.32390678302208525,0.34130558221664153,3.1989587151166647
2024-02-02,43082.95,43488.0,42546.79,43200.0,29672.14418,2303.98,2324.87,2282.1,2308.91,60160.002720000004,17492.2,17686.1,17376.9,17597.4,0.0,,0.0027170847671955656,0.00828026830524653,0.026569039943057243,-0.3602448129848978,0,0,0.021787268518518497,10920540.769590434,0.002139775518884557,0.044902226104114096,0.030065675502565652,-0.5193345782407668,0,0,0.018523892226201967,28114968.621416155,0.0033812100512600196,0.07395518015818792,0.008367512040728052,-0.00043169554103939477,0,0,0.017570777501221605,0.0,0.2584300666471346,0.2661882112062961,3.1752578378324166
2024-02-03,43199.99,43380.01,42880.0,43011.09,12033.40998,2308.91,2330.04,2292.67,2296.59,35310.6624,17492.2,17686.1,17376.9,17597.4,0.0,,-0.004372916666666726,-0.025820647730181223,0.025973647869648658,-0.36304240910478264,0,0,0.01162514132982917,2751797.7997953705,-0.005335851115894408,0.013007807330951637,0.029742450503366595,-0.5218993373678326,0,0,0.016271951023038456,6617612.721368809,0.0,0.07989322205516869,0.0082475550279994,-0.00043169554103939477,0,0,0.017570777501221605,0.0,0.3092042934993093,0.30305049749832647,3.1492504492503586
2024-02-04,43011.1,43119.04,42222.0,42582.88,17066.89404,2296.59,2311.14,2266.06,2289.61,52833.19933,17492.2,17686.1,17376.9,17597.4,0.0,,-0.00995580442160382,-0.035388517550415055,0.026030150865529678,-0.3693838343045914,0,0,0.021065742852526673,1714263.9785415595,-0.003039288684527963,0.009354652418675835,0.029750920580624896,-0.5233524233018358,0,0,0.01968894265835663,17383352.152572524,0.0,0.07882733760023553,0.008256173772091263,-0.00043169554103939477,0,0,0.017570777501221605,0.0,0.31218810053793095,0.3039862712101096,3.152806621567767
2024-02-05,42582.88,43569.76,42258.1,42708.7,29467.75905,2289.61,2338.4,2269.16,2301.76,63157.20628,17614.7,17664.2,17474.6,17623.2,0.0,,0.0029547085589325395,-0.028648354087670413,0.026032268659143334,-0.36752054732240985,0,0,0.03071177535256291,9973118.746255789,0.0053065805966956425,0.027135812936478043,0.029661734707310542,-0.5208230545198674,0,0,0.030081329069929198,11901654.203233112,0.0014661256776569154,0.08040903406164945,0.008244798088465536,0.0,0,0,0.010758545553588576,0.0,0.3105717959525533,0.29985276851693393,3.1574135358665782
2024-02-06,42708.7,43399.98,42574.0,43098.95,24675.85433,2301.76,2392.49,2298.87,2372.72,89657.72675,17624.0,17690.1,17483.4,17571.9,0.0,,0.009137482526979213,-0.018895709487714463,0.026093232536859093,-0.361741277374895,0,0,0.01916473603185236,2700506.102428261,0.030828583344918448,0.06802785392444144,0.030077593962869253,-0.5060507081191697,0,0,0.03945682592130546,2908265.25060309,-0.0029109355849107343,0.07726403295814022,0.008293606488215253,-0.002910935584910758,0,0,0.01176309903880611,0.0,0.2994650897061199,0.2683568036702602,3.1461826784414324
2024-02-07,43098.96,44396.5,42788.0,44349.6,34392.59915,2372.72,2445.12,2354.11,2425.2,91104.4485,17571.8,17800.0,17554.8,17781.1,0.0,,0.029018108329785353,-0.055407505350254294,0.023324870533623608,-0.3432202166193293,0,0,0.036268647293323956,1185211.2104284193,0.022118075457702613,0.04050111549682489,0.029021663752478475,-0.4951255004090708,0,0,0.03752680191324417,4119002.4640343776,0.01190537164450034,0.06840878228161462,0.007800458168426384,0.0,0,0,0.013789923008137896,0.0,0.17347446498301916,0.1964365627192699,2.9901885412512383
2024-02-08,44349.6,45614.3,44331.1,45288.65,45439.62231,2425.2,2463.59,2412.0,2419.58,82805.49529,17778.2,17822.0,17719.5,17786.2,0.0,,0.021173809910348673,-0.017812838863587088,0.02347515312773557,-0.3293136863330669,0,0,0.028333809906014074,2146028.5627437234,-0.002317334652812142,0.03207671111338595,0.029020055902393236,-0.496295463582294,0,0,0.021321882310153063,35732921.8118306,0.00028682140025093616,0.06595467975571889,0.007808198403403946,0.0,0,0,0.005762894828574962,0.0,0.16546921007019083,0.19713719403701568,3.006471128191418
2024-02-09,45288.66,48200.0,45242.12,47132.77,73503.481,2419.58,2525.0,2418.69,2486.59,155132.92423,17785.1,17997.3,17778.9,17964.3,0.0,,0.04071925305788526,0.010262359125125187,0.024559095021460767,-0.30200384060440283,0,0,0.06275633704532955,1805127.9782620252,0.027694889195645667,-0.037820247414223296,0.022548874555735128,-0.48234542225886157,0,0,0.04275332885598347,5601498.064105277,0.010013381160675072,0.06834968777876882,0.007874739911565624,0.0,0,0,0.012157445600440754,0.0,0.20183020609961974,0.1831790082549273,3.118714282645458
2024-02-10,47132.78,48170.0,46800.0,47751.09,24802.35936,2486.59,2516.54,2471.6,2500.25,50694.57205,17785.1,17997.3,17778.9,17964.3,0.0,,0.013118685789101692,0.03046947765129948,0.024620870473265045,-0.29284704830729225,0,0,0.02869044455320287,1890611.6704531305,0.005493466956755899,-0.044980729638160355,0.022428369738216852,-0.47950170394102715,0,0,0.017974202579742048,9228139.564261869,0.0,0.06804480433774485,0.00787735020234309,0.0,0,0,0.012157445600440754,0.0,0.19376722667811122,0.18659453697948397,3.1255229976587415
2024-02-11,47751.08,48592.66,47557.16,48299.99,29958.80837,2500.25,2539.75,2493.7,2507.1,65045.90771,17785.1,17997.3,17778.9,17964.3,0.0,,0.011495025558578842,0.12895997987973162,0.019768075148934798,-0.28471830705376006,0,0,0.02143892783414655,2606238.8600130505,0.002739726027397138,-0.006219304817285609,0.021433352093242732,-0.4780756812120985,0,0,0.018367835347612854,23741669.657056812,0.0,0.06810195672725317,0.007876822183061943,0.0,0,0,0.012157445600440754,0.0,0.19687999771163364,0.17708586161160841,2.5096478748707325
2024-02-12,48300.0,50334.82,47710.01,49917.27,59009.96705,2507.1,2665.3,2472.1,2659.81,133235.55022,17974.1,18055.0,17845.4,17863.6,0.0,,0.03348406490353306,0.1649851019849473,0.020465532440439395,-0.26076776842283916,0,0,0.05258320416961901,1762329.3228200723,0.060911012723864344,0.03173390224980599,0.023854035448275718,-0.44628474238951443,0,1,0.07263676728788909,2187379.956235731,-0.005605562142694143,0.06211464483408524,0.007997073917076339,-0.005605562142694162,0,0,0.01173335721802988,0.0,0.1390265019112274,0.08061798743952438,2.5591243824188115
2024-02-13,49917.28,50368.61,48300.95,49699.59,55551.56706,2659.81,2686.4,2590.09,2640.08,162712.62067,17861.6,17900.0,17483.1,17636.1,0.0,,-0.004360815405169416,0.19091280505411268,0.019688704554276765,-0.2639914237262986,0,0,0.04160316010655226,12738773.488649186,-0.007417823077588204,0.0676436928029247,0.022565205978794356,-0.4503921042058302,0,0,0.03647995515287414,21935330.570003007,-0.012735394881211004,0.048588195423006075,0.008435198495162484,-0.01826956797648674,0,0,0.02363901316050609,0.0,0.15528911474310722,0.09116999108750405,2.334110006358238
2024-02-14,49699.6,52043.71,49225.01,51795.17,57046.37401,2640.08,2786.35,2618.2,2774.81,141226.68698,17637.7,17823.0,17605.7,17809.9,0.0,,0.04216493536465804,0.21839166711752922,0.020652775855213256,-0.23295766967988402,0,0,0.05442013222468422,1352933.6636545325,0.05103254446834948,0.10470976988613723,0.024147048721505637,-0.4223442148235583,0,1,0.06059874369776673,2767384.240339941,0.009854786489076561,0.057532213051481484,0.008567707993895337,-0.008594824179066138,0,0,0.01220107917506551,0.0,0.2032046644376488,0.14961334740481408,2.410534038343554
2024-02-15,51795.17,52816.62,51314.0,51880.0,53816.03055,2774.81,2867.2,2759.75,2822.89,181057.54001,17805.9,17905.3,17718.0,17892.1,0.0,,0.001637797501195637,0.2026533481540036,0.020617764072214002,-0.23170140966797448,0,0,0.028963377023901362,32858581.066891603,0.01732731250067565,0.09095511566970949,0.023771413084445116,-0.4123349925159829,0,0,0.03806382820442873,10449250.887027694,0.004615410530098174,0.061725977486218,0.0085782984842658,-0.004019082290988279,0,0,0.010468307241743522,0.0,0.20283940284771246,0.16400512578307783,2.403476642281026
2024-02-16,51880.01,52572.08,51566.0,52124.11,37772.25318,2822.89,2857.4,2738.88,2802.0,147225.10542,17891.8,17965.9,17648.7,17660.7,0.0,,0.004705281418658558,0.2185334801442862,0.020432226360088495,-0.22808634858690371,0,0,0.019301624526538712,8027611.856348863,-0.007400217507589679,0.10740920785857422,0.02337884212567266,-0.41668384139296394,0,0,0.04229835831548893,19894672.86904434,-0.012933082198288481,0.055226930522692896,0.008862583723711383,-0.016900185367645752,0,0,0.017960782981422067,0.0,0.17839350301910045,0.15079506258200492,2.3054454482577933
2024-02-17,52124.1,52162.82,50625.0,51642.64,25674.00622,2802.0,2804.34,2718.4,2786.16,68210.09368,17891.8,17965.9,17648.7,17660.7,0.0,,-0.00923699224792518,0.2495950638194906,0.019199134659035857,-0.23521650900107413,0,0,0.029778105844317792,2779473.852111155,-0.005653104925053554,0.12763933802548988,0.02288584011341153,-0.4199813888420487,0,0,0.030845321158871012,12065930.83358443,0.0,0.039121430000353064,0.008481932349782152,-0.016900185367645752,0,0,0.017960782981422067,0.0,0.32501221729287905,0.2315739676382007,2.263530435281603
2024-02-18,51642.64,52377.0,51163.28,52137.67,21992.10363,2786.16,2895.56,2763.6,2881.21,94128.41313,17891.8,17965.9,17648.7,17660.7,0.0,,0.009585683458475325,0.25153346105274177,0.019202351816554573,-0.22788553654209068,0,0,0.023279137713672307,2294263.187662795,0.034115054411806955,0.15626730662728439,0.023518344019630055,-0.4001940223625345,0,0,0.045800201998465934,2759145.1094380138,0.0,0.018242304388185193,0.007669449598431608,-0.016900185367645752,0,0,0.017960782981422067,0.0,0.3572801429711267,0.22948049879372084,2.503742482779546
2024-02-19,52137.68,52488.77,51677.0,51774.73,29534.99432,2881.21,2984.46,2856.69,2944.4,167548.42304,17676.9,17754.2,17676.9,17735.3,0.0,,-0.0069611856456185395,0.24171815836707755,0.019351050056671978,-0.23326036866188832,0,0,0.015678884274239514,4242804.803021113,0.02193175783785284,0.1910328703066979,0.023579581394670576,-0.387039222911293,0,0,0.043394239913055285,7639531.12575002,0.004224068128669822,0.02254342925341457,0.007696190716529376,-0.012747504773356046,0,0,0.004358539184564077,0.0,0.3403821398199526,0.23720927315937892,2.5143640049708047
2024-02-20,51774.74,52985.0,50760.37,52258.82,49614.47318,2944.4,3033.0,2874.0,3014.65,234379.1683,17736.4,17736.4,17402.8,17531.4,0.0,,0.009349928044047662,0.25681590309648805,0.0192571094240964,-0.22609140828035734,0,0,0.04256946482909483,5306395.929712653,0.023858850699633116,0.2269637769637769,0.023678269527261084,-0.3724146832460024,0,0,0.052742441079395616,9823569.165798603,-0.011496845274678091,0.010787405660649396,0.00801556847556785,-0.024097793958016613,0,0,0.019028714192819863,0.0,0.32241109572456234,0.18762163535510792,2.4024603442900188
2024-02-21,52258.82,52366.8,50625.0,51849.39,43079.40049,3014.65,3017.35,2868.24,2967.18,247063.96886,17522.8,17664.5,17323.9,17659.6,0.0,,-0.007834658340927003,0.31038626648490375,0.016383045880951543,-0.23215471768358867,0,0,0.03359345211197283,5498560.834408316,-0.015746438226659887,0.2821733832286166,0.02073277642263858,-0.382296916668228,0,0,0.05025310227219115,15690139.471687503,0.007312593403835166,0.018190623900923075,0.008113892822635142,-0.01696141792332575,0,0,0.019286960067045604,0.0,0.33784345648737657,0.1717651728538751,2.0191326220038266
2024-02-22,51849.38,52065.78,50940.78,51288.42,35309.44574,2967.18,3037.71,2906.56,2971.4,213141.60753,17653.6,18038.0,17629.0,17975.1,0.0,,-0.010819220824005882,0.28550138354186716,0.01678535877534011,-0.24046220535164103,0,0,0.021934775920178475,3263581.8862145767,0.0014222258171059377,0.32494448556624733,0.019410731308955376,-0.3814184033958076,0,0,0.044137443629265694,149863760.2614418,0.01786563682076614,0.030434184428062006,0.00866007593673494,0.0,0,0,0.02275369817135927,0.0,0.2300649148334104,0.18567584174570198,1.9382439040401247
2024-02-23,51288.42,51548.54,50521.0,50744.15,30545.79544,2971.4,2993.76,2905.17,2922.14,136365.26001,17974.3,18097.6,17899.4,17913.6,0.0,,-0.010611947102289299,0.26591747312203506,0.01713527596399939,-0.2485223802506389,0,0,0.020249427766550445,2878431.8618674413,-0.016578044019654126,0.30727556603393746,0.0198615143951651,-0.39167327633405985,0,0,0.030316822602613206,8225649.394575023,-0.00342139960278387,0.02223236703948861,0.00867045365336185,-0.0034213996027838514,0,0,0.011064219364058431,0.0,0.24712351091128376,0.21303388378326799,1.976281390367795
2024-02-24,50744.15,51698.0,50585.0,51568.22,16560.4211,2922.14,3004.59,2906.23,2992.47,77572.90457,17974.3,18097.6,17899.4,17913.6,0.0,,0.016239704478250294,0.29046079573905526,0.01706603021300323,-0.2363186057838904,0,0,0.021583060264635856,1019748.2918914137,0.024067977578076327,0.34877966330876875,0.019786301815978197,-0.3770320823887234,0,0,0.03286916827904712,3223073.982332516,0.0,0.025092846392867463,0.008645879344315115,-0.0034213996027838514,0,0,0.011064219364058431,0.0,0.23768490394627134,0.19963421229662895,1.9738895020932188
2024-02-25,51568.21,51958.55,51279.8,51728.85,18721.63159,2992.47,3124.0,2983.62,3113.18,129360.52829,17974.3,18097.6,17899.4,17913.6,0.0,,0.0031149029382824267,0.23683665000857168,0.01550896918249048,-0.23393981236513497,0,0,0.013121304649146463,6010322.587161351,0.04033791483289728,0.37288434570166085,0.02043435752903328,-0.35190285558449236,0,0,0.04509215657302183,3206920.7532585072,0.0,0.0293930042925854,0.008595403110285284,-0.0034213996027838514,0,0,0.011064219364058431,0.0,0.3153408983737173,0.2005748077715273,1.8043308661840145
2024-02-26,51728.85,54910.0,50901.44,54476.47,51256.72199,3113.18,3197.81,3036.59,3175.73,180794.19317,17928.4,18019.8,17883.6,17910.3,0.0,,0.05311581448263403,0.29334414038916323,0.017627082580971246,-0.19324990155618968,0,1,0.07358332872889888,964999.0843455351,0.02009199596554012,0.400171950090384,0.020400863129015758,-0.3388812903736179,0,0,0.050766280508733365,8998314.726766497,-0.00018421757770625824,0.029203372006826767,0.008596209193554617,-0.003604986898542944,0,0,0.007604562737642626,0.0,0.26507418524761195,0.19665754632415705,2.050562251156637
2024-02-27,54476.48,57588.15,54450.13,57037.34,67194.98562,3175.73,3288.56,3165.0,3242.41,210755.92536,17914.7,18003.8,17872.4,17975.8,0.0,,0.04700873606531397,0.3570283499868907,0.018822964374148602,-0.15532559910777854,0,0,0.055016941533388555,1429414.550361315,0.02099674720457978,0.43671626447833667,0.020228860120557017,-0.32499994795537485,0,0,0.03810745710752186,10037546.431885693,0.0036571135045198044,0.03296728555749029,0.008607527264823644,0.0,0,0,0.007309827657183425,0.0,0.26599246646037245,0.19921350107387548,2.186800218811978
2024-02-28,57037.35,64000.0,56691.85,62432.1,118763.46984,3242.41,3492.8,3171.42,3383.08,304004.40243,17980.1,17984.0,17811.2,17825.3,0.0,,0.09458295215029322,0.4417599826338774,0.024090268397592124,-0.075433800665612,0,1,0.11705757134550979,1255653.9480259006,0.043384396174450446,0.4596271416059401,0.020849607782937617,-0.29571547827969613,0,0,0.09499627558319641,7007227.4634251315,-0.008372367293806082,0.01251349048565742,0.008538238008890699,-0.008372367293806117,0,0,0.009694086495037911,0.0,0.04769009387874144,0.10997759656072187,2.821453344117837
2024-02-29,62432.11,63676.35,60364.7,61130.98,78425.07603,3383.08,3523.48,3300.0,3340.19,285182.13353,17832.1,18072.0,17790.3,18034.3,0.0,,-0.020840561185672013,0.4236006995628898,0.024566978529544613,-0.09470227911304457,0,0,0.05417302323633617,3763096.2861477416,-0.012677796564077637,0.42574997012071214,0.021365062647820513,-0.30464425416929486,0,0,0.06690637358952635,22494595.740091115,0.011724907855688249,0.03790350892338146,0.008385728786047401,0.0,0,0,0.015620234774845752,0.0,-0.06077715544149241,0.052038302760970226,2.9296140932055197
2024-03-01,61130.99,63114.23,60777.0,62387.9,47737.93473,3340.19,3449.9,3338.74,3432.94,145072.34249,18037.6,18337.9,17996.7,18285.8,0.0,,0.02056109684484042,0.4651925786754345,0.02429994286213307,-0.07608836500047464,0,0,0.03746287340974777,2321758.993338401,0.02776788146782061,0.5035388307843243,0.020325751542465714,-0.2853356982410998,0,0,0.032380408629338206,5224463.753689042,0.013945648015171175,0.06481799600528748,0.008325381638137227,0.0,0,0,0.018659287534589723,0.0,-0.09323887144402739,-0.012793463154986787,2.918774745781219
2024-03-02,62387.9,62433.19,61561.12,61987.28,25534.73659,3432.94,3460.12,3394.29,3421.32,100512.98865,18037.6,18337.9,17996.7,18285.8,0.0,,-0.006421437490282567,0.43878946051499734,0.024559648100952337,-0.0820212058111689,0,0,0.014068531479361568,3976476.74120845,-0.003384853798784726,0.4849608069514493,0.02055346836541073,-0.2877547324177642,0,0,0.01924111161773816,29694839.91825236,0.0,0.04263289637988166,0.007503579498762424,0.0,0,0,0.018659287534589723,0.0,-0.09242268909504812,0.01275300829253317,3.2730532640415615
2024-03-03,61987.28,63231.88,61320.0,63113.97,28994.90903,3421.32,3492.42,3359.21,3487.86,116862.58082,18037.6,18337.9,17996.7,18285.8,0.0,,0.018176148396896963,0.4609715277777777,0.024509819981715565,-0.06533588702278817,0,0,0.030292501010473552,1595216.5686974875,0.01944863386061524,0.5106089020360258,0.020467288643413403,-0.27390253498960143,0,0,0.03819247332175031,6008777.869425347,0.0,0.03911941536817931,0.007498493884666799,0.0,0,0,0.018659287534589723,0.0,-0.09026951179885619,0.016337622460715413,3.268628030164003
2024-03-04,63113.97,68499.0,62300.0,68245.71,84835.16005,3487.86,3641.69,3425.94,3627.5,264686.69305,18313.9,18348.9,18206.3,18216.2,0.0,,0.08130909844524137,0.5867003138027893,0.027254367606362632,0.0,0,1,0.09083354836516463,1043366.0099364305,0.0400360106196922,0.5795157167800955,0.020661273349015637,-0.24483248916951347,0,0,0.059476223294279804,6611213.825776947,-0.003806232158286682,0.03516428563310492,0.007553371955435955,-0.0038062321582866786,0,0,0.007828196879700607,0.0,-0.1410802918667691,-0.017624282679055338,3.6082337378355978
2024-03-05,68245.71,69000.0,59005.0,63724.01,132696.7813,3627.5,3822.8,3186.66,3553.38,493147.89055999997,18216.8,18226.2,17807.1,17957.3,0.0,,-0.0662561793261438,0.496470177686432,0.03080050299692193,-0.06625617932614378,1,0,0.15684825860770532,2002783.1761770162,-0.020432804962095097,0.551958630509126,0.0214308048697485,-0.2602626796320236,0,0,0.17902391525814867,24135093.058633298,-0.014212623928151924,0.02045188493754746,0.008058754317003767,-0.017964759540189657,0,0,0.02333869791115603,0.0,0.05064030543183742,0.08865529110802337,3.821988308050371
2024-03-06,63724.01,67641.1,62779.14,66074.04,78738.85491,3553.38,3902.38,3499.39,3819.58,333816.87927,17961.0,18151.2,17919.8,18016.8,0.0,,0.03687825044280779,0.547086190869776,0.031003934234284145,-0.03182134085790905,0,0,0.07358351328297781,2135102.1974615967,0.07491458836375497,0.6594171416655079,0.023965940138991386,-0.20484556277934948,0,1,0.10550636457411554,4455965.680402107,0.0033134157139436127,0.022334195832765857,0.008071806111860912,-0.014710868542803707,0,0,0.012843568225212106,0.0,0.05931904514693238,0.10754772408776224,3.8410109700995605
2024-03-07,66074.04,67980.0,65551.0,66823.17,53059.8869,3819.58,3933.93,3733.79,3868.64,148018.22079,18021.9,18337.4,17893.9,18232.8,0.0,,0.011337735667442228,0.5504593499377595,0.03099192417657042,-0.020844387141697375,0,0,0.03634966733843965,4679932.718227061,0.012844344142549646,0.6304663002798476,0.023840392475873617,-0.19463232554121204,0,0,0.05173394267753006,11523990.941643244,0.011988810443585907,0.03761118604134994,0.008292994574795013,-0.002898423913637905,0,0,0.024324294677723665,0.0,0.04899015849986194,0.10675680377456002,3.7371164934316314
2024-03-08,66823.18,69990.0,66082.66,68124.19,74261.932842,3868.64,3994.98,3817.68,3883.2,143104.59072,18267.5,18431.2,18010.1,18053.8,0.0,,0.01946959415424332,0.536072253188304,0.03089379552291118,-0.0017806247454968827,0,0,0.05735613150042586,3814249.7532912046,0.0037635965093676393,0.6011875309252845,0.023931829317481765,-0.19160124657286143,0,0,0.045658220024721925,38023260.49862328,-0.009817471809047462,0.01533650898988248,0.008280219787878514,-0.012687440527622527,0,0,0.02332472941984525,0.0,0.022035940766572656,0.11910599827035404,3.7310311808178103
2024-03-09,68124.2,68541.1,67861.1,68313.27,19872.89743,3883.2,3941.99,3870.3,3905.0,44872.48938,18267.5,18431.2,18010.1,18053.8,0.0,,0.002775519239201163,0.5083971370310221,0.03094676383708134,0.0,0,0,0.009954142145442605,7160038.939355474,0.005613926658426083,0.6139164648410056,0.02376474489950763,-0.1870629552603584,0,0,0.018358514724711804,7993052.310743457,0.0,0.015045372254894218,0.008280688467460606,-0.012687440527622527,0,0,0.02332472941984525,0.0,0.023068050617460374,0.12012353970057775,3.737216607836658
2024-03-10,68313.28,69887.61,68094.75,68955.88,38404.66835,3905.0,3964.39,3792.4,3878.42,70960.83818,18267.5,18431.2,18010.1,18053.8,0.0,,0.009406810711886537,0.4630135254091794,0.030548711634797533,0.0,0,0,0.02600010325442878,4082640.620701056,-0.006806658130601773,0.5597344154042283,0.02403014222377284,-0.19259633980560284,0,0,0.04434537775692158,10425194.3562476,0.0,0.004982103393953663,0.008084785147991496,-0.012687440527622527,0,0,0.02332472941984525,0.0,-0.012208656824725161,0.10272035783751078,3.7785387354417685
2024-03-11,68955.88,72800.0,67024.96,72078.1,75292.825726,3878.42,4088.84,3721.9,4064.88,163584.42332,17982.9,18061.5,17896.1,18002.7,0.0,,0.04527851721999632,0.5094545485767972,0.03110475320623625,0.0,0,0,0.08012197879799819,1662881.5102614134,0.04807627848453744,0.6257894210578943,0.024685726519263478,-0.15377937658866211,0,0,0.0902708075023125,3402600.9177603824,-0.002830429050947658,0.0021375728528247873,0.008103659468453123,-0.015481958678318617,0,0,0.009187510762274628,0.0,-0.024834021829603533,0.08296408011696642,3.838354134176417
2024-03-12,72078.1,73000.0,68620.82,71452.01,68783.546691,4064.88,4092.19,3828.87,3980.02,176898.29451,18038.1,18250.3,17934.8,18230.9,0.0,,-0.008686272251904659,0.479337987440577,0.03138399214027746,-0.008686272251904685,0,0,0.06128840882152921,7918640.529545041,-0.020876385034736655,0.5874995014159787,0.0255065038048128,-0.17144540414733203,0,0,0.06616047155541936,8473603.52281394,0.012675876396318397,0.014840544858413685,0.008422308276054148,-0.0030023296765795218,0,0,0.017305783038687062,0.0,-0.06027285908487014,0.002955825324362774,3.7262890230005468
2024-03-13,71452.0,73650.25,71333.31,73072.41,52659.711647,3980.02,4082.64,3932.32,4005.01,105850.37413,18228.3,18269.0,18044.3,18118.5,0.0,,0.02267815838910625,0.46387031983119287,0.031209497351932722,0.0,0,0,0.03170745292238209,2322044.3002044098,0.006278862920286787,0.5057504107436246,0.024087884232340855,-0.16624302341799943,0,0,0.03753298993011246,16858180.675707206,-0.006165356619804885,0.014269240242728243,0.008436967362160045,-0.009149175863238102,0,0,0.012401688881529968,0.0,-0.05252006952658567,0.06069123276783633,3.6991325224964724
2024-03-14,73072.4,73777.0,68555.0,71388.94,71757.628746,4005.01,4011.16,3722.72,3882.08,164898.81663000002,18105.0,18191.5,17924.9,18029.4,0.0,,-0.02303838069662678,0.4364090327505721,0.03175435695226576,-0.023038380696626826,0,0,0.07314858576132381,3114697.9704839606,-0.03069405569524175,0.4704402896881912,0.025153225241627143,-0.19183440649350375,0,0,0.07430037505667067,5372335.430153293,-0.004917625631260747,0.02230084882712191,0.008128965129943055,-0.014021809272768915,0,0,0.014786959077950378,0.0,-0.05777681108677891,0.05438616423442801,3.9063173948335357
2024-03-15,71388.94,72419.71,65600.0,69499.85,103334.03546,3882.08,3933.83,3565.6,3742.6,298077.15578,18018.9,18088.5,17773.7,17831.4,0.0,,-0.026461942143979122,0.3418210616935906,0.0320235164556115,-0.04889068254352084,0,0,0.09812553552273862,3905004.2452560156,-0.0359291925977826,0.3487770333824658,0.02565305918336707,-0.22087114375349998,0,0,0.09838882060599584,8296236.326669716,-0.01098206263103596,0.0012071937517896814,0.008215454379057503,-0.0248498835161709,0,0,0.0176542503673295,0.0,-0.03793394373052859,0.08119780686120442,3.8979557305664216
2024-03-16,69499.84,70043.0,64780.0,65300.63,55926.95336,3742.6,3781.55,3467.33,3523.11,198903.20055,18018.9,18088.5,17773.7,17831.4,0.0,,-0.06042056205876711,0.25868600616808024,0.03451235010733211,-0.10635724208357171,1,0,0.08059646591464738,925627.6704166841,-0.05864639555389295,0.24805075649423114,0.028528081425107776,-0.2665642428443844,1,0,0.08918824561254127,3391566.7750041126,0.0,-0.0033925587270358104,0.008170546091490507,-0.0248498835161709,0,0,0.0176542503673295,0.0,-0.031098375564364674,0.06773192407705932,4.22399035278347
2024-03-17,65300.64,68904.4,64533.0,68393.48,49742.21589,3523.11,3678.82,3413.15,3644.21,206991.79643,18018.9,18088.5,17773.7,17831.4,0.0,,0.04736324902225286,0.3121275356068429,0.03523184949668631,-0.06403141760344304,0,0,0.06391544925042554,1050227.8964086787,0.03437303972910288,0.3005745895788723,0.028778737409091086,-0.24135382642492975,0,0,0.07290194582639312,6021921.187131228,0.0,0.009665528546433544,0.007801930250967141,-0.0248498835161709,0,0,0.0176542503673295,0.0,-0.039553088056426634,0.03786906466083974,4.515780480671961
2024-03-18,68393.47,68956.0,66565.2,67609.99,55691.08088,3644.21,3645.38,3453.74,3521.01,202698.64383000002,17854.4,18156.2,17838.0,18002.9,0.0,,-0.011455624132592601,0.30918926685390224,0.035275246356979775,-0.07475352188329354,0,0,0.03536163812478012,4861457.7102765925,-0.03380705283175223,0.2637501076750799,0.029723226533178448,-0.2670014176955888,0,0,0.05442756481804946,5995748.428036217,0.009617865114348811,0.01937635541060101,0.007982566803869336,-0.015471021229587868,0,0,0.017674930150142515,0.0,-0.06333114122554934,-0.021530032434394466,4.4190299979175975
2024-03-19,67610.0,68124.11,61555.0,61937.4,101005.32487,3521.01,3548.38,3150.48,3158.54,325838.33684,17990.4,18067.8,17832.3,18051.2,0.0,,-0.08390165417862072,0.18795872542827485,0.03918999653001539,-0.15238323192022818,1,0,0.10606047396242013,1203853.6524730523,-0.10294489365267356,0.09625469854679114,0.035570227401117926,-0.34245987879847695,1,0,0.12597592558587198,3165172.0996247465,0.0026829010881579407,0.022111241343774513,0.00798981959300756,-0.012829627361121665,0,0,0.01304622407374579,0.0,-0.07675780340375991,-0.04153394967216444,4.904985278323483
2024-03-20,61937.41,68100.0,60775.0,67840.51,90420.58592,3158.54,3535.99,3056.37,3515.82,317209.77965,18047.6,18323.7,18005.1,18320.2,0.0,,0.09530768162693293,0.3103015698971292,0.04230318379562143,-0.07159884284643149,0,1,0.10797383451274173,948722.8614657593,0.11311555338859103,0.19407009917130824,0.040707588991331964,-0.26808186411356544,0,1,0.13641767781058184,2804298.278215482,0.014902056372983585,0.032979425214121116,0.00837787535783,0.0,0,0,0.017390639840176535,0.0,0.05537777523188237,0.11218533515714171,5.049386806908826
2024-03-21,67840.51,68240.47,64529.01,65501.27,53357.48002,3515.82,3587.62,3411.37,3492.81,166608.89738,18314.8,18487.7,18307.5,18359.4,0.0,,-0.034481462477213065,0.25340124403880515,0.04307299086773588,-0.10361147251062346,0,0,0.05666241280512575,1547424.636672957,-0.006544703653770689,0.15861211085864024,0.040644832385318505,-0.27287205141176246,0,0,0.0504608037654496,25457018.625102032,0.002139714631936407,0.04722954242102739,0.00803277874028762,0.0,0,0,0.009815135570879261,0.0,0.05348147162128991,0.14002919664181826,5.362146604417437
2024-03-22,65501.28,66649.62,62260.0,63796.64,51482.37821,3492.81,3542.9,3246.02,3336.8,161720.90176,18361.6,18408.5,18275.2,18347.0,0.0,,-0.026024380901316868,0.23042219011641207,0.043436558966118366,-0.1269394289855775,0,0,0.06880644497892045,1978235.66381317,-0.04466604252736328,0.1245694565210067,0.04150524517200314,-0.30534997928623914,0,0,0.08897146967154163,3620666.985535081,-0.0006754033356211053,0.03892500396384979,0.00796801134001009,-0.000675403335621069,0,0,0.007265492996130118,0.0,0.07000955214435597,0.16208590401651898,5.451360772342429
2024-03-23,63796.64,65999.0,63000.0,63990.01,26410.11409,3336.8,3435.44,3270.77,3329.66,85719.72142,18361.6,18408.5,18275.2,18347.0,0.0,,0.003031037371247214,0.2476502493155377,0.043304807697716725,-0.12429314976747038,0,0,0.04686669059748545,8713197.40513748,-0.0021397746343803092,0.12056942855219743,0.04152018977956533,-0.3068363737803342,0,0,0.049455499960957,40059976.150274955,0.0,0.020689731906915698,0.007329606005591725,-0.000675403335621069,0,0,0.007265492996130118,0.0,0.11148715073782509,0.18316569734010185,5.908195963428333
2024-03-24,63990.02,67628.69,63772.29,67209.99,31395.78015,3329.66,3471.72,3299.23,3454.63,72430.39021,18361.6,18408.5,18275.2,18347.0,0.0,,0.05032004214407837,0.32448745323352557,0.043813086316866194,-0.08022754415791128,0,1,0.05737837485171477,623921.8524676078,0.03753236066144905,0.18222603982013186,0.0417417120464627,-0.28082030656365986,0,0,0.04993009381612496,1929811.225177845,0.0,0.02419390853876391,0.007289634710260444,-0.000675403335621069,0,0,0.007265492996130118,0.0,0.09839847970735505,0.16992301956115127,6.0103184802954335
2024-03-25,67210.0,71150.0,66385.06,69880.01,53431.14486,3454.63,3660.74,3420.22,3590.17,105680.95865,18357.9,18391.9,18206.2,18324.1,0.0,,0.039726534701165495,0.3550983532105625,0.04413097634203427,-0.04368817177372429,0,0,0.06818745446659213,1344973.373897087,0.039234302949954,0.19973466734837797,0.042053293921376446,-0.2526037925959234,0,0,0.06699404206486043,2693585.045946979,-0.0012481604622009979,0.022915550196498824,0.007298049910767197,-0.0019227207860824922,0,0,0.010134194858137685,0.0,0.0916844455696215,0.1625388339084427,6.046946295538847
2024-03-26,69880.0,71561.1,69280.0,69988.0,38934.38417,3590.17,3679.11,3543.13,3587.24,101348.86026,18324.8,18411.5,18233.2,18272.6,0.0,,0.0015453632591067024,0.352978077030516,0.044141716820321,-0.04221032261013429,0,0,0.03259273018231705,25194161.954443216,-0.0008161173426328716,0.1522751655863137,0.041595072647979944,-0.2532137556026039,0,0,0.03790657998907239,124182655.04136035,-0.002810506382305289,0.02004063951411217,0.007326407815263471,-0.004727823349347087,0,0,0.00975777940741872,0.0,0.09429019285369722,0.16936220696632354,6.025006754100003
2024-03-27,69987.99,71769.54,68359.18,69469.99,49119.35685,3587.24,3667.43,3460.27,3502.29,124164.31125,18274.0,18365.6,18173.0,18300.2,0.0,,-0.007401411670572067,0.27522928706650784,0.04353224589410594,-0.04929931830632106,0,0,0.04909112553492523,6636475.941547523,-0.02368115877387622,0.10282990052680807,0.0418351614111813,-0.2708985192263254,0,0,0.05914987051329269,5243166.51916992,0.0015104582817990764,0.021769596265835967,0.007325987833655454,-0.0032245062474808937,0,0,0.010524475142348092,0.0,0.09830628479862018,0.16739408187520202,5.942159263837054
2024-03-28,69469.99,71552.06,68903.62,70780.6,35439.03239,3502.29,3612.0,3464.63,3560.63,79396.38325,18300.2,18335.2,18244.6,18258.9,0.0,,0.018865844086057848,0.24095197987844474,0.04298575175897179,-0.03136354747297917,0,0,0.037417597477274876,1878474.8481750411,0.016657672551387837,0.09814304791806094,0.04178223714708179,-0.25875338550286553,0,0,0.04138874300334488,4766352.28250193,-0.0022568059365470905,0.015748951367950292,0.00732446498893431,-0.005474035099186247,0,0,0.004961963754662229,0.0,0.08362959316079585,0.15775977284463483,5.868782653215954
2024-03-29,70780.6,70916.16,69009.0,69850.54,25445.08353,3560.63,3584.68,3472.48,3509.24,65686.88926,18300.2,18335.2,18244.6,18258.9,0.0,,-0.01314004119772949,0.11882413053541363,0.03990164977148874,-0.04409147036480677,0,0,0.027303439601182807,1936452.388739302,-0.014432839132400788,0.037291462217860616,0.04123115525013775,-0.2694516786473394,0,0,0.031972734837172674,4551207.364354505,0.0,0.024324976297734224,0.007129819051932426,-0.005474035099186247,0,0,0.004961963754662229,0.0,0.19109311932509038,0.20854597446866066,5.596438495348501
2024-03-30,69850.53,70321.1,69540.0,69582.18,13644.61142,3509.24,3566.4,3484.27,3505.24,45289.32208,18300.2,18335.2,18244.6,18258.9,0.0,,-0.0038419173280550556,0.13824741563115772,0.039649043224896624,-0.047763991908847815,0,0,0.011225575283786824,3551501.6956105395,-0.0011398479442842335,0.049413356725216184,0.0411428610162213,-0.2702843926496335,0,0,0.023430635277470333,39732426.57745316,0.0,0.012454045901421296,0.006826692302472731,-0.005474035099186247,0,0,0.004961963754662229,0.0,0.23778403301997306,0.23884200000068137,5.807934998210653
2024-03-31,69582.17,71366.0,69562.99,71280.01,19396.34433,3505.24,3655.42,3504.39,3645.11,52719.10871,18300.2,18335.2,18244.6,18258.9,0.0,,0.024400356528065048,0.1425294007331548,0.03970687739945328,-0.024529093812562207,0,0,0.025294749537773564,794920.2036654049,0.03990311647704581,0.061804167856123415,0.041459071235083446,-0.24116646577441353,0,0,0.04143359185319516,1321177.3954686623,0.0,-0.0014710868542802125,0.006331859235796007,-0.005474035099186247,0,0,0.004961963754662229,0.0,0.22640489264188807,0.2091642540058119,6.27095663551895
2024-04-01,71280.0,71288.23,68062.86,69649.8,41445.32039,3645.11,3645.9,3414.24,3504.48,107328.87997000001,18324.7,18419.9,18222.9,18305.6,0.0,,-0.022870507453632394,0.12361439314646505,0.03998564189753229,-0.046838608443323555,0,0,0.046308388538086186,1812172.395050794,-0.03858045436214552,0.02430640805303219,0.04213343945520659,-0.27044260831006933,0,0,0.06610395836186833,2781948.8890162045,0.002557656813937159,0.001082807424340082,0.006349467473015378,-0.0029303789884202592,0,0,0.010761734114150863,0.0,0.21457206088098307,0.1918463937374378,6.297469684311367
2024-04-02,69649.81,69674.23,64550.0,65463.99,71799.82793,3504.48,3506.41,3210.77,3278.92,186052.26911,18305.0,18319.4,18011.5,18154.9,0.0,,-0.0600979471584987,0.03723454569566775,0.04159486059878097,-0.10412165138661782,1,0,0.07827555271226205,1194713.2868533202,-0.06436332922430721,-0.05990492737667219,0.043663783996887987,-0.31739935089943516,1,0,0.09016383443328897,2890655.9440865093,-0.008232453456865518,-0.007158560194248986,0.006527356100360442,-0.011138708236652613,0,0,0.016959608700681437,0.0,0.2661855948747611,0.24361428839490532,6.372380522134969
2024-04-03,65463.99,66903.63,64493.07,65963.28,39887.21778,3278.92,3367.69,3201.85,3311.09,146398.80289,18150.9,18262.9,18044.9,18199.7,0.0,,0.007626941162614864,-0.03344430001534171,0.038837653579055754,-0.09728883993288308,0,0,0.03654396809861494,5229772.281159442,0.00981115733229232,-0.08722536181943485,0.04302499357148915,-0.3107022485359846,0,0,0.05008622538197395,14921649.782502975,0.00246765336080057,-0.0009057871564870368,0.0065089361747898205,-0.008698541346667142,0,0,0.01197821942119925,0.0,0.3288169507000811,0.27051891449515686,5.966811298805963
2024-04-04,65963.27,69309.91,65064.52,68487.79,41510.48453,3311.09,3443.39,3250.84,3328.0,130015.31287,18205.0,18383.0,17871.3,17888.5,0.0,,0.03827144435510177,0.07475643795800035,0.037387645300104834,-0.06274078000164508,0,0,0.061987545517237556,1084633.0569213515,0.0051070795417822445,-0.06342693435545876,0.04290318455391066,-0.30718195009128624,0,0,0.05785757211538453,25457809.542267777,-0.017099182953565162,-0.003831310943181787,0.006743248489421794,-0.025648986350316535,0,0,0.028604969673253808,0.0,0.11275346861846092,0.21642249881609113,5.54444788951145
2024-04-05,68487.8,68756.67,65952.56,67820.62,37915.23073,3328.0,3349.94,3209.05,3317.6,156619.20489,17910.4,18224.5,17861.8,18128.6,0.0,,-0.009741444423889245,0.026433679551000733,0.03690017068341425,-0.07187103860403685,0,0,0.04134598002790303,3892152.9660929693,-0.0031250000000000444,-0.1314228265934998,0.04041691863140473,-0.309347006497251,0,0,0.04246744634675666,50117985.18724669,0.01342203091371541,0.006205319479596794,0.007159702953778597,-0.012571216924300516,0,0,0.020007060666571094,0.0,0.0719228026176571,0.18550324947038774,5.153861743010226
2024-04-06,67820.63,69692.0,67447.83,68896.0,20134.28919,3317.6,3398.78,3306.06,3352.09,63331.08993,17910.4,18224.5,17861.8,18128.6,0.0,,0.01585623959202964,0.03101962986790352,0.036950778949742163,-0.057154403419840724,0,0,0.03257329888527633,1269801.4794192424,0.010396069447793588,-0.1335223747880392,0.04038440973409588,-0.3021669300124698,0,0,0.02766035518139437,6091824.350519087,0.0,-0.005714975209512585,0.006806677501545738,-0.012571216924300516,0,0,0.020007060666571094,0.0,0.05952983327033613,0.1700530487277078,5.4285992917040735
2024-04-07,68896.0,70326.29,68824.0,69360.39,21534.74433,3352.09,3459.67,3344.36,3454.24,78155.45717,17910.4,18224.5,17861.8,18128.6,0.0,,0.006740449372967916,0.018146270803366615,0.03681226613811954,-0.0507992004095664,0,0,0.02165919193937626,3194848.1755358404,0.030473525472167973,-0.11046559538524925,0.04085267657624013,-0.2809014961788836,0,0,0.0333821622122377,2564699.368124869,0.0,0.0041431720745770395,0.006558255274404321,-0.012571216924300516,0,0,0.020007060666571094,0.0,0.08725269594904408,0.18370778014381198,5.61311026587944
2024-04-08,69360.38,72797.99,69043.24,71620.0,45723.87624,3454.24,3730.19,3407.1,3695.17,145542.50505,18177.5,18200.6,18063.1,18136.6,0.0,,0.03257781566683815,0.048405383024410886,0.03725419882778696,-0.01987631172969392,0,0,0.05242599832449037,1403527.5622014138,0.06974906202232622,-0.053733674775928275,0.042948090740153884,-0.23074505003570256,0,1,0.08743576073631258,2086658.6583892156,0.0004412916606908457,0.004586292082553234,0.006558382153730535,-0.012135472836803104,0,0,0.00758135482946087,0.0,0.0874378489888395,0.1773154992795941,5.68038597792541
2024-04-09,71620.0,71758.19,68210.0,69146.0,39293.90242,3695.17,3726.33,3451.63,3505.81,153869.23583,18141.8,18235.0,17988.8,18212.2,0.0,,-0.034543423624685876,0.002757125280686612,0.03782278857373987,-0.053733139498204636,0,0,0.05131446504497733,1137521.6154516637,-0.051245274236368044,-0.09607262751326573,0.04391258804290597,-0.27016573090430657,1,0,0.07835564391681232,3002602.8369806795,0.004168366728052764,0.00877377615792807,0.0065986156411073785,-0.008017691209952434,0,0,0.013518410735660751,0.0,0.06630569764896442,0.14906566090318224,5.731919134511238
2024-04-10,69146.0,71172.08,67518.0,70631.08,42006.02377,3505.81,3563.81,3411.0,3545.4,138750.99457,18210.0,18285.8,17885.0,18023.3,0.0,,0.02147745350417951,-0.020075723416682845,0.03709998209991522,-0.03340973699923133,0,0,0.05173473207545463,1955818.6543688285,0.011292682718116565,-0.127797130542599,0.04295684004947964,-0.2619239440666004,0,0,0.04310091950132564,12286794.481479649,-0.010372168107093072,0.0011442728035238048,0.006860920687149892,-0.01830669847598517,0,0,0.022237880965195012,0.0,0.05319222465863814,0.14689023550139663,5.407427037471933
2024-04-11,70631.08,71305.89,69567.21,70006.23,31917.25595,3545.4,3618.16,3473.59,3502.59,110355.09034,18015.4,18350.5,17912.6,18318.0,0.0,,-0.008846672031632585,-0.020234280323254694,0.03710128704016754,-0.041960844044968644,0,0,0.0248360753035836,3607822.2135570436,-0.012074801150786962,-0.11995668363475553,0.042865138090453246,-0.27083606567615326,0,0,0.04127517065942623,9139280.851842368,0.01635105668773207,0.004777602861076424,0.007121788569962191,-0.0022549756527991903,0,0,0.023905448193034255,0.0,0.04674250907121323,0.15073783291485227,5.20953894942363
2024-04-12,70006.22,71227.46,65086.86,67116.52,56072.86229,3502.59,3552.99,3074.18,3237.58,196997.84894,18319.3,18342.7,17957.2,18007.9,0.0,,-0.04127789769567636,-0.08150668631293256,0.037586607234185554,-0.0815066863129326,0,0,0.09149163276045906,1358423.07472075,-0.07566115360347636,-0.19161749908239933,0.04479660699192598,-0.32600545011314497,1,0,0.14789132623749837,2603685.1610216135,-0.01692870400698754,-0.00610425807875925,0.0077002721741353366,-0.01914550584441757,0,0,0.021407271253172218,0.0,0.14122781829565867,0.26025717112613,4.881198686515166
2024-04-13,67116.52,67929.0,60660.57,63924.51,71395.22019,3237.58,3302.37,2800.99,3005.69,367374.35321000003,18319.3,18342.7,17957.2,18007.9,0.0,,-0.047559229828960214,-0.10456003408931414,0.03831609732780589,-0.12518952091493904,0,0,0.11370333538731857,1501185.0577671628,-0.07162448495481188,-0.2257526892799736,0.046173775999438504,-0.37427996261114127,1,0,0.16681028316293434,5129171.988462574,0.0,-0.0011924966998346775,0.007648005198361521,-0.01914550584441757,0,0,0.021407271253172218,0.0,0.1273640251417186,0.24236218308434082,5.009940008489336
2024-04-14,63924.52,65840.0,62134.0,65661.84,61599.17818,3005.69,3174.6,2905.44,3154.51,262264.86999,18319.3,18342.7,17957.2,18007.9,0.0,,0.027177838359652595,-0.05522328465457138,0.03843318127248255,-0.10141406311903503,0,0,0.05644069675781246,2266521.520204236,0.049512757469998725,-0.15713407791374967,0.046985116658421755,-0.3432988381557882,0,0,0.08532545466649331,5296913.975752096,0.0,0.009898269345087973,0.007362284543398295,-0.01914550584441757,0,0,0.021407271253172218,0.0,0.09813920768821659,0.2132329248201267,5.220272164599179
2024-04-15,65661.85,66867.07,62274.4,63419.99,52389.53069,3154.51,3278.41,3022.8,3102.0,215560.92932,18000.6,18194.6,17686.9,17719.0,0.0,,-0.034142357265650736,-0.028799722146631623,0.03731971863406649,-0.13209390520991446,0,0,0.0724167569247489,1534443.416953897,-0.016646008413351066,-0.11952791709597488,0.04593348438640969,-0.35423029122090444,0,0,0.08240167633784644,12949699.079216907,-0.01604295892358365,-0.006303487107013561,0.00794825593728428,-0.03488131420416797,0,0,0.028652858513459962,0.0,0.15564632862624134,0.2209852692421342,4.695328380874193
2024-04-16,63419.99,64365.0,61600.0,63793.39,53435.29331,3102.0,3127.43,2987.01,3084.0,214964.12719,17727.3,17835.3,17642.0,17741.8,0.0,,0.005887733504845949,-0.06725918903380845,0.036245874203406823,-0.12698390541655877,0,0,0.04334304855095489,9075682.944751194,-0.005802707930367523,-0.15372604762074638,0.04538228665847149,-0.357977504231228,0,0,0.045531776913099745,37045420.7441348,0.0012867543315084884,-0.0050248438148435826,0.007952732412450697,-0.033639443554800384,0,0,0.010895174108602244,0.0,0.1604389271216204,0.2226978045390459,4.557657261306592
2024-04-17,63793.4,64499.0,59678.16,61277.37,50610.54509,3084.0,3123.59,2913.51,2985.2,211329.39922999998,17748.9,17817.6,17466.4,17512.7,0.0,,-0.03944013635268473,-0.09366396888980466,0.03686091658032979,-0.16141577922501804,0,0,0.07867243649654018,1283224.0691357092,-0.032036316472114246,-0.15217508612585606,0.04534405845597708,-0.378545540087893,0,0,0.07037384429853945,6596555.301493444,-0.012913007699331458,-0.027228946447516833,0.008062829669922663,-0.04611806486050746,0,0,0.020054017941265316,0.0,0.22019527110777465,0.2800061995209957,4.571704026043638
2024-04-18,61277.38,64117.09,60803.35,63470.08,43601.60918,2985.2,3095.0,2953.34,3064.39,175412.64466,17522.5,17622.6,17360.0,17381.4,0.0,,0.03578335689015377,0.024745630265397,0.034136086122238354,-0.1314084207705754,0,0,0.052209482011051474,1218488.1683673402,0.026527535843494654,-0.029808075883161256,0.04166231991638266,-0.36205988462747496,0,0,0.046227797375660365,6612471.643433853,-0.007497416160843207,-0.03710556638893814,0.008121362800415555,-0.05326971469655871,0,0,0.015108104065265084,0.0,0.2456494690315598,0.321971438445547,4.2032408757903195
2024-04-19,63470.09,65450.0,59600.01,63818.01,69774.30271,3064.39,3129.53,2865.0,3056.37,243237.91769,17381.3,17407.7,16972.1,17036.9,0.0,,0.005481795516879773,-0.059293481136860504,0.029194404403196376,-0.12664697934555602,0,0,0.09166675676662431,12728343.33417128,-0.0026171603483891026,-0.1306807515743128,0.0357488036214372,-0.3637294762020747,0,0,0.08655038493376135,92939276.13069423,-0.019820037511362742,-0.07004836191744623,0.008217015434695777,-0.07203394446441604,0,0,0.025568031742864143,0.0,0.040169403143664746,0.145957516320301,3.5529163972068507
2024-04-20,63818.01,65419.0,63090.07,64940.59,23137.42975,3056.37,3171.23,3018.24,3155.61,79631.34071,17381.3,17407.7,16972.1,17036.9,0.0,,0.017590332258871744,-0.008559834030698932,0.028717408454234743,-0.11128440953295514,0,0,0.035862470605826036,1315348.4684660165,0.03246989075275586,-0.09654118031040904,0.036358735563450574,-0.34306984180515737,0,0,0.04848190999521494,2452466.4031577413,0.0,-0.07203394446441602,0.008185612371519511,-0.07203394446441604,0,0,0.025568031742864143,0.0,0.07007047618684306,0.15578582034256708,3.508274282741421
2024-04-21,64940.58,65695.56,64237.5,64941.15,19316.42152,3155.61,3197.47,3116.29,3147.44,76307.84297,17381.3,17407.7,16972.1,17036.9,0.0,,8.623266280816111e-06,0.017939973014252875,0.028290475760565054,-0.11127674590177061,0,0,0.022452020021203778,2237440719.617651,-0.0025890398369887713,-0.056748981059697945,0.03548646340395496,-0.34477066015484314,0,0,0.025792390005845968,29473300.158157963,0.0,-0.07140676949910063,0.008191606242866706,-0.07203394446441604,0,0,0.025568031742864143,0.0,0.07787686842035806,0.16828689772904282,3.4535890014623813
2024-04-22,64941.15,67232.35,64500.0,66819.32,31397.99371,3147.44,3236.39,3128.8,3200.63,106750.80718999999,17099.1,17313.1,17014.4,17210.6,0.0,,0.028921107802987844,0.044214870414929,0.02874634658354087,-0.08557388486297354,0,0,0.04089161637682044,1085642.4680361513,0.01689944844063751,-0.03875170437822473,0.03564139782519134,-0.33369764570933697,0,0,0.03361525699627876,6316818.232074243,0.010195516790026282,-0.061939281626424036,0.008501688939800111,-0.06257285096462863,0,0,0.017355583187105453,0.0,0.12168727770305131,0.18713215025536162,3.381247299756388
2024-04-23,66819.32,67183.01,65765.81,66414.0,22599.90004,3200.63,3264.46,3151.6,3219.23,96089.50422,17225.6,17533.6,17154.8,17524.9,0.0,,-0.0060659102786441155,-0.01184332864801807,0.02727321412166423,-0.09112071163384379,0,0,0.021338874333724774,3725716.626966888,0.005811355889309366,-0.06814043761560573,0.03493165174089082,-0.3298255255986693,0,0,0.03505807289320742,16534753.79975076,0.018262001324765187,-0.04480841554477566,0.009275382219526819,-0.045453555127073865,0,0,0.021614959286500878,0.0,0.08645203262685022,0.18264029306754528,2.940383918671157
2024-04-24,66414.0,67070.43,63606.06,64289.59,33595.69637,3219.23,3293.98,3104.42,3140.43,128294.02071,17564.4,17665.6,17352.6,17378.5,0.0,,-0.031987382178456425,-0.08000027475668647,0.026806883326207825,-0.12019338078489551,0,0,0.05388695121558553,1050279.3157557484,-0.024477903101052134,-0.12526983401900194,0.03428458102975559,-0.3462299914438636,0,0,0.06036116073276588,5241215.628978008,-0.008353827981900097,-0.05160417155549246,0.009359462022551885,-0.0534276719282766,0,0,0.018010760422360963,0.0,0.11369900464630474,0.19852287879937286,2.8641448215899317
2024-04-25,64289.58,65297.94,62794.0,64498.34,31341.46338,3140.43,3191.72,3071.67,3156.12,157139.43655,17318.8,17700.8,17181.5,17688.6,0.0,,0.003247026462604552,-0.0784371606561125,0.02681737192131218,-0.11733662541032938,0,0,0.03882177432783545,9652328.743749311,0.004996131103065515,-0.12018153232011242,0.03431887827117604,-0.3429636707698649,0,0,0.03803721024549121,31452161.439872652,0.017843887562217553,-0.03196042161487689,0.01001345857201328,-0.036537141736658216,0,0,0.029357891523353986,0.0,0.12088635065376914,0.2027244226664088,2.678130133275123
2024-04-26,64498.33,64820.01,63297.48,63770.01,27085.19346,3156.12,3168.26,3101.59,3131.43,116086.81689,17690.8,17776.9,17544.2,17712.6,0.0,,-0.0112922286061935,-0.08204952958824385,0.02685193961792995,-0.12730386201851016,0,0,0.023875329484815806,2398567.228746342,-0.007822896467814977,-0.10589071721644983,0.03412179318486606,-0.3481035979490254,0,0,0.021290592476919515,14839346.139136994,0.0013568060784912017,-0.03210893870012366,0.010012151628962948,-0.03522990947416598,0,0,0.013137540507887083,0.0,0.11965017643283923,0.20806662979243598,2.6819322952451428
2024-04-27,63770.0,63923.41,62391.24,63461.98,20933.06052,3131.43,3284.2,3066.9,3255.81,113111.21429999999,17690.8,17776.9,17544.2,17712.6,0.0,,-0.004830326982856015,-0.10339867138735759,0.02654864995196349,-0.13151926972163638,0,0,0.02414311687092028,4333664.627187768,0.03971987239056918,-0.08560844569640769,0.034835852568654214,-0.3222103560476895,0,0,0.0667422239012718,2847722.790006457,0.0,-0.029919655619999208,0.010011162653219814,-0.03522990947416598,0,0,0.013137540507887083,0.0,0.12432192864907328,0.21043999176857323,2.651902116923821
2024-04-28,63461.98,64370.0,62781.0,63118.62,16949.20005,3255.81,3361.59,3250.06,3263.46,96812.72794,17690.8,17776.9,17544.2,17712.6,0.0,,-0.0054104835682718955,-0.09637606237546614,0.02648717229123599,-0.13621817044216827,0,0,0.02517482162949697,3132653.211047722,0.002349645710284065,-0.07003795693654458,0.0347704105296941,-0.32061779051830197,0,0,0.03417538440795971,41202941.99540225,0.0,-0.029919655619999208,0.010011162653219814,-0.03522990947416598,0,0,0.013137540507887083,0.0,0.12557901697120824,0.21243798807449144,2.645761211871332
2024-04-29,63118.62,64228.35,61765.53,63866.0,28150.22947,3263.46,3287.75,3115.26,3217.0,178108.75502,17758.8,17834.6,17677.4,17798.6,0.0,,0.01184087991784355,-0.08215005623566252,0.026624996957544195,-0.12599023352315877,0,0,0.03856230232048351,2377374.4765230184,-0.014236423918172703,-0.08223117389964729,0.03484363412116893,-0.3302897636549483,0,0,0.05361827789866328,12510770.326594604,0.004855300746361424,-0.025209623799900438,0.010066370824229504,-0.030545660533568792,0,0,0.008832155338060133,0.0,0.13515092220527675,0.20387285879006353,2.644942350428324
2024-04-30,63866.0,64734.0,59191.6,60672.0,54947.65535,3217.0,3251.53,2920.33,3014.45,231954.72774,17803.1,17808.9,17367.5,17398.4,0.0,,-0.05001096044843889,-0.14882166823489495,0.027484066358228646,-0.1697003013859814,1,0,0.09135021097046415,1098712.0397243802,-0.06296238731737647,-0.17301535481782448,0.03560417153946262,-0.37245631894611714,1,0,0.10987078903282532,3684019.948776391,-0.022484914543840384,-0.047127702106917746,0.010813925992792565,-0.052343758510626705,0,0,0.02537014897921656,0.0,0.23240799141500132,0.29366940068036895,2.541541431033681
2024-05-01,60672.01,60841.63,56552.82,58364.97,81166.46823,3014.45,3023.45,2816.52,2972.25,250789.84068999998,17354.5,17683.7,17292.0,17367.4,0.0,,-0.03802462420886077,-0.16202243222521817,0.027959228330383196,-0.20127213540650982,0,0,0.07348260437724885,2134575.9116095854,-0.013999237008409438,-0.1518713189973976,0.03510047383004848,-0.38124145167032014,0,0,0.06962065775086208,17914523.583971974,-0.0017817730366010975,-0.05125207586749392,0.01078605667037855,-0.05403226684967918,0,0,0.022553750129553112,0.0,0.23807072444866456,0.31145985538776755,2.5921616456503815
2024-05-02,58364.97,59625.0,56911.84,59060.61,47583.81961,2972.25,3016.47,2892.06,2986.7,148725.87416,17394.7,17649.2,17282.7,17637.7,0.0,,0.011918793070569533,-0.09781530273360972,0.026141779525572086,-0.1917522632687221,0,0,0.045938570563358615,3992332.0595418005,0.0048616368071325855,-0.08912080807095024,0.03328304944766872,-0.3782332723370327,0,0,0.041654669032711644,30591665.758566078,0.01556364222623996,-0.028488176745672056,0.011157369183637805,-0.039309563493360386,0,0,0.02077935331704247,0.0,0.23272500108710578,0.29192801615402436,2.3430035938824028
2024-05-03,59060.6,63333.0,58811.32,62882.01,43628.40143,2986.7,3126.92,2958.38,3102.72,124770.88271,17636.1,17930.1,17616.3,17922.7,0.0,,0.06470302287768459,-0.046711897892281806,0.02888209477217285,-0.13945619146816152,0,1,0.0719073706454358,674286.8068097468,0.03884554859878797,-0.06293093815027695,0.03406820278035125,-0.3540804027004915,0,0,0.054320080445544545,3211972.9310288,0.016158569427986658,-0.015220031099413722,0.011572258916800473,-0.023786180376265058,0,0,0.017508522711421788,0.0,0.31601165884053395,0.33196291581197707,2.4958022475819064
2024-05-04,62882.01,64540.0,62541.03,63892.04,24368.69282,3102.72,3168.31,3092.71,3117.16,74784.30142,17636.1,17930.1,17616.3,17922.7,0.0,,0.016062304624168355,-0.06710320189919972,0.02811006537817491,-0.12563387467308115,0,0,0.031286682973340675,1517134.571833959,0.004653981023102327,-0.06335336538461545,0.03406522853621207,-0.3510743051522097,0,0,0.024252845538887933,16068853.817889225,0.0,0.0019118428040361124,0.011136662743613659,-0.023786180376265058,0,0,0.017508522711421788,0.0,0.4120172536774913,0.35540193077877996,2.5240990756682393
2024-05-05,63892.03,64646.0,62822.17,64012.0,18526.75029,3117.16,3171.89,3072.29,3136.59,77770.46627,17636.1,17930.1,17616.3,17922.7,0.0,,0.0018775421789631874,-0.05615725718815301,0.028078753081308572,-0.12399221539292331,0,0,0.02849200149971883,9867502.217824247,0.006233237947362413,-0.05456052568121528,0.03409373208672908,-0.34702939688606593,0,0,0.031754229912101965,12476716.300513672,0.0,-0.011357744117030388,0.01084991116904851,-0.023786180376265058,0,0,0.017508522711421788,0.0,0.43567103774597404,0.3666652091519471,2.587922312413534
2024-05-06,64012.0,65500.0,62700.0,63165.19,34674.91949,3136.59,3222.0,3046.03,3062.92,148286.10959,17962.8,18104.8,17887.9,18089.9,0.0,,-0.013228925826407556,-0.08318059103576403,0.027959160284949353,-0.1355808573988459,0,0,0.04432821305532367,2621142.0136139784,-0.023487290337596,-0.08626558356130054,0.0342537665486081,-0.362365907023318,0,0,0.05745171274470107,6313459.080379671,0.009328951553058351,-0.0021347484085917356,0.010992262017283327,-0.014679128947569092,0,0,0.01199011603159762,0.0,0.4195947700986867,0.3412306217804217,2.5435287846760626
2024-05-07,63165.18,64422.41,62261.0,62312.08,25598.79472,3062.92,3130.26,3000.0,3006.4,127146.89611,18086.9,18169.0,18055.6,18102.1,0.0,,-0.013506014942723965,-0.10161866160210453,0.027972471188548467,-0.14725571525559375,0,0,0.03468685365662651,1895361.131684472,-0.01845297950974889,-0.12964935846959091,0.03379483676036718,-0.374132155875734,0,0,0.04332756785524222,6890314.224848341,0.0006744094771113929,-0.001461778626038468,0.01099297859828798,-0.014014619214135696,0,0,0.006264466553604359,0.0,0.41855840598832733,0.3448830777872748,2.544573837992048
2024-05-08,62312.07,63020.22,60888.0,61193.03,26121.19004,3006.4,3038.64,2936.53,2974.0,127305.76674,18099.0,18148.5,17979.4,18067.8,0.0,,-0.01795879707433945,-0.1455874057525831,0.027256928446593054,-0.16256997682162125,0,0,0.03484416444160391,1454505.8550867457,-0.010777009047365671,-0.1951655810152172,0.030795073374590084,-0.3808771392943165,0,0,0.03433422999327494,11812706.851540599,-0.0018948077847321665,-0.00379343427103207,0.010998088953445343,-0.015882871989280813,0,0,0.009359191489832662,0.0,0.4303547270107594,0.37572327979296066,2.478330897182404
2024-05-09,61193.03,63429.03,60630.0,63074.01,30660.8061,2974.0,3059.33,2950.67,3036.22,107538.46049,18064.8,18146.6,18012.2,18128.0,0.0,,0.030738468090238502,-0.08781404564255346,0.02741184284038382,-0.136828660776345,0,0,0.044376915309491165,997473.1348113435,0.020921318090114216,-0.13394622070220585,0.030007618985531028,-0.3679242729886314,0,0,0.03578792050641912,5140135.464957134,0.0033318943092131015,-0.004623274508296693,0.010988033884661495,-0.012603897730862743,0,0,0.007413945278022828,0.0,0.4567749814986666,0.41569990005070584,2.494697248037819
2024-05-10,63074.0,63469.13,60187.12,60799.99,36529.34025,3036.22,3053.95,2878.01,2910.07,137209.62105,18123.6,18255.4,18096.6,18147.1,0.0,,-0.03605320162773862,-0.13918929173955719,0.027673553193540396,-0.16794875110866064,0,0,0.05398043650994013,1013206.2748577732,-0.04154837264756828,-0.17919839792407055,0.0306033378529451,-0.3941859908359823,0,0,0.06045902675880635,3302405.829220178,0.001053618711385651,0.006868886385955841,0.010816240617118696,-0.01156355872196275,0,0,0.008750709479751746,0.0,0.4863645812425953,0.4284559966316733,2.5585162708547022
2024-05-11,60799.99,61515.0,60487.09,60825.99,13374.56936,2910.07,2945.55,2886.85,2912.38,55834.34835,18123.6,18255.4,18096.6,18147.1,0.0,,0.0004276316492815013,-0.13113461473357435,0.02767643193360046,-0.16759293966081049,0,0,0.016899190625586258,31275179.539858136,0.0007937953382564089,-0.16850673358857304,0.030606897089194212,-0.3937050984996575,0,0,0.020155336872248908,70337582.35065536,0.0,-0.009329621137678878,0.010381991080344903,-0.01156355872196275,0,0,0.008750709479751746,0.0,0.5152519073534555,0.45728934759220813,2.665809001503303
2024-05-12,60825.99,61888.0,60610.0,61483.99,12753.13236,2912.38,2955.43,2901.33,2929.59,55889.40492,18123.6,18255.4,18096.6,18147.1,0.0,,0.010817744191257805,-0.08392166339971152,0.02690000737691036,-0.1585881730190643,0,0,0.02078589889823351,1178907.5749480645,0.005909256347042646,-0.09512969563686446,0.02765579988562197,-0.390122346504787,0,0,0.018466747906703638,9457926.185366552,0.0,0.007729940748226971,0.009893331975737754,-0.01156355872196275,0,0,0.008750709479751746,0.0,0.4731546769291931,0.37863231513881274,2.7190010658561516
2024-05-13,61484.0,63450.0,60749.21,62940.08,32733.41839,2929.59,2996.84,2864.93,2950.81,141231.75501,18158.4,18250.8,18145.2,18202.1,0.0,,0.02368242529478004,-0.015399883393709235,0.025917862145444923,-0.1386615002844439,0,0,0.042910495188439556,1382181.2656747731,0.00724333439150171,-0.018258702660620352,0.02446759256140427,-0.3857047987226167,0,0,0.04470297985976742,19498141.656180378,0.0030307872883270637,0.010784155842713306,0.009905586627498473,-0.008567818120418036,0,0,0.005801528395075214,0.0,0.49728646559911344,0.4272906351491145,2.616486731702312
2024-05-14,62940.09,63118.36,61142.77,61577.49,29088.72041,2950.81,2961.06,2861.0,2882.21,123678.50941,18201.0,18349.5,18073.7,18327.7,0.0,,-0.021649003306001613,-0.06220279541359175,0.025671719007101457,-0.15730862031237242,0,0,0.03208299006666241,1343651.0938785337,-0.023247853979076916,-0.08632085490298025,0.022914099769911718,-0.39998584386196095,0,0,0.034716415528361896,5319994.538909497,0.0069003027123244465,0.01775887249484942,0.009975720486246837,-0.0017266359467085375,0,0,0.01504826028361438,0.0,0.4827651095449936,0.43616024239204854,2.5734174597533572
2024-05-15,61577.49,66444.16,61319.47,66206.5,43559.74719,2882.21,3041.64,2864.04,3032.23,133331.88324,18321.1,18623.7,18310.3,18611.5,0.0,,0.0751737363767182,0.04393740837865168,0.02852532382534915,-0.09396036068880174,0,1,0.07740463549651473,579454.2548366425,0.05205033637382428,-0.02249194068343008,0.024829866777994716,-0.36875490520591975,0,1,0.058570754856986415,2561594.543145088,0.015484758043835312,0.050369659687341306,0.009817568649985793,0.0,0,0,0.016839051124304942,0.0,0.5017276112177108,0.4811034682884163,2.9055355543691443
2024-05-16,66206.51,66752.01,64602.77,65235.21,31106.3671,3032.23,3041.15,2923.33,2944.81,120738.07235,18610.9,18676.1,18549.1,18554.2,0.0,,-0.014670613912531216,0.022601401179652036,0.028670889866435602,-0.10725251842658541,0,0,0.032946011823982754,2120316.5785900797,-0.028830266833320684,-0.04513294422827496,0.025351217253266754,-0.3869538697260579,0,0,0.04000937242131077,4187891.5366659467,-0.0030787416382344057,0.04579016785219103,0.009855968780951385,-0.0030787416382343858,0,0,0.006844811417361029,0.0,0.5066587075249068,0.4872730201806927,2.9089845365584317
2024-05-17,65235.21,67451.2,65106.38,67024.0,26292.23409,2944.81,3120.06,2933.17,3091.75,149836.31802,18564.8,18604.5,18464.2,18551.9,0.0,,0.027420621471134998,0.09378062407051724,0.02799860175375515,-0.08277282766505174,0,0,0.03498478157078061,958848.5997369231,0.04989795606507719,0.035692750904462,0.02631280935024076,-0.3563641208517831,0,0,0.060447966362092626,3002854.221043453,-0.0001239611516529182,0.059339793407070296,0.009478609801203687,-0.003202321145528224,0,0,0.007562567715436115,0.0,0.4538858712399714,0.40999405651950027,2.953869059100737
2024-05-18,67024.0,67400.01,66600.0,66915.2,14441.25774,3091.75,3147.37,3083.58,3123.31,89054.98756,18564.8,18604.5,18464.2,18551.9,0.0,,-0.0016232991167343114,0.05427943371112809,0.027330141647741425,-0.0842617617237478,0,0,0.011955579599253903,8896184.707600342,0.010207811110212628,0.01922731767170638,0.02594375359238096,-0.34979400737368244,0,0,0.020423845215492526,8724191.636832573,0.0,0.06734210132670548,0.009317947073892555,-0.003202321145528224,0,0,0.007562567715436115,0.0,0.5171420218125982,0.4549173192619964,2.933061553193475
2024-05-19,66915.2,67700.0,65857.25,66274.01,18025.30409,3123.31,3136.98,3053.58,3071.21,83575.31229,18564.8,18604.5,18464.2,18551.9,0.0,,-0.009582127827459264,0.03848443409626823,0.027404528308986195,-0.09303648257940321,0,0,0.027805017381625167,1881135.9651230848,-0.016681021096208837,0.004855433079110183,0.026136975654053023,-0.36064010725356344,0,0,0.027155420827621717,5010200.61697472,0.0,0.08892462830679282,0.008354432359528171,-0.003202321145528224,0,0,0.007562567715436115,0.0,0.5917820769211926,0.49882454639163876,3.280234290889752
2024-05-20,66274.0,71515.56,66060.31,71446.62,50816.7011,3071.21,3695.06,3047.8,3662.7,307340.81509,18564.0,18720.8,18561.8,18671.8,0.0,,0.07804884599558704,0.10018433771544122,0.030650403279738468,-0.022249026684627044,0,1,0.07635420681902097,651088.3529525818,0.19259184490803283,0.16069476266078508,0.04348456736428355,-0.23750460594932518,0,1,0.17671662980861108,1595814.1907754226,0.006462949886534508,0.09596229360975284,0.00836100120556385,0.0,0,0,0.008515515376128708,0.0,0.5700032223542375,0.37037150116454887,3.665872766602932
2024-05-21,71446.62,71979.0,69162.94,70148.34,49607.4336,3662.7,3842.75,3625.48,3790.33,286155.79709,18681.3,18737.1,18607.0,18727.6,0.0,,-0.018171328468722492,0.08018321203120049,0.030903214280635097,-0.04001606078135382,0,0,0.04014435694415574,2729982.3667577947,0.0348458787233461,0.20425806369621013,0.04377084300689784,-0.2109347839211253,0,0,0.057322185667211034,8212038.997251371,0.002988463886716808,0.09923753734540885,0.008340659441489522,0.0,0,0,0.00694696597535181,0.0,0.5657660178796161,0.36574903021545385,3.7051239708543386
2024-05-22,70148.34,70666.0,68842.19,69166.62,27673.18026,3790.33,3813.52,3653.12,3738.0,202656.99492,18727.0,18821.1,18616.3,18746.8,0.0,,-0.013994914206095221,0.03512906147503436,0.030655546231226943,-0.05345095364994815,0,0,0.026368355140095,1977372.642571903,-0.013806185741083166,0.16789507065796427,0.04389207404423566,-0.2218287648561382,0,0,0.04291064740502945,14678699.23913599,0.001025224801896707,0.08925894506873666,0.008242619228273787,0.0,0,0,0.010924531119977772,0.0,0.5556183088981114,0.3659399456816329,3.7191465711053198
2024-05-23,69166.62,70096.12,66312.16,67969.65,40513.17374,3738.0,3949.65,3525.01,3782.52,408238.40218,18802.8,18955.0,18554.6,18619.2,0.0,,-0.017305602037514634,0.023423525160357617,0.030820661317360862,-0.06983155475507116,0,0,0.05567131800737524,2341042.5272551263,0.01191011235955064,0.1749766248450717,0.043905035830483656,-0.21256065801060456,0,0,0.1122637818174127,34276591.78099347,-0.0068064949751422965,0.062442581698040955,0.007893465469456781,-0.006806494975142347,0,0,0.02150468333763005,0.0,0.6184247124574458,0.3772426506544499,3.9045742824715335
2024-05-24,67969.66,69250.0,66600.12,68549.99,28095.83664,3782.52,3829.58,3627.85,3727.8,160815.79818,18616.6,18861.6,18615.4,18806.7,0.0,,0.008538222574340226,0.06626889361092525,0.030196713563283743,-0.061889569537941856,0,0,0.038656169023511225,3290591.6295177806,-0.01446654611211573,0.1870348964950661,0.04370094632402487,-0.22395218556198818,0,0,0.05411502763023768,11116384.36499181,0.010070250064449615,0.08218200650228735,0.007771796838586471,0.0,0,0,0.013091079243035571,0.0,0.5952763918215153,0.33497301390048223,3.8854174055586657
2024-05-25,68549.99,69610.0,68500.0,69290.57,12130.39418,3727.8,3779.99,3708.4,3749.5,74801.04986,18616.6,18861.6,18615.4,18806.7,0.0,,0.010803502670095222,0.07430005175327015,0.030234023949961535,-0.05175469099760082,0,0,0.01601949587079454,1122819.4523784535,0.005821127742904553,0.18800932790895164,0.04370016803823083,-0.21943471209954257,0,0,0.019093212428323694,12849902.057579001,0.0,0.06321020318171033,0.007234316997662926,0.0,0,0,0.013091079243035571,0.0,0.6343505056068968,0.36278322939913127,4.179244864066656
2024-05-26,69290.56,69562.23,68128.01,68507.67,11872.11797,3749.5,3884.63,3731.46,3826.15,93510.68948,18616.6,18861.6,18615.4,18806.7,0.0,,-0.011298795781301996,0.07429291605881816,0.030234129710106923,-0.06246872109459651,0,0,0.020935174119919728,1050740.9543800424,0.020442725696759645,0.22185391338781324,0.043682787304462525,-0.20347783003058134,0,0,0.04003240855690448,4574274.738327819,0.0,0.06176958775109265,0.007243168478803083,0.0,0,0,0.013091079243035571,0.0,0.6365911986320816,0.35838054792130747,4.174152245258913
2024-05-27,68507.67,70687.56,68250.0,69436.43,23136.92737,3826.15,3977.79,3823.28,3893.91,125692.24296,18816.4,18899.8,18778.0,18896.0,0.0,,0.01355702215532939,0.09414219348340525,0.030259963623921804,-0.049758588775161657,0,0,0.03510491538807508,1706636.6078437506,0.017709708192308105,0.1959880951284012,0.0433072455024924,-0.1893716548317189,0,0,0.039679910424226486,7097359.856047407,0.004748307783928096,0.0668111965493492,0.007249263370264923,0.0,0,0,0.006445808636748479,0.0,0.6372124773686937,0.3717565465783734,4.174206445026912
2024-05-28,69436.43,69591.81,67277.91,68398.39,32622.97042,3893.91,3931.28,3774.14,3844.51,158056.02973,18901.0,18927.4,18766.6,18897.7,0.0,,-0.014949501292044975,0.08364837507537382,0.03040590720868222,-0.06396422398002206,0,0,0.03382974365332275,2182209.8249699664,-0.012686477088581838,0.1780472259503718,0.04344762381515705,-0.19965567276005128,0,0,0.04087386949182089,12458612.744914584,8.996613039791157e-05,0.06690717342456787,0.007248347479981371,0.0,0,0,0.008508971991300683,0.0,0.6372386647974965,0.3740099383909632,4.194868601977446
2024-05-29,68398.4,68935.68,67124.65,67652.42,23159.83149,3844.51,3888.57,3744.08,3767.34,132807.89088,18898.3,18899.1,18689.0,18696.0,0.0,,-0.010906250863507161,0.05928694454013095,0.030464487600164205,-0.07417286497051356,0,0,0.026769626275009804,2123535.442609285,-0.020072779105789862,0.1710724277276967,0.043555799540569234,-0.21572080764931076,0,0,0.038353320910775306,6616314.7622416075,-0.010673256533863973,0.05041969593114071,0.007597260008501453,-0.010673256533863947,0,0,0.011237697903294744,0.0,0.628454342040607,0.3967260553721089,4.009925613552501
2024-05-30,67652.41,69500.0,67128.0,68352.17,28478.2184,3767.34,3825.67,3702.39,3748.0,123326.28928,18707.6,18738.1,18500.3,18547.0,0.0,,0.01034331070492378,0.1265850804324895,0.028835989894841367,-0.06459674725385416,0,0,0.034702629046012734,2753295.504648075,-0.005133595587337503,0.2433445570502082,0.041629597844360114,-0.2197469798504029,0,0,0.032892209178228445,24023327.69470941,-0.00796961916987593,0.06601756483354793,0.006368842497522724,-0.018557813913862572,0,0,0.01282148056289423,0.0,0.5345623791548033,0.2885747419522219,4.527658617632866
2024-05-31,68352.17,69044.1,66670.0,67540.01,26690.32184,3748.0,3851.86,3723.23,3762.62,112154.87557,18531.8,18620.7,18194.1,18524.8,0.0,,-0.011881992919902995,0.1572011430829141,0.02789005493458427,-0.07571120208023806,0,0,0.035151016412345894,2246281.3735967255,0.003900747065101351,0.2659163933047355,0.04143035197937244,-0.21670341017201786,0,0,0.03418628508858192,28752079.07034476,-0.0011969590769397298,0.06664209956585321,0.006357268797622367,-0.019732560046989922,0,0,0.02302858870271216,0.0,0.5317467410061442,0.28090579060481685,4.387105839217748
2024-06-01,67540.01,67900.0,67428.44,67766.85,8837.66133,3762.62,3833.27,3752.9,3815.79,47566.57894,18531.8,18620.7,18194.1,18524.8,0.0,,0.0033586018124664996,0.14741195527780704,0.02786319187565416,-0.07260688404830219,0,0,0.006958564548890758,2631343.4905446228,0.014131110768560218,0.27759400006696366,0.04143565097559695,-0.20563455929652316,0,0,0.021062479853451027,3366086.789508518,0.0,0.05029567347216468,0.005840840064456566,-0.019732560046989922,0,0,0.02302858870271216,0.0,0.5603092822137058,0.31193150466878294,4.770400124668592
2024-06-02,67766.84,68460.0,67257.47,67765.63,15426.32529,3815.79,3838.42,3752.16,3781.32,73599.55823,18531.8,18620.7,18194.1,18524.8,0.0,,-1.8002902599123516e-05,0.07766322991265717,0.02548168577977744,-0.07262357981623979,0,0,0.017745426405686757,856404191.6681781,-0.00903351599537705,0.2187113242574259,0.0411662191519001,-0.21281047221129276,0,0,0.022812139676092004,8147378.805093926,0.0,0.033594268720672504,0.0051627988331384884,-0.019732560046989922,0,0,0.02302858870271216,0.0,0.45901457315506194,0.28552864073031403,4.935624502735469
2024-06-03,67765.62,70288.0,67612.48,68809.9,29633.374,3781.32,3850.69,3757.1,3767.2,115406.14852,18540.5,18716.5,18397.5,18623.5,0.0,,0.015410024226145236,0.07697140363650923,0.025470256516920736,-0.05833268671445227,0,0,0.038882777042257066,1922992.094963872,-0.0037341457480457585,0.20853597505421595,0.04121374769865585,-0.21574995263939112,0,0,0.024843385007432616,30905553.03709464,0.005327992744861065,0.03910125148554622,0.0052145072820881985,-0.014509702238896836,0,0,0.017128896286949285,0.0,0.47232684803804215,0.2746196532575383,4.884489807793091
2024-06-04,68809.89,71063.45,68567.32,70537.84,29619.78489,3767.2,3832.4,3730.0,3810.5,119414.59153,18623.4,18714.9,18474.6,18667.1,0.0,,0.025111793506457758,0.10194713491220386,0.025793066636790048,-0.0346857315914448,0,0,0.03538710570099666,1179516.4326760906,0.011493947759609213,0.2148543481934202,0.04122117464586602,-0.20673582356455714,0,0,0.026873113764597847,10389336.208423654,0.0023411281445484544,0.0415339206704346,0.005212015357926672,-0.012202543166628858,0,0,0.012872915450177207,0.0,0.4718811636881031,0.2751996583599625,4.9487607725397655
2024-06-05,70537.83,71758.0,70383.66,71108.0,28703.18082,3810.5,3887.34,3777.82,3866.53,122091.65944,18671.8,19054.8,18660.4,19052.0,0.0,,0.00808303741651284,0.12574663354926985,0.02560769860329351,-0.026883060241204626,0,0,0.019327501828204936,3551034.571610002,0.014704107072562644,0.2623672835072415,0.040826581831802815,-0.19507158217742213,0,0,0.02832513907819155,8303229.553838269,0.02061916419797405,0.053184373600738466,0.0061327640536543255,0.0,0,0,0.020701238715095414,0.0,0.4506445866825216,0.2875920972103972,4.175549005924113
2024-06-06,71108.0,71700.0,70117.64,70799.06,21842.00449,3866.53,3878.37,3758.27,3813.56,109391.72783999999,19053.7,19089.6,18984.3,19035.4,0.0,,-0.004344658828823844,0.13620119886866222,0.025442562018116538,-0.03111092134500567,0,0,0.022350014251601654,5027311.712481639,-0.013699622141817192,0.2684805747738157,0.040727327412045794,-0.20609879735280215,0,0,0.03149288329015406,7985012.057812065,-0.0008712996010916685,0.05155755409593388,0.0061485573825698836,-0.0008712996010916725,0,0,0.005531798648833188,0.0,0.4532762375417928,0.291617209350276,4.137965876448189
2024-06-07,70799.06,71997.02,68420.0,69355.6,35598.45045,3813.56,3842.1,3571.54,3678.6,202088.22765,19026.3,19121.9,18907.0,18997.5,0.0,,-0.020388123797123736,0.13339051849532546,0.025520485714082906,-0.05086475182630486,0,0,0.051575071082940724,1746037.7101813045,-0.03538950481964365,0.23691997310020163,0.041375840591446236,-0.234194567790206,0,0,0.07354972000217473,5710398.367423419,-0.0019910272439770393,0.05145618171553812,0.006150519487572816,-0.0028605920638253204,0,0,0.011312014738781495,0.0,0.4541899201541183,0.2994921581891581,4.149315236297495
2024-06-08,69355.6,69582.2,69168.02,69310.46,9773.82967,3678.6,3709.78,3661.33,3681.27,82307.84446,19026.3,19121.9,18907.0,18997.5,0.0,,-0.0006508486697541782,0.09887511512269476,0.025046244732578667,-0.051482495239995464,0,0,0.005975721413477749,15016823.350745963,0.0007258196052846166,0.2124516668752594,0.04132050840341251,-0.23363873119367465,0,0,0.013161218818505644,113398301.55829059,0.0,0.04796447484554278,0.0061499709425312955,-0.0028605920638253204,0,0,0.011312014738781495,0.0,0.45436196387356925,0.2983541258361582,4.072572739106698
2024-06-09,69310.46,69857.14,69130.24,69648.14,9890.56709,3681.27,3722.46,3666.59,3706.52,71286.87011,19026.3,19121.9,18907.0,18997.5,0.0,,0.004871991904252138,0.14552880683039593,0.023909588805990565,-0.046861325635763264,0,0,0.010436746767393848,2030082.7635900162,0.006859045927084972,0.2736875745256986,0.040283303066740876,-0.22838222405419298,0,0,0.015073438157624913,10393102.326007158,0.0,0.04686148199987894,0.006156092218509794,-0.0028605920638253204,0,0,0.011312014738781495,0.0,0.4704160515359079,0.3024681824478622,3.8838843081748493
2024-06-10,69648.15,70195.94,69172.29,69540.0,17122.66941,3706.52,3713.84,3643.42,3667.86,120324.33227,18996.9,19103.6,18949.0,19081.7,0.0,,-0.0015526617078359672,0.14326129340434912,0.023924825395278067,-0.04834122755770616,0,0,0.014720304860512061,11027874.935561672,-0.010430268823586553,0.25940296252549455,0.04041228788521058,-0.23643040488636569,0,0,0.01919920607656783,11536060.953414217,0.004432162126595696,0.05150134181219057,0.006170877918436664,0.0,0,0,0.008102003490254984,0.0,0.4631898063672478,0.29161425752788017,3.877047470559017
2024-06-11,69540.0,69590.01,66051.0,67314.24,41436.01588,3667.86,3672.91,3431.14,3497.51,234993.02455,19079.8,19233.5,18972.0,19224.4,0.0,,-0.032006902502156986,0.09482549847529431,0.024810926181586403,-0.07880087710258904,0,0,0.05257446269912569,1294595.8432325383,-0.04644397550615342,0.19385647821026142,0.0416372002548001,-0.2718936124590668,0,0,0.06912632129715139,5059708.420563206,0.007478369327680534,0.05936485719481377,0.0062506339623656084,0.0,0,0,0.013602505149705582,0.0,0.39834424454332396,0.23851885135485426,3.9693392122427817
2024-06-12,67314.23,69999.0,66905.0,68263.99,37175.32356,3497.51,3657.02,3461.52,3560.37,176044.69912,19224.5,19591.1,19213.2,19588.1,0.0,,0.014109198885703833,0.08458695953357553,0.024600589443782513,-0.06580349546429354,0,0,0.04532404273468339,2634826.931910259,0.017972786353720016,0.20657378821408368,0.04168811373409395,-0.25880751191301465,0,0,0.054910023396444754,9795064.47718483,0.01891866586213342,0.07614506018536327,0.006976857656598579,0.0,0,0,0.01929232544248793,0.0,0.393317580275489,0.235381785672612,3.526022085357428
2024-06-13,68263.98,68449.3,66251.78,66773.01,29079.55571,3560.37,3561.92,3427.48,3469.06,161313.49042,19578.2,19665.9,19481.6,19589.3,0.0,,-0.021841383722223218,0.08437368915166887,0.024607258995917414,-0.08620763979181757,0,0,0.03291030312996231,1331396.5253239349,-0.025646210927515956,0.20361111785747732,0.0417504796452908,-0.27781629080038384,0,0,0.038754014055680804,6289951.680441384,6.126168439002377e-05,0.06883569678683088,0.006938821087649753,0.0,0,0,0.009408197332217226,0.0,0.42948823836503003,0.261608702209466,3.546311862197545
2024-06-14,66773.01,67370.24,65078.0,66043.99,28408.18797,3469.06,3532.3,3361.9,3481.89,173458.0759,19581.1,19680.8,19480.5,19678.4,0.0,,-0.010917884336799966,-0.0024545928269882333,0.02059088306133207,-0.096184319088422,0,0,0.03470777583244145,2601984.1458116216,0.0036984082143289854,0.14829350016324616,0.04087443678749456,-0.27514536063802547,0,0,0.048938938335214524,46900611.51763795,0.0045484014232259895,0.05732477231819044,0.00649213932499027,0.0,0,0,0.0101786730628506,0.0,0.28567907235685897,0.2047753395146002,3.1716588806840065
2024-06-15,66043.99,66478.48,65857.1,66228.25,11451.80242,3481.89,3594.37,3473.14,3569.33,113921.60924,19581.1,19680.8,19480.5,19678.4,0.0,,0.0027899586321176173,0.015222454254381956,0.020404369238231173,-0.0936627107276194,0,0,0.009382401014672592,4104634.8292840677,0.0251127979344552,0.212074802788635,0.04050323919857483,-0.25694223254787585,0,0,0.03396435745644141,4536394.716884591,0.0,0.06059005508186832,0.006435133760861716,0.0,0,0,0.0101786730628506,0.0,0.26979562567227866,0.18040633620173235,3.17077131397277
2024-06-16,66228.25,66998.7,66034.5,66676.87,9392.52223,3569.33,3655.1,3541.09,3624.26,99289.59462,19581.1,19680.8,19480.5,19678.4,0.0,,0.006773846508098869,-0.0051791895440439495,0.019811627469798112,-0.08752332104552193,0,0,0.0144607867765838,1386584.1738410369,0.015389442836610812,0.17223578879275503,0.03973028040056094,-0.24550698751137165,0,0,0.031457456142771144,6451794.984146191,0.0,0.06072154334596447,0.006433774099607209,0.0,0,0,0.0101786730628506,0.0,0.2899197665909761,0.19391866937219773,3.0793118269243194
2024-06-17,66676.86,67298.81,65130.0,66504.33,27386.16851,3624.26,3638.24,3464.93,3511.03,229501.825,19685.4,20001.9,19634.5,19918.3,0.0,,-0.002587703951910103,-0.0061401594854382235,0.019815154848493784,-0.08988454055367821,0,0,0.032611560781079935,10583151.391128486,-0.031242239795158167,0.12413753357815915,0.040295965405028986,-0.26907903913131265,0,0,0.04936158335303314,7345880.226447954,0.0121910317912024,0.07365283340250861,0.006684091353363554,0.0,0,0,0.01844534925169324,0.0,0.27136165045176686,0.13859406916799655,2.964520404604945
2024-06-18,66504.33,66588.23,64060.0,65175.32,42350.10244,3511.03,3517.11,3350.0,3483.78,272360.99505,19920.9,19993.1,19861.4,19944.4,0.0,,-0.019983811580388866,-0.016577991885506793,0.02007750837906699,-0.10807211641165254,0,0,0.038791217288998286,2119219.4030375197,-0.0077612552441875815,0.134334675909495,0.0401660111530009,-0.27475190327194143,0,0,0.04796801175734407,35092344.67330844,0.0013103527911519919,0.0750596973894857,0.006672184339892299,0.0,0,0,0.006603357333386669,0.0,0.2680845544752553,0.13440497819633426,3.009131232737906
2024-06-19,65175.32,65727.54,64666.0,64974.37,20060.79576,3483.78,3589.0,3465.97,3560.53,179381.02419999999,19944.4,19989.9,19941.5,19969.0,0.0,,-0.0030832222994838787,-0.0905886100700074,0.013555825533377247,-0.11082212835186359,0,0,0.016337826746146113,6506417.230825618,0.022030667837808382,-0.027894722472492917,0.019378402093971545,-0.25877420335292284,0,0,0.03455384451191261,8142328.870705544,0.0012334289324320569,0.06947375186109528,0.006631560527859558,0.0,0,0,0.00242375682307584,0.0,0.27421964044719427,0.06404842021399731,2.0441350169508943
2024-06-20,64974.37,66482.94,64559.15,64869.99,24265.29031,3560.53,3626.13,3485.14,3512.58,179397.83126,19973.0,20111.7,19699.7,19793.5,0.0,,-0.0016064796011104887,-0.0752455439430213,0.013253540317032643,-0.11225057446442516,0,0,0.02965608596517436,15104542.409254674,-0.013467096190735717,-0.07327857996533282,0.018294567945972753,-0.2687563624554237,0,0,0.040138587590887675,13321186.357274828,-0.008788622364665266,0.0569159956427947,0.0069290184830780015,-0.008788622364665231,0,0,0.020814913986914898,0.0,0.26891373033094135,0.09093993111602332,1.9127559295506282
2024-06-21,64869.99,65066.66,63379.35,64143.56,25993.56442,3512.58,3548.03,3446.09,3518.71,200522.58686,19788.2,19828.5,19657.5,19752.6,0.0,,-0.011198244365383747,-0.07262260321525038,0.013179667243627829,-0.12219180946680157,0,0,0.026305212869382446,2321215.7513006483,0.0017451559822125873,-0.0586650615302301,0.01817932059963388,-0.267480228246908,0,0,0.028970844428782155,114901727.91803443,-0.0020663349079244053,0.05365182324450046,0.006964911537906182,-0.01083679703540495,0,0,0.008657088180796453,0.0,0.27832787536508435,0.08443861571820045,1.8922922780821367
2024-06-22,64143.56,64546.81,63943.82,64262.01,7308.95542,3518.71,3521.57,3475.58,3495.87,70888.98515,19788.2,19828.5,19657.5,19752.6,0.0,,0.0018466390078755168,-0.054548463909995015,0.01289482708035987,-0.12057081462073033,0,0,0.0093833043815467,3957955.94551485,-0.006491015173174297,-0.07578281145902732,0.01800860122262122,-0.2722350252000075,0,0,0.013155523517751015,10921076.911389215,0.0,0.06087264758958488,0.006784527030145844,-0.01083679703540495,0,0,0.008657088180796453,0.0,0.23706865747547554,0.12429666561198419,1.9006200457104256
2024-06-23,64262.01,64521.0,63178.32,63210.01,8224.45447,3495.87,3521.35,3403.02,3420.76,122154.85205,19788.2,19828.5,19657.5,19752.6,0.0,,-0.016370480786393027,-0.07789906315084805,0.013008473581808445,-0.134967493202975,0,0,0.021241572339570903,502395.1069833579,-0.021485352716204997,-0.08236493374108056,0.018214309859127333,-0.2878713123780854,0,0,0.03459172815397746,5685491.730510401,0.0,0.05029590518272742,0.006618234576396324,-0.01083679703540495,0,0,0.008657088180796453,0.0,0.2157972628041425,0.16388078861485966,1.9655474244941915
2024-06-24,63210.01,63369.8,58402.0,60293.3,52161.35414,3420.76,3435.54,3221.86,3352.78,295310.55673999997,19766.9,19778.6,19477.1,19501.5,0.0,,-0.04614316624851034,-0.12984840505713846,0.014986939787079637,-0.17488283197447574,0,0,0.08239389782944379,1130424.005904534,-0.019872776809831683,-0.10580610748099739,0.018402956444065383,-0.3020232868470741,0,0,0.0637321864244,14860047.539678767,-0.012712250539169467,0.03694428049578069,0.00711627785199361,-0.02341128749561821,0,0,0.015460349203907391,0.0,0.375824405947356,0.21668322819493688,2.1060052795476905
2024-06-25,60293.3,62420.0,60257.06,61806.01,31189.24361,3352.78,3429.69,3336.41,3394.2,135388.44603,19502.9,19732.5,19479.0,19722.2,0.0,,0.025089189014368074,-0.09782349917899702,0.015865767095166673,-0.15418131138688324,0,0,0.034995625829915285,1243134.2902632544,0.012353927188780478,-0.11289416253936735,0.018095917756167573,-0.29340053335331845,0,0,0.02748217547581174,10959133.429377982,0.011317078173473938,0.04867945997968803,0.007344876722912126,-0.012359156692873918,0,0,0.012853535609617588,0.0,0.42574661970386546,0.2635959269731758,2.1601105222867423
2024-06-26,61806.01,62487.81,60712.0,60864.99,22485.66463,3394.2,3426.62,3324.0,3371.34,144036.90504,19727.6,19825.0,19655.7,19708.0,0.0,,-0.015225380185519222,-0.12344298230770212,0.015680241574139678,-0.16705922248903526,0,0,0.029176214437889463,1476853.095783777,-0.006735018561074724,-0.13420186907247467,0.017637334543787925,-0.2981594938764293,0,0,0.030438935260163582,21386235.22288608,-0.0007200008112685508,0.04297205757832345,0.007332191343182239,-0.01307025890129701,0,0,0.008590420133955718,0.0,0.42243171602593965,0.253526569286634,2.138544870800604
2024-06-27,60864.98,62389.22,60606.63,61706.47,18344.28631,3371.34,3477.37,3361.4,3450.39,128572.36927,19706.5,19874.5,19632.7,19826.0,0.0,,0.013825353458531753,-0.09783739061694285,0.01588273482687831,-0.15554352182992187,0,0,0.028888218690843986,1326857.4359742838,0.0234476498958871,-0.1025150149173758,0.018290619312682815,-0.2817029834060917,0,0,0.03361069328394756,5483377.438980704,0.0059874162776536455,0.04912237997216584,0.007373982445692544,-0.00716109970454204,0,0,0.012196106123272434,0.0,0.43307657698999513,0.27124665042364915,2.15388542147966
2024-06-28,61706.46,62225.31,60063.0,60427.84,24821.19255,3450.39,3487.72,3365.28,3380.43,134681.96183,19829.1,20033.2,19666.9,19726.2,0.0,,-0.020721165868020086,-0.10678967581647492,0.016143693026525335,-0.17304164458240814,0,0,0.0357833409236537,1197866.0240178574,-0.020275968803526556,-0.10270111006705007,0.018297028911425487,-0.296267151306216,0,0,0.03622024417012025,6642439.466674479,-0.0050337940078684085,0.05510269576379989,0.007117038854883366,-0.012158846211627987,0,0,0.018569212519390418,0.0,0.4487610509279008,0.2564645575208537,2.268312801512994
2024-06-29,60427.84,61224.0,60383.77,60986.68,11509.55904,3380.43,3408.14,3371.22,3378.81,50439.88505,19829.1,20033.2,19666.9,19726.2,0.0,,0.009248055201046546,-0.10775795413664258,0.01611221013708845,-0.16539388806253966,0,0,0.013777270708948302,1244536.9696028458,-0.0004792289738287936,-0.09850320170757743,0.018301927638690884,-0.2966044004771451,0,0,0.010926923976192823,105249964.64085466,0.0,0.06357901547420064,0.006884192502698579,-0.012158846211627987,0,0,0.018569212519390418,0.0,0.5001752964036388,0.25873059009407,2.340461386888682
2024-06-30,60986.68,63058.76,60712.21,62772.01,17326.30136,3378.81,3460.0,3352.02,3438.07,78794.94391,19829.1,20033.2,19666.9,19726.2,0.0,,0.029274097229099905,-0.07059519239040668,0.01710983770100249,-0.1409615475936814,0,0,0.0373821070888124,591864.3811886022,0.017538719253228363,-0.08625638517841283,0.018652644906871584,-0.28426774253315756,0,0,0.031407155758899616,4492625.592900134,0.0,0.06485360165831766,0.0068679976808661,-0.012158846211627987,0,0,0.018569212519390418,0.0,0.4436400874377478,0.24899995313609755,2.491237414988568
2024-07-01,62772.01,63861.76,62497.2,62899.99,24547.10538,3438.07,3524.62,3423.63,3441.89,134404.74448999998,19740.8,19856.8,19590.5,19825.4,0.0,,0.002038806786655245,-0.07181771028164963,0.01709649146388685,-0.13921013416691752,0,0,0.02169412109604477,12039878.002118299,0.001111088488599643,-0.09798757269136926,0.018394005138490148,-0.28347250066096674,0,0,0.029341437407935694,120965644.24220851,0.005028844886496131,0.07020858524788398,0.00687584987227617,-0.007191146276728857,0,0,0.01343226366176719,0.0,0.45075775304181936,0.26573899606932344,2.486451408473405
2024-07-02,62900.0,63288.83,61806.28,62135.47,18573.11875,3441.89,3464.09,3401.71,3421.77,97629.50819,19827.2,20045.0,19695.8,20026.4,0.0,,-0.01215453293394797,-0.08308282532015132,0.017183050909412773,-0.14967263294039435,0,0,0.02385996275557267,1528080.3935559578,-0.005845625513889119,-0.09508584303893886,0.018368732635665627,-0.28766105209250614,0,0,0.01823033108595847,16701265.06485636,0.010138509185186662,0.08105890481948541,0.007007459613833257,0.0,0,0,0.017436983182199533,0.0,0.4206883422075631,0.251860767920481,2.4521049474823515
2024-07-03,62135.46,62285.94,59400.0,60208.58,32160.11127,3421.77,3432.25,3250.17,3295.64,194363.01118,20023.4,20222.4,19992.4,20206.3,0.0,,-0.031011111688702075,-0.12500119895538275,0.01757755001526237,-0.17604222989223978,0,0,0.04793237110059733,1037050.8875116414,-0.036861039754279235,-0.12517519643236352,0.019372675201982728,-0.31391860636984575,0,0,0.05524875289776794,5272856.103546975,0.00898314225222685,0.08498939511906989,0.007087396697069047,0.0,0,0,0.011382588598605387,0.0,0.3448439938586,0.1837047573600103,2.4801102528138332
2024-07-04,60208.57,60498.19,56771.0,57050.01,54568.77276,3295.64,3313.48,3050.27,3059.88,236936.14116,20201.3,20207.8,20160.4,20172.1,0.0,,-0.05246046327616427,-0.19121410579059406,0.0187684167091376,-0.21926743623208816,1,0,0.0653319780312046,1040188.3428069195,-0.0715369397142891,-0.19698727201154698,0.022690664735859716,-0.36299876966506156,1,0,0.08601971319136699,3312080.5696398513,-0.0016925414350970058,0.0806231283916623,0.007133470976559394,-0.0016925414350970108,0,0,0.002349780141879022,0.0,0.3763406571489763,0.21843575707647436,2.6310319983764705
2024-07-05,57050.02,57546.0,53485.93,56628.79,81348.24756,3059.88,3109.16,2807.21,2981.57,309666.09618,20157.8,20430.7,20152.2,20382.2,0.0,,-0.007383346646214428,-0.20362279912246162,0.018554526224758536,-0.2250318553883744,0,0,0.07169621671238251,11017786.551284723,-0.025592506895695255,-0.22887705513729362,0.022551850003679208,-0.3793012280449748,0,0,0.10127214856602387,12099868.779693443,0.010415375692168993,0.06981944152844854,0.006456427176205543,0.0,0,0,0.013663883192197112,0.0,0.3404075616379698,0.11258894789424038,2.8738026435290207
2024-07-06,56628.79,58475.0,56018.0,58230.13,21651.31558,2981.57,3081.95,2954.28,3067.32,98302.14181,20157.8,20430.7,20152.2,20382.2,0.0,,0.02827784241902398,-0.17752961691864266,0.01966217235056601,-0.2031174283152835,0,0,0.04219465077615317,765663.3629445648,0.028760015696428498,-0.19568067632343522,0.023517867734775558,-0.3614499216207945,0,0,0.041622654304082914,3418013.003451782,0.0,0.07075238765668179,0.00644374590193875,0.0,0,0,0.013663883192197112,0.0,0.3021532536525741,0.08488717951352706,3.051352759133877
2024-07-07,58230.13,58449.46,55724.37,55857.81,19118.93918,3067.32,3073.11,2922.14,2931.07,99237.95677,20157.8,20430.7,20152.2,20382.2,0.0,,-0.040740420809639244,-0.19461716141162366,0.020498189321218954,-0.2355827596215864,0,0,0.04878619480427172,469286.6226509424,-0.04441988445939782,-0.20321046050127756,0.023948144122987566,-0.3898142423239382,0,0,0.05150678762363241,2234088.0809770687,0.0,0.07288853796552175,0.00640816742543386,0.0,0,0,0.013663883192197112,0.0,0.2967280787161939,0.07591054941515578,3.1987549595400195
2024-07-08,55857.81,58236.73,54260.16,56714.62,48090.2049,2931.07,3096.69,2822.22,3019.08,238995.76813,20387.2,20488.4,20380.3,20484.8,0.0,,0.015339126256471713,-0.18173072289521675,0.020872982245100362,-0.22385726705879824,0,0,0.07011543055388539,3135131.215729981,0.030026577325004133,-0.17988085633490614,0.024865064935554394,-0.3714924524884617,0,0,0.09091180094598363,7959471.569084386,0.005033804005455611,0.07828924858534014,0.006409936574255735,0.0,0,0,0.005277083496055718,0.0,0.3098307093225169,0.09762719599250094,3.25634262365501
2024-07-09,56714.61,58296.0,56289.45,58050.0,27732.20788,3019.08,3115.36,3003.99,3066.57,189360.51682,20483.5,20575.3,20419.7,20491.4,0.0,,0.023545604290392763,-0.16652476290106244,0.021491530699351613,-0.2055825173961007,0,0,0.03456589147286827,1177807.7878102113,0.015729957470487888,-0.1726552129760529,0.02507859070279634,-0.3616060554962246,0,0,0.03631744913698377,12038201.42509975,0.0003221901116927661,0.0786366627187789,0.006405810549045601,0.0,0,0,0.007593429438691282,0.0,0.2916186899457312,0.09353250054591017,3.355000430437225
2024-07-10,58050.0,59470.0,57157.79,57725.85,24951.73799,3066.57,3152.0,3023.74,3100.79,201780.31842,20493.6,20720.9,20491.1,20701.1,0.0,,-0.005583979328165345,-0.16988999137187233,0.02147647685714135,-0.21001852819689407,0,0,0.04005501867880679,4468442.993639828,0.011159047404755151,-0.15460513760067185,0.025255882579659827,-0.3544821872065984,0,0,0.04136365248855944,18082200.95131121,0.010233561396488122,0.08486665234229651,0.006550636881056048,0.0,0,0,0.011100859374622745,0.0,0.2840453721774988,0.11917372043021597,3.2785276396518364
2024-07-11,57725.85,59650.0,57050.0,57339.89,29761.05735,3100.79,3216.55,3053.06,3099.44,194970.30862999998,20702.7,20790.8,20187.1,20242.0,0.0,,-0.0066860860429079905,-0.14817592830283766,0.020907639171808386,-0.21530041228967273,0,0,0.04534365168820519,4451186.03726428,-0.00043537292109430137,-0.11381525714007967,0.02403688581576344,-0.35476322818237266,0,0,0.05274823839145144,447813405.5877919,-0.02217756544338212,0.05293273132061338,0.007907891362604802,-0.022177565443382168,0,0,0.02982412805058792,0.0,0.276419410862614,0.1255224725561943,2.6438922557478093
2024-07-12,57339.89,58526.68,56542.47,57889.1,23652.4569,3099.44,3157.86,3045.45,3134.23,180702.47915,20231.9,20553.1,20135.9,20352.7,0.0,,0.009578148824491928,-0.15198188678979951,0.020779929654038364,-0.2077844428560657,0,0,0.03427605542321437,2469415.817110826,0.011224608316340978,-0.11968980752000491,0.023857637319852097,-0.3475206981474195,0,0,0.03586526834342097,16098763.811588181,0.005468827190989067,0.0390339032371696,0.00725537358622509,-0.016830023525319808,0,0,0.02049850879735844,0.0,0.2396666663789815,0.07407381139057762,2.8640704391550953
2024-07-13,57889.09,59850.0,57756.63,59204.02,15357.74519,3134.23,3202.35,3113.21,3175.67,104661.29662,20231.9,20553.1,20135.9,20352.7,0.0,,0.02271446610847283,-0.11335403331375948,0.02114369693928646,-0.18978968943271485,0,0,0.0353585786911092,676121.4793887029,0.01322174824438549,-0.08457334263460414,0.023694195998484498,-0.3388937810836523,0,0,0.028069667188341318,7915838.02134966,0.0,0.038970254169367946,0.007255743665521387,-0.016830023525319808,0,0,0.02049850879735844,0.0,0.22273324901175176,0.06470725519379117,2.9140593677758364
2024-07-14,59204.01,61420.69,59194.01,60797.91,21178.33907,3175.67,3268.89,3163.2,3245.26,120777.22449000001,20231.9,20553.1,20135.9,20352.7,0.0,,0.026921989418961845,-0.07943311722989477,0.021821256179191572,-0.1679772160244886,0,0,0.03662428527559582,786655.5057973725,0.02191348597303877,-0.06796021700857857,0.024092912108920637,-0.3244066392287402,0,0,0.032567498443884325,5511545.24310489,0.0,0.03426599723554746,0.007233025983359155,-0.016830023525319808,0,0,0.02049850879735844,0.0,0.21408474159247814,0.05396738629668167,3.016887546169427
2024-07-15,60797.91,64900.0,60632.3,64724.14,38690.9782,3245.26,3494.63,3233.11,3483.22,168592.69054,20411.6,20618.1,20328.5,20447.7,0.0,,0.06457837119729937,-0.022711003235024285,0.02502130121189742,-0.11424653983630763,0,1,0.0659367586807642,599132.054453202,0.07332540381972463,-0.0241249758358012,0.027354944077532143,-0.27486848323226265,0,1,0.07507995475450875,2299239.5372564318,0.004667685368526131,0.03909362549800788,0.0072576172133689875,-0.012240895411354848,0,0,0.014162962093536121,0.0,0.23023878256358968,0.09756062998172173,3.4475869972773845
2024-07-16,64724.06,65388.97,62373.24,65043.99,42530.52915,3483.22,3498.91,3346.19,3444.53,217351.69494000002,20453.0,20508.7,20289.7,20413.4,0.0,,0.0049417419837483045,-0.024489451889388336,0.02500525982899667,-0.10986937477496643,0,0,0.04636446810842944,8606366.58615569,-0.011107538427087449,-0.04959081302114088,0.027253437674360424,-0.28292290941945253,0,0,0.044336963243171,19567926.835228086,-0.0016774502755810827,0.03735059760956183,0.007274457695275043,-0.013897812193554793,0,0,0.010728247131785983,0.0,0.2285681877839793,0.1065616599449252,3.437400628672561
2024-07-17,65044.0,66128.63,63854.0,64087.99,29567.52954,3444.53,3517.52,3376.04,3387.44,155038.50591,20410.2,20424.3,19794.2,19844.6,0.0,,-0.014697745325894074,-0.03633357406953808,0.02513712405534519,-0.12295228801130283,0,0,0.03549229738676474,2011703.7523348068,-0.016574104449663674,-0.03520049672033565,0.0268266035261619,-0.29480782001719547,0,0,0.041766053420872404,9354255.78125811,-0.02786405008474835,-0.0037001149696510582,0.008727594149082819,-0.04137461294327355,0,0,0.03175171079286045,0.0,0.25537785652056544,0.20666111847870222,2.8801860884108548
2024-07-18,64087.99,65133.3,63238.48,63987.92,22568.7225,3387.44,3489.98,3367.37,3426.8,141401.42639,19862.6,19992.7,19589.8,19765.1,0.0,,-0.001561447004345129,-0.01821855266686845,0.024879244676721486,-0.12432175153385532,0,0,0.029612151793651047,14453630.447202269,0.011619393996646465,-0.016355797438414643,0.02688759662127327,-0.28661391423462124,0,0,0.03577973619703517,12169421.6356373,-0.004006127611541732,-0.00898999217825569,0.008752196040723114,-0.04521498857548633,0,0,0.020384414953630463,0.0,0.2624251102375099,0.2003723841803351,2.8426255690235034
2024-07-19,63987.92,67386.0,63300.67,66660.0,35634.72739,3426.8,3541.69,3376.89,3504.12,159942.81162,19786.7,19812.4,19488.8,19536.1,0.0,,0.041759132036171875,0.02594299875473971,0.026027666488357127,-0.08775418793495388,0,0,0.06128607860786081,853339.5479996478,0.022563324384265115,-0.015843146947224218,0.026902953692191416,-0.2705175525702758,0,0,0.047030352841797705,7088615.933092697,-0.011586078491887197,-0.021678601832840982,0.008986399330302819,-0.05627720266072818,0,0,0.016564206776173453,0.0,0.1775149319918179,0.15356475498829356,2.8963366269762454
2024-07-20,66660.01,67598.0,66222.46,67139.96,14386.92434,3504.12,3539.72,3479.71,3517.4,81737.74057,19786.7,19812.4,19488.8,19536.1,0.0,,0.007200120012001321,0.03499260598005338,0.02604479904993653,-0.08118590860763997,0,0,0.02048764997774788,1998147.8551108919,0.003789824549387699,0.0013722107396842986,0.026793353372818095,-0.2677529420826593,0,0,0.017060897253653198,21567627.69055601,0.0,-0.013004269078232822,0.008855616173824417,-0.05627720266072818,0,0,0.016564206776173453,0.0,0.1768792197555117,0.14049894141318678,2.941045448250753
2024-07-21,67139.97,68366.66,65777.0,68165.34,21819.11191,3517.4,3547.43,3410.01,3535.96,131709.3637,19786.7,19812.4,19488.8,19536.1,0.0,,0.015272276003738927,0.06269966930429183,0.02604904411054658,-0.06715352620777126,0,0,0.03799086163143914,1428673.6055531106,0.005276624779666728,0.004902364787095381,0.026807248783402352,-0.26388914911201455,0,0,0.038863561804997684,24960864.11125819,0.0,-0.010960582404341723,0.008850226767998912,-0.05627720266072818,0,0,0.016564206776173453,0.0,0.1743443251621948,0.14108636887391568,2.9433160709028594
2024-07-22,68165.35,68474.55,66559.97,67532.01,21451.04303,3535.96,3563.1,3422.4,3439.52,158335.92393,19583.5,19887.2,19562.6,19824.2,0.0,,-0.009291085469536275,0.05088542982082256,0.026135793892231616,-0.07582068252573042,0,0,0.028350703614478556,2308774.363618786,-0.02727406418624645,-0.016119020444124055,0.027259189610516293,-0.28396588370732595,0,0,0.04090687072614778,5805363.835588757,0.01474705801055487,0.003624839261666901,0.00926878774463252,-0.042360067822482764,0,0,0.016373926816719068,0.0,0.14172477921278576,0.07701916793430172,2.8197609455192425
2024-07-23,67532.0,67750.98,65441.08,65936.01,31406.15316,3439.52,3541.35,3389.0,3482.68,245420.86348,19826.1,19933.4,19714.5,19795.4,0.0,,-0.023633237038257815,0.04312608082169245,0.026344492105677596,-0.0976620314014552,0,0,0.03503245040153316,1328897.087613873,0.012548262548262468,0.018101240659970097,0.027049378459598566,-0.2749808996225724,0,0,0.043745046917890794,19558139.380227514,-0.001452769846954749,0.0021668033575328316,0.009273459660496074,-0.043751298240189994,0,0,0.011058124614809574,0.0,0.14590138156141824,0.07450179533259484,2.8408452359425014
2024-07-24,65936.0,67102.01,65111.0,65376.0,23082.56277,3482.68,3488.47,3293.1,3335.56,150217.07858,19669.0,19706.6,19024.7,19123.7,0.0,,-0.00849323457697837,0.0842995822089685,0.02483832381925324,-0.10532579943647682,0,0,0.030454754038179068,2717755.5715947663,-0.04224332984942625,-0.005136036363853402,0.027937084625083815,-0.30560812062695036,0,0,0.058571873988175864,3555994.367761626,-0.033932125645351974,-0.0193728687536856,0.010944266838529317,-0.07619884933650858,0,0,0.03565732572671595,0.0,0.10080015492912035,0.19507550292598713,2.269526272563752
2024-07-25,65376.01,66175.49,63456.7,65799.95,35126.42934,3335.56,3342.66,3086.94,3175.28,259787.90631,19115.7,19247.4,18741.8,18853.5,0.0,,0.006484795643661334,0.06462057654263709,0.024497679966234986,-0.09952402007816638,0,0,0.04131902835792441,5416728.159668877,-0.04805190132991155,-0.06449826174061624,0.029180627607195055,-0.33897497069887594,0,0,0.08053463001688033,5406401.100808786,-0.014129064982194905,-0.044046810193589025,0.010975377754693316,-0.08925129582485948,0,0,0.026817301827247047,0.0,0.06009317163170734,0.2354724375936979,2.2320559887061155
2024-07-26,65799.95,68200.0,65722.63,67907.99,24244.36023,3175.28,3286.2,3170.72,3274.64,161281.25679,18865.1,19158.3,18856.7,19036.1,0.0,,0.0320371064111753,0.11571512621623703,0.024843806075898756,-0.07067537528870332,0,0,0.03648127414756342,756758.5021960028,0.031291728603461744,-0.02868295692513967,0.029778907696082352,-0.3182903548818899,0,0,0.03526494515427651,5154116.197690523,0.00968520433871678,-0.03409275421148783,0.011161792497740353,-0.08043050852370165,0,0,0.015843581405855116,0.0,0.09884344760142624,0.26409386620476377,2.2257880016178615
2024-07-27,67908.0,69399.99,66650.0,67896.5,31710.21921,3274.64,3327.8,3190.69,3249.39,149219.26204,18865.1,19158.3,18856.7,19036.1,0.0,,-0.00016919953012906053,0.1003141161696659,0.024783374882900708,-0.0708326165785418,0,0,0.040502676868469,187402087.73001018,-0.007710771260352245,-0.05825428429829671,0.029455092511985106,-0.3235468620213716,0,0,0.042195612099501796,19352028.932173774,0.0,-0.03984162211237774,0.011084052206103454,-0.08043050852370165,0,0,0.015843581405855116,0.0,0.09008653425820858,0.24944214796880407,2.2359469319157834
2024-07-28,67896.49,68318.43,67066.66,68249.88,10868.69394,3249.39,3284.72,3197.55,3269.91,75067.96093,18865.1,19158.3,18856.7,19036.1,0.0,,0.005204686544961978,0.12944430911315075,0.024358485973560055,-0.06599659160003069,0,0,0.01834098462883729,2088247.3831294996,0.00631503143666956,-0.03269406554787413,0.0292725200082038,-0.3192750391896027,0,0,0.026658226067384,11887168.387225896,0.0,-0.03498393000172373,0.011063572407948816,-0.08043050852370165,0,0,0.015843581405855116,0.0,0.07997167763656839,0.24462968209593955,2.2016816140908655
2024-07-29,68249.88,70079.99,66428.0,66784.69,36467.29633,3269.91,3397.46,3257.56,3318.18,144090.69168,19046.2,19246.0,18982.6,19091.0,0.0,,-0.02146802309396001,0.09507010383250902,0.024787352736442506,-0.08604779834139863,0,0,0.05468304187681346,1698678.969349083,0.014761874180023282,-0.017944187450611326,0.02940825775295997,-0.30922626296691835,0,0,0.042161666937899724,9760995.948944828,0.0028839940954292764,-0.032200829353854266,0.011086204438815984,-0.07777847553994709,0,0,0.013797077156775521,0.0,0.06511230397196927,0.24937782437799275,2.2358716650523145
2024-07-30,66784.68,67000.0,65302.67,66188.0,23132.25441,3318.18,3366.42,3232.91,3279.12,128919.43569,19086.8,19190.7,18600.9,18733.6,0.0,,-0.008934532749946156,0.05441899980580511,0.024386588301516823,-0.09421353421900282,0,0,0.02564407445458394,2589080.9476667857,-0.011771513299459357,-0.046232333838461814,0.02928583730262452,-0.3173577151993205,0,0,0.04071519188074856,10951805.676324068,-0.018720863233984697,-0.05031886526548457,0.011543658310563283,-0.09504325857080059,0,0,0.031483537600888206,0.0,0.08393635900028949,0.2576801552998085,2.1125510232480735
2024-07-31,66188.0,66849.24,64530.0,64628.0,22625.43905,3279.12,3350.0,3213.81,3232.7,135912.05528,18747.2,19519.1,18736.2,19456.5,0.0,,-0.023569227050220576,0.027472341410547108,0.024831268743935934,-0.11556222109001199,0,0,0.035885993686946914,959956.3618368485,-0.014156237039205655,-0.060777654137697645,0.02937752835760079,-0.3270213611959438,0,0,0.042128870603520295,9600853.595136639,0.03858841867019702,-0.01860744297719097,0.013647911387586066,-0.060122408954113485,0,0,0.04023848071338616,0.0,-0.032272037002877264,0.17245193544302628,1.8194176269598141
2024-08-01,64628.01,65659.78,62302.0,65354.02,35542.26854,3232.7,3242.89,3079.87,3203.28,180181.06447,19470.0,19594.1,18731.0,18844.7,0.0,,0.011233830537847433,0.05179891614242238,0.02476457287254397,-0.10562659696046711,0,0,0.05137832378176582,3163857.3131117644,-0.00910075169363056,-0.06385291822653183,0.02939949156652388,-0.3331459726828171,0,0,0.05089158612422266,19798459.79222872,-0.031444504407267426,-0.059007110613989555,0.014604530066785809,-0.08967639400804778,0,0,0.04580067605215252,0.0,-0.043124035209627744,0.18270349498059968,1.6956763279977907
2024-08-02,65354.02,65596.14,61230.01,61498.33,38820.42937,3203.28,3218.56,2967.02,2989.2,199861.25890000002,18835.2,18858.4,18270.6,18394.8,0.0,,-0.05899698289408972,0.02142136552630869,0.02651539658172302,-0.1583919293205192,1,0,0.07099591159629859,658006.9163811399,-0.06683149771484242,-0.09298345693097554,0.031093203500727192,-0.37771282608559886,1,0,0.08414960524555064,2990524.4656872135,-0.02387408661321233,-0.089650257592929,0.014985597058612327,-0.11140953862355138,0,0,0.03195468284515205,0.0,0.10547456085675189,0.29992939228915244,1.7693908880711275
2024-08-03,61498.34,62198.22,59850.0,60697.99,28034.71567,2989.2,3018.48,2858.5,2903.68,183781.94237,18835.2,18858.4,18270.6,18394.8,0.0,,-0.013014011925201907,0.06394354707387429,0.024685393237305592,-0.16934462678868817,0,0,0.038686948282801475,2154193.056622275,-0.02860966144787902,-0.051047753506673565,0.028716639768944285,-0.39551625145464725,0,0,0.05509560282124753,6423769.762781553,0.0,-0.08810684063632435,0.014993939224615699,-0.11140953862355138,0,0,0.03195468284515205,0.0,0.11567358888338168,0.3254283590132941,1.646356998246957
2024-08-04,60697.99,61117.63,57122.77,58161.0,31616.52003,2903.68,2935.36,2623.36,2688.92,211480.88339,18835.2,18858.4,18270.6,18394.8,0.0,,-0.04179693594466638,0.027057085274115877,0.025922476732695928,-0.2040634762148943,0,0,0.06868623304276063,756431.3448129938,-0.07396131805157591,-0.09815298651381654,0.03136103047281811,-0.4402246662378189,1,0,0.11603171533552505,2859344.0512929508,0.0,-0.09750664795753161,0.014792775754768828,-0.11140953862355138,0,0,0.03195468284515205,0.0,0.11054260096937589,0.3089195565635586,1.7523728905719576
2024-08-05,58161.0,58305.59,49000.0,54018.81,162065.59186,2688.92,2697.58,2093.59,2419.88,1044960.8160400001,18226.3,18278.9,17262.1,18041.3,0.0,,-0.07121937380719046,-0.07232200924160737,0.02857032514574144,-0.2607495770291414,1,0,0.17226573484310367,2275582.618051766,-0.10005504068547966,-0.2110767706010459,0.03542391932349101,-0.4962330100321219,1,0,0.24959502124072258,10443858.744570589,-0.019217387522560747,-0.11485021244026661,0.015058304458794856,-0.1284859258686736,0,0,0.05635957497519596,0.0,0.17861222576427543,0.35641096073870715,1.8973122937444604
2024-08-06,54018.82,57040.99,53950.0,56022.01,55884.77676,2419.88,2556.59,2414.33,2461.15,321407.55323,18071.6,18381.4,17866.7,17998.5,0.0,,0.03708337891930613,0.00293960683385186,0.02847396881515389,-0.23333567347785575,0,0,0.055174564425660516,1507002.9570815628,0.017054564689158225,-0.16032370431275955,0.03497489590363929,-0.48764148331345225,0,0,0.05780224691709169,18845826.35967593,-0.002372334587862235,-0.11695008389673345,0.015043076180762636,-0.13055344885054412,0,0,0.028596827513403936,0.0,0.1971469738539559,0.3737998585598155,1.8928276068488463
2024-08-07,56022.0,57736.05,54558.62,55134.16,44269.37684,2461.15,2552.1,2307.79,2343.23,271184.08007,17936.0,18459.4,17738.6,17757.2,0.0,,-0.01584823536320812,-0.02786688864352793,0.02848255692506192,-0.24548595016915412,0,0,0.05763087711865022,2793329.849799767,-0.047912561201064574,-0.2238595863640579,0.03516204073418144,-0.5121898921010831,0,0,0.10426206561029004,5659977.606544617,-0.013406672778286999,-0.13315238615949376,0.015036803518082455,-0.14220983426001507,0,0,0.040591985222895664,0.0,0.1971348606837858,0.3741481744343375,1.8941883458759625
2024-08-08,55133.76,62745.14,54730.0,61685.99,48349.52949,2343.23,2725.37,2320.58,2682.57,261762.40907,17795.8,18498.1,17653.0,18463.1,0.0,,0.11883431252058596,0.06263548664944008,0.03566858481655949,-0.15582379177038236,0,1,0.12993452808328115,406865.0240474447,0.1448171967753913,-0.12522133849871353,0.04473585703314693,-0.4415465997164608,0,1,0.15089634194075083,1807536.6518841127,0.03975288896898155,-0.09898298798520366,0.017071357553558476,-0.10811019704266923,0,0,0.045772378419658595,0.0,0.42492824623759,0.5520203163424049,2.089380637178331
2024-08-09,61686.0,61744.37,59535.0,60837.99,30972.48017,2682.57,2708.35,2552.67,2599.08,157171.54597,18448.5,18580.6,18290.3,18508.6,0.0,,-0.013747043696631933,0.053912415321731855,0.03576440964897117,-0.16742871899257195,0,0,0.03631563107196675,2253026.7833018173,-0.0311231393775373,-0.161800702401646,0.044923847946322024,-0.45892742272934506,0,0,0.05989811779552759,5049988.484887598,0.0024643748882906547,-0.10591224620913864,0.016916767095097478,-0.10591224620913865,0,0,0.01568460067211995,0.0,0.4284840298603362,0.5379579516362336,2.11413849387043
2024-08-10,60837.99,61470.58,60242.0,60923.51,9995.20621,2599.08,2645.0,2575.88,2610.06,93938.59402,18448.5,18580.6,18290.3,18508.6,0.0,,0.0014057006156844576,0.06249785271649455,0.035724345816159075,-0.16625837303025862,0,0,0.020165942507252156,7110429.485611598,0.00422457177154989,-0.1578930387424825,0.044947890595281315,-0.45664162279304765,0,0,0.02648214983563592,22236187.88790455,0.0,-0.08563383064914543,0.016557095566989467,-0.10591224620913865,0,0,0.01568460067211995,0.0,0.42793405487064384,0.5545594287894114,2.157644382444723
2024-08-11,60923.51,61858.0,58286.73,58712.59,19189.84512,2610.06,2719.9,2539.35,2555.45,128207.60964,18448.5,18580.6,18290.3,18508.6,0.0,,-0.03629009556409346,0.014225303209066897,0.03639189415262233,-0.19651493634875333,0,0,0.06082630658943843,528790.0054770582,-0.020922890661517424,-0.1846641758900911,0.04493709091731664,-0.46801025070936825,0,0,0.07065291827271133,6127621.199091512,0.0,-0.09060714303261985,0.016492354544153476,-0.10591224620913865,0,0,0.01568460067211995,0.0,0.4115649401112072,0.5482732164911613,2.2065904531271845
2024-08-12,58712.59,60711.09,57642.21,59346.64,37009.91743,2555.45,2750.7,2509.6,2722.59,190300.39146,18503.8,18676.0,18429.4,18537.0,0.0,,0.0107992169992841,0.0024089580403492405,0.036212419090440554,-0.18783792679069986,0,0,0.051711099398382074,3427089.4974662033,0.06540531021933527,-0.14267225498871106,0.04667602856611772,-0.43321529612350806,0,1,0.08855538292581693,2909555.229174507,0.0015344218363355644,-0.08921175077508148,0.016504449696839438,-0.10454033843612169,0,0,0.013303123482764122,0.0,0.41211276280273496,0.5393100065598844,2.194099034782407
2024-08-13,59346.64,61578.1,58392.88,60587.15,27858.95851,2722.59,2738.91,2610.31,2702.38,181098.6481,18559.3,19032.5,18542.7,19011.4,0.0,,0.02090278404977952,-0.003466566531645565,0.03607855518727269,-0.1708614783609847,0,0,0.05257253394490417,1332786.3463446337,-0.007423078759563495,-0.16728397724681543,0.04641920294697802,-0.43742258362009917,0,0,0.04758768196922709,24396670.16869259,0.025592059124993405,-0.06590280405056814,0.017305659990798195,-0.08162368183333239,0,0,0.0257634892748561,0.0,0.42233830845009024,0.5108413532059713,2.084782340496291
2024-08-14,60587.16,61800.0,58433.18,58683.39,28422.76326,2702.38,2784.78,2631.91,2661.12,161255.2294,19016.0,19117.9,18840.7,19061.5,0.0,,-0.031421844400999266,-0.09333071092176737,0.03441832529846934,-0.19691453997480038,0,0,0.05737262281541676,904553.9737176081,-0.015268023001946518,-0.23601724840808214,0.04401630616105281,-0.44601202855376315,0,0,0.057445737133237265,10561624.3676865,0.0026352609486939294,-0.06779246565628416,0.017282111164611008,-0.07920352058586252,0,0,0.014542402224379022,0.0,0.4088914358618041,0.5128493753384376,1.9915567638160367
2024-08-15,58683.39,59849.38,56078.54,57541.06,37686.17622,2661.12,2675.66,2515.14,2569.98,176856.78525,19056.1,19516.3,19013.9,19481.5,0.0,,-0.019465985179111134,-0.11535162587657988,0.03451979323086004,-0.21254738963721062,0,0,0.06553302980515126,1936000.490765602,-0.03424873737373735,-0.2538953064714199,0.04427439791406641,-0.4649854170960348,0,0,0.0624596300360314,5163890.618248346,0.022033942764210668,-0.04565138585438988,0.017839730097705685,-0.05891474366096481,0,0,0.025788568642044905,0.0,0.37306085167808967,0.46704287525396154,1.9349941782671778
2024-08-16,57541.05,59817.76,57098.62,58874.6,27610.84344,2569.98,2631.18,2550.69,2592.92,137965.31433,19478.2,19595.5,19361.4,19515.7,0.0,,0.023175450712934476,-0.08134737881465781,0.03478815562365892,-0.19429782047697625,0,0,0.046185281938221225,1191382.720801321,0.008926139503031116,-0.23454880381645138,0.044364408483171726,-0.46020980229287795,0,0,0.03104222266788014,15456307.815945737,0.0017555116392475867,-0.016573778257057192,0.017130296944642572,-0.05726265753993739,0,0,0.011995470313644837,0.0,0.37110287934144937,0.47744304768906554,2.0307958132961974
2024-08-17,58874.59,59700.0,58785.05,59491.99,7721.72931,2592.92,2628.64,2587.31,2614.33,66751.38271,19478.2,19595.5,19361.4,19515.7,0.0,,0.010486525598475405,-0.07026216823425424,0.03486584444424968,-0.18584880394666065,0,0,0.015379381325116155,736347.0268601035,0.008257100103358228,-0.23709291467258087,0.04431752583029042,-0.4557527005955987,0,0,0.01580902181438454,8084109.558240203,0.0,-0.012618200768020338,0.017116951902251588,-0.05726265753993739,0,0,0.011995470313644837,0.0,0.37092062875077697,0.4818387404209747,2.036917803717456
2024-08-18,59491.99,60284.99,58408.92,58427.35,13634.85717,2614.33,2687.64,2594.59,2612.24,103719.58686,19478.2,19595.5,19361.4,19515.7,0.0,,-0.017895518371464747,-0.12350210021002106,0.03398293001911357,-0.2004184616327832,0,0,0.032109448742754884,761914.1992891035,-0.0007994400094862852,-0.25452324692076755,0.04396493713379839,-0.4561877936617974,0,0,0.03562076991394349,129738677.37727423,0.0,-0.0010442206991159164,0.01698329414069678,-0.05726265753993739,0,0,0.011995470313644837,0.0,0.41411105459498865,0.5060168227128644,2.0009610460711764
2024-08-19,58427.35,59617.63,57787.3,59438.5,22809.31251,2612.24,2648.55,2563.42,2636.4,147352.2464,19555.2,19791.0,19446.2,19772.5,0.0,,0.017306107499313272,-0.11470754525322935,0.03414581889147056,-0.18658081757533387,0,0,0.03079367749859089,1317991.312084013,0.00924876734143898,-0.2504690964917269,0.04403020350190814,-0.4511582010879408,0,0,0.032290244272492837,15932078.474826174,0.013158636379940303,0.012100675160344299,0.01714961973717642,-0.044857519648714254,0,0,0.01743836136047537,0.0,0.42419899543522893,0.5110927019180869,1.9910528340708338
2024-08-20,59438.5,61400.0,58548.23,59013.8,31477.44548,2636.4,2695.84,2554.3,2572.68,157673.63771,19786.2,19853.0,19665.5,19726.6,0.0,,-0.007145200501358473,-0.13425503342314427,0.03396563514241049,-0.19239286072540923,0,0,0.04832378189508211,4405390.922215013,-0.02416932180245801,-0.27242389619792085,0.044037375403059346,-0.4644233351444863,0,0,0.05501655860814403,6523706.943936475,-0.002321405993172432,0.009751178587333209,0.017157388430242462,-0.047074793126935285,0,0,0.009504932426267071,0.0,0.4273740826014886,0.5130482257890812,1.9796494952603658
2024-08-21,59013.8,61820.93,58783.47,61156.03,27983.6422,2572.68,2664.07,2535.19,2630.71,159322.24401,19723.0,19906.4,19697.0,19842.9,0.0,,0.03630049242719502,-0.0944141896561349,0.03474326812538914,-0.1630763238820234,0,0,0.04966738357607581,770888.5643146269,0.022556244849728735,-0.23515199795320274,0.04428781480703263,-0.4523427367562042,0,0,0.048990576688422556,7063328.778266398,0.005895592752932721,0.0009432915325713331,0.016978497685258543,-0.04145673418320752,0,0,0.010552892974313303,0.0,0.4400785416114672,0.5357687205757588,2.0463087080117592
2024-08-22,61156.03,61400.0,59724.87,60375.84,21241.20588,2630.71,2644.94,2583.87,2623.21,139475.70755,19847.0,19952.3,19469.7,19539.0,0.0,,-0.012757368324922358,-0.08432675862552186,0.03457394502361354,-0.17375326747810846,0,0,0.027745038412716038,1665013.4015782806,-0.002850941380843963,-0.24678408581896694,0.0441308236650044,-0.4539040755105057,0,0,0.023280637082048392,48922513.5465871,-0.015315301694812877,-0.012952504117118235,0.0172112393652947,-0.05613711348672286,0,0,0.024699319310097678,0.0,0.44357823023722026,0.5279969660346562,2.0087992620297235
2024-08-23,60375.83,64955.0,60342.14,64037.24,38118.07089,2623.21,2800.0,2621.26,2762.7,189519.70127,19546.5,19832.8,19522.5,19707.0,0.0,,0.06064346268308651,-0.020477851199216857,0.03640703098658015,-0.12364680458739495,0,1,0.07203402270303969,628560.1599565248,0.053175308114866926,-0.17174327549197144,0.04504249894863995,-0.42486525646550377,0,1,0.06469757845585833,3564053.9255563654,0.00859818823890679,0.030501419704345833,0.01605769833362234,-0.04802160271676378,0,0,0.015745674125945058,0.0,0.46660590381197586,0.5200010146040644,2.267261942375021
2024-08-24,64037.24,64494.5,63531.0,64157.01,15857.15616,2762.7,2819.69,2732.43,2767.8,133927.6717,19546.5,19832.8,19522.5,19707.0,0.0,,0.0018703179587378216,-0.02496871198230388,0.036388163295752195,-0.12200774546781748,0,0,0.015017844503663745,8478275.7408498,0.0018460201976329138,-0.1283288402912499,0.04432485830042474,-0.4238035461125787,0,0,0.0315268444251753,72549014.56743762,0.0,0.04527010899832917,0.01579997824330393,-0.04802160271676378,0,0,0.015745674125945058,0.0,0.48045211950646244,0.5033727493610811,2.3030500235450226
2024-08-25,64157.02,65000.0,63773.27,64220.0,12305.47977,2767.8,2792.37,2733.35,2745.9,108926.1711,19546.5,19832.8,19522.5,19707.0,0.0,,0.0009818100937060148,-0.05430863142908526,0.03587715046486055,-0.12114572381012208,0,0,0.019101993148551905,12533334.618923185,-0.007912421417732518,-0.16146507707717483,0.04383484901233097,-0.42836265527513906,0,0,0.02149386357842601,13766460.06130126,0.0,0.03524356354505387,0.01572779444619473,-0.04802160271676378,0,0,0.015745674125945058,0.0,0.4728606025322588,0.4969149729008378,2.281128976876417
2024-08-26,64219.99,64481.0,62800.0,62834.0,19470.05276,2745.9,2761.99,2666.76,2680.42,145953.97592,19723.8,19784.5,19446.7,19488.0,0.0,,-0.021582061663033336,-0.07456201718792577,0.03606739492976343,-0.14011321099167254,0,0,0.02675303179807111,902140.1218562863,-0.023846461997887758,-0.17510055733537677,0.043968790621149535,-0.4419941834926939,0,0,0.03552801426642077,6120568.943402953,-0.011112802557466939,0.02373910622448938,0.01588887692885801,-0.058600750684746156,0,0,0.017333743842364496,0.0,0.48035740998557735,0.5014682216080778,2.269976184691479
2024-08-27,62834.0,63212.0,58034.01,59415.0,35135.94178,2680.42,2700.3,2391.38,2457.39,225941.22376,19497.8,19636.1,19384.0,19577.0,0.0,,-0.05441321577489899,-0.12944901881146176,0.037280802438807104,-0.18690241638396768,1,0,0.08714954136160899,645724.2936736224,-0.08320710933361197,-0.24848390322669434,0.04612567987299415,-0.4884242344756088,1,0,0.12571061166522207,2715407.3541965513,0.004566912972085335,0.02841443362873708,0.01590179349960548,-0.054301462241136876,0,0,0.01287735608111552,0.0,0.4540741358957817,0.46538599884220716,2.344438631739603
2024-08-28,59415.0,60234.98,57860.0,59034.9,36868.54275,2457.39,2554.84,2418.5,2528.55,235475.27769000002,19583.4,19634.5,19172.2,19254.8,0.0,,-0.006397374400403888,-0.1160414160790445,0.037137892556210986,-0.19210410605042316,0,0,0.04023010117743916,5763065.096990634,0.02895755252524035,-0.23797081532647402,0.04644387208270756,-0.47361025237479615,0,0,0.05392023096240934,8131736.829878279,-0.01645808857332587,0.008579959143051763,0.016214157933593275,-0.06986585253923701,0,0,0.02400959760683047,0.0,0.45188347871132295,0.42175758667875257,2.290459350631675
2024-08-29,59034.9,61166.99,58713.09,59359.01,27020.90743,2528.55,2595.72,2505.67,2527.42,154456.99421,19152.4,19638.9,19087.6,19393.7,0.0,,0.0054901422717748005,-0.10317565117543959,0.03715779580507013,-0.18766864265185726,0,0,0.041339975178157476,4921704.552515983,-0.0004468964426252997,-0.22923833223547774,0.04645809720139678,-0.4738454940804443,0,0,0.035629218728980436,345613711.2337438,0.007213785653447546,0.03523615322201823,0.01584612792330685,-0.06315606417050292,0,0,0.02842675714278363,0.0,0.4588157735416734,0.4299771091035767,2.3449118002701224
2024-08-30,59359.0,59944.07,57701.1,59123.99,28519.32195,2527.42,2552.98,2430.82,2526.18,181726.23894,19394.7,19580.8,19319.3,19543.0,0.0,,-0.003959297838693754,-0.08516447979204067,0.036954825527713765,-0.19088490443930897,0,0,0.037936715705418414,7203107.99561598,-0.0004906188919927557,-0.218554149781916,0.04645871967984506,-0.4741036354211555,0,0,0.04835759922095807,370394491.44931984,0.0076983762768321196,0.004445815023256916,0.014262431053673502,-0.055943887039819076,0,0,0.013380750140715346,0.0,0.5637572007329243,0.49353436952317814,2.5910589490706784
2024-08-31,59123.99,59462.38,58744.0,58973.99,8798.409,2526.18,2534.06,2492.04,2513.1,80474.34523,19394.7,19580.8,19319.3,19543.0,0.0,,-0.0025370412247210927,-0.09762260990219118,0.03686615303566684,-0.1929376627922906,0,0,0.012181302299539126,3467966.6355444756,-0.005177778305583858,-0.21546040308683612,0.04645858105233563,-0.4768266102086573,0,0,0.016720385181648156,15542223.915028438,0.0,0.03705551162926435,0.01294805357468929,-0.055943887039819076,0,0,0.013380750140715346,0.0,0.6545413423638812,0.5398408903502014,2.8472329335586775
2024-09-01,58974.0,59076.59,57201.0,57301.86,20705.15741,2513.1,2516.24,2398.38,2425.79,124107.56766,19394.7,19580.8,19319.3,19543.0,0.0,,-0.028353686091105557,-0.06823713749625393,0.03565943089762492,-0.21582085495743197,0,0,0.032731747276615396,730245.4446669169,-0.03474195217062592,-0.18848186805834333,0.04539131092821904,-0.49500267509373236,0,0,0.048586233763021396,3572267.0772156916,0.0,0.06241981429534449,0.012050397697414917,-0.055943887039819076,0,0,0.013380750140715346,0.0,0.6142466174464281,0.4994548522469935,2.9591887505411676
2024-09-02,57301.77,59425.69,57128.0,59132.13,22895.01461,2425.79,2565.06,2423.37,2538.09,151483.29589,19559.4,19626.5,19468.9,19603.4,0.0,,0.03194084799341579,-0.025797559359049593,0.036111551089844436,-0.1907735080860205,0,0,0.03885687865463332,716793.9763772007,0.04629419694202719,-0.12590574718977288,0.04615593143446462,-0.4716242294793247,0,0,0.05582544354219119,3272186.8651880757,0.003090620682597356,0.06570335094700686,0.012045124971588442,-0.053026167691571806,0,0,0.008039421732964616,0.0,0.6072618035226909,0.49122418796287226,2.998019629918871
2024-09-03,59132.12,59809.65,57415.0,57487.73,22828.18447,2538.09,2553.75,2412.35,2425.08,134290.09325,19611.0,19642.3,18871.3,18953.0,0.0,,-0.0278089086254798,-0.011575970151819881,0.0356439312728765,-0.21327721365697394,0,0,0.04165497576613308,820894.3604546987,-0.04452560783896564,-0.09812117876322102,0.044901342491806606,-0.49515048182913957,0,0,0.05830735480891356,3016018.6375331753,-0.033177918116245264,0.030345532433079025,0.013667301262722727,-0.08444478795812776,0,0,0.040679575792750486,0.0,0.6058430398838163,0.5197768020211222,2.6079695258053057
2024-09-04,57487.74,58519.0,55606.0,57970.9,35560.82146,2425.08,2490.17,2305.0,2450.48,239802.99824,18949.6,19076.6,18788.5,18926.1,0.0,,0.008404750022309004,0.07316136730890599,0.033008595923930704,-0.20666500530090634,0,0,0.050249349242464755,4231033.529286958,0.010473881274019936,0.012645255136618294,0.04098240895276204,-0.48986274791457185,0,0,0.07556478730697662,22895311.013474204,-0.00141930037461091,0.04904302905001301,0.01313131884564539,-0.08574423581355581,0,0,0.015222364882358149,0.0,0.5601391430925224,0.45949393997249954,2.5137285275493664
2024-09-05,57970.9,58327.07,55643.65,56180.0,27806.91413,2450.48,2466.17,2347.72,2368.64,157709.96541,18933.6,19114.9,18792.8,18889.6,0.0,,-0.030893086013844884,0.0028201415836381916,0.03291178206777094,-0.23117357152993862,0,0,0.0477646849412602,900101.243253127,-0.033397538441448216,-0.03758811937508899,0.04134319112482603,-0.5069000764015097,0,0,0.050007599297487285,4722201.861208267,-0.0019285536904063427,0.04950968136233569,0.013126845333536198,-0.08750742714155287,0,0,0.01705171099440974,0.0,0.5828503872885633,0.46770220005127777,2.5072099319696663
2024-09-06,56180.0,57008.0,52550.0,53962.97,54447.76826,2368.64,2409.13,2150.0,2225.18,382689.10704,18887.0,18936.3,18303.5,18342.4,0.0,,-0.03946297614809535,-0.021242547270149847,0.03359409149235098,-0.26151375053867804,0,0,0.08261220611096831,1379717.390257044,-0.060566400972710044,-0.05037917746017262,0.04190457709647379,-0.5367653640937886,1,0,0.11645350039097967,6318503.951182309,-0.028968321192613722,0.032955646160430785,0.014021184852727702,-0.1139408050779909,0,0,0.03449930216329375,0.0,0.60544290402066,0.4977139617360363,2.3959506907369983
2024-09-07,53962.97,54850.0,53745.54,54160.86,16694.04774,2225.18,2311.51,2221.86,2273.45,143389.82675,18887.0,18936.3,18303.5,18342.4,0.0,,0.0036671443399056702,-0.12199090911891008,0.025007002553454557,-0.2588056148688678,0,0,0.02039221681487331,4552316.64463553,0.021692627113312213,-0.1525104657101214,0.03199996875614309,-0.5267165878711042,0,0,0.03943346015966927,6610068.937261913,0.0,-0.0065373637146523,0.011979535508773665,-0.1139408050779909,0,0,0.03449930216329375,0.0,0.4053714534999041,0.24013980932683096,2.0874750661567045
2024-09-08,54160.86,55318.0,53629.01,54869.95,16274.14779,2273.45,2334.05,2240.51,2297.77,167070.98851,18887.0,18936.3,18303.5,18342.4,0.0,,0.013092295801802267,-0.0980972579797591,0.025127013751685273,-0.2491016787320961,0,0,0.030781693805079065,1243031.444297591,0.010697398227363708,-0.11592948274004644,0.031732612613074314,-0.5216536867371558,0,0,0.0407090352820343,15617894.069204211,0.0,-0.008979609478836692,0.01196944367989144,-0.1139408050779909,0,0,0.03449930216329375,0.0,0.4072330463910811,0.24908821602751946,2.0992615388869753
2024-09-09,54869.95,58088.0,54591.96,57042.0,32384.51737,2297.77,2382.3,2272.87,2359.25,234763.61727,18401.5,18709.3,18361.6,18697.4,0.0,,0.03958541970605056,-0.06371120114386064,0.02630400839053198,-0.2193770535281374,0,0,0.061288874864135215,818091.8487048806,0.02675637683493126,-0.09609357639287985,0.03218777129333992,-0.5088548725218951,0,0,0.04638338455017497,8774115.082067398,0.01935406489881375,0.01020066347535753,0.012492471116814535,-0.09679195791527972,0,0,0.01859616845122855,0.0,0.45781967278504787,0.2848807887151447,2.105587204380682
2024-09-10,57042.01,58044.36,56386.4,57635.99,23626.78126,2359.25,2400.0,2320.14,2388.84,171740.93409,18705.5,18853.3,18560.1,18812.6,0.0,,0.010413204305599333,-0.0183367826219214,0.0255676397240569,-0.21124826730088694,0,0,0.02876605398814177,2268922.9825314884,0.01254212143689748,-0.06519791034847078,0.0321198984961392,-0.5026948706899244,0,0,0.03343045159993977,13693121.855250083,0.006161284456662308,0.016424797121338264,0.012535996956898925,-0.09122703624445079,0,0,0.015585299214356375,0.0,0.47439088580561817,0.2908411576156608,2.0395361786223556
2024-09-11,57635.99,57981.71,55545.19,57338.0,33026.56757,2388.84,2389.73,2277.29,2340.6,224087.10269,18818.1,19273.1,18528.5,19228.3,0.0,,-0.005170207018218909,-0.033845892539156375,0.0254946996627429,-0.21532627704492027,0,0,0.0424939830478914,6387849.37916926,-0.020193901642638346,-0.14030390179938967,0.029656955029101126,-0.5127374015575915,0,0,0.04803896436811077,11096765.532877358,0.022096892508212562,0.03729298160435879,0.013135540290176564,-0.07114597774997461,0,0,0.038724172183708314,0.0,0.44334709051541793,0.2652932272875132,1.9408931563231988
2024-09-12,57338.0,58588.0,57324.0,58132.32,31074.40631,2340.6,2392.6,2315.39,2361.97,171935.25342,19223.7,19464.7,19169.1,19396.2,0.0,,0.013853291011196811,-0.0405173374222092,0.025319334184229297,-0.20445596361198437,0,0,0.0217434982811627,2243104.8228060864,0.00913013757156289,-0.1259667404288073,0.029756340340944463,-0.5082886270003352,0,0,0.03268881484523514,18831596.321128055,0.00873192117867938,0.020240487286575348,0.012400711815265307,-0.06303529764118805,0,0,0.015240098576009846,0.0,0.4264376243822287,0.2968893276705971,2.0417629361753087
2024-09-13,58132.31,60625.0,57632.62,60498.0,29825.23333,2361.97,2465.88,2337.43,2439.63,180368.13026,19400.2,19565.3,19383.3,19492.5,0.0,,0.04069474605520651,0.030922037735038765,0.025757799598442595,-0.17208150107544015,0,0,0.04946246156897744,732901.145531849,0.032879333776466346,-0.08323187229437223,0.03042103227430437,-0.49212148464579464,0,0,0.05265142665076272,5485758.216047484,0.004964890030005886,0.022611022217559062,0.01242024884431271,-0.05838337093197939,0,0,0.00933692445812492,0.0,0.44311139803887684,0.3057693061774357,2.0738536870539703
2024-09-14,60497.99,60610.45,59400.0,59993.03,12137.90901,2439.63,2441.07,2375.58,2418.0,116473.49165,19400.2,19565.3,19383.3,19492.5,0.0,,-0.008346887500413236,0.04261252747168709,0.025527125088387854,-0.17899204364547447,0,0,0.020176510504636907,1454182.1089092179,-0.008866098547730683,-0.059136646977797525,0.029853470704867328,-0.49662438561320016,0,0,0.027084367245657666,13136934.994982874,0.0,0.0005646382465416266,0.011756290380009669,-0.05838337093197939,0,0,0.00933692445812492,0.0,0.5249213765055654,0.3978303160022922,2.1713569969506734
2024-09-15,59993.02,60395.8,58691.05,59132.0,13757.92361,2418.0,2430.85,2282.85,2316.13,132749.89044,19400.2,19565.3,19383.3,19492.5,0.0,,-0.014352167243428138,0.004372004225930981,0.025357703479836406,-0.19077528714325973,0,0,0.028829567746736114,958594.8791358296,-0.04212985938792391,-0.10674837634790124,0.03067710614652199,-0.5178315294666258,0,0,0.06389969474943116,3150968.4783891444,0.0,-0.0011887864642313728,0.011752062950907572,-0.05838337093197939,0,0,0.00933692445812492,0.0,0.5243775209195368,0.38565733995660845,2.157721755622536
2024-09-16,59132.0,59210.7,57493.3,58213.99,26477.5642,2316.13,2336.18,2252.21,2295.76,194388.18738000002,19496.8,19544.6,19290.7,19410.9,0.0,,-0.01552475816816612,-0.021481883527513568,0.02544741607358322,-0.2033383051140643,0,0,0.029501499553629535,1705504.6434956002,-0.008794843121931795,-0.12185531283349837,0.03061361249876489,-0.5220721255233086,0,0,0.03657612293968002,22102493.888755534,-0.00418622547133507,-0.005370035407389895,0.011777228685297202,-0.06232519044881659,0,0,0.013080279636698855,0.0,0.528774309980329,0.3876514018675409,2.1607285674996106
2024-09-17,58213.99,61320.0,57610.01,60313.99,33116.25878,2295.76,2393.93,2263.16,2341.61,167376.98051,19416.1,19613.7,19338.1,19448.3,0.0,,0.03607380287796791,0.032290357170058126,0.026068870311080333,-0.1745996881723212,0,0,0.061511267949608345,918013.8204970775,0.01997159981879637,-0.1036007411263895,0.03091863339831603,-0.5125271412720123,0,0,0.055846191295732414,8380745.56976736,0.0019267524947321757,-0.0034536296417756462,0.011783112044743452,-0.060518523170266285,0,0,0.014170904397813804,0.0,0.5240916068638865,0.38807569832389566,2.2123907579069733
2024-09-18,60313.99,61786.24,59174.8,61759.99,36087.02469,2341.61,2376.27,2277.0,2375.05,205209.65497,19451.4,19659.9,19338.1,19407.7,0.0,,0.023974537250810224,0.03905700850458871,0.026237173529781783,-0.15481109764957807,0,0,0.04228368560292829,1505222.364054463,0.014280772630796745,-0.09913139129115456,0.031001864912206644,-0.5055656522128333,0,0,0.04179701479968842,14369636.47408665,-0.0020875860615066077,-0.018449867239853313,0.01151972333071719,-0.062479771606339655,0,0,0.016581047728479053,0.0,0.5037806023978445,0.3768574636339844,2.2775851468558534
2024-09-19,61759.98,63850.0,61555.0,62947.99,34332.52608,2375.05,2495.29,2372.48,2465.53,213247.35973999999,19411.3,19977.1,19410.6,19837.4,0.0,,0.019235754409934414,0.06666559347135737,0.02637536452928756,-0.1385532514939634,0,0,0.03645867008620927,1784827.7483721303,0.038096040083366756,-0.04164917517919042,0.031614123558390536,-0.48672966148094016,0,0,0.049810791188912705,5597623.88156631,0.022140696733770726,0.00561678140176225,0.012234050113173795,-0.04172242054770023,0,0,0.028557169790395916,0.0,0.5106816911057176,0.42328621987753473,2.1558962670852195
2024-09-20,62948.0,64133.32,62350.0,63201.05,25466.37794,2465.53,2571.97,2437.45,2561.6,191160.82663,19838.2,19860.4,19637.5,19792.2,0.0,,0.004020144249244684,0.033439384472798483,0.025595334987421895,-0.1350901113019264,0,0,0.028216619818816294,6334676.821115678,0.03896525290708275,-0.026270474510683428,0.032171455049066204,-0.466729952930841,0,0,0.05251405371642723,4905929.3423951855,-0.0022785244033997065,-0.0025550700754426448,0.012195161255139132,-0.043905879397713066,0,0,0.011262012307878934,0.0,0.505469881334455,0.39714148817981004,2.0988089836488224
2024-09-21,63201.05,63559.9,62758.0,63348.96,8375.34608,2561.6,2623.2,2528.86,2612.41,127241.83048,19838.2,19860.4,19637.5,19792.2,0.0,,0.0023403092195461994,0.04924353847499274,0.02545515597236569,-0.13306595471532967,0,0,0.012658455639997901,3578719.5225547156,0.019835259212991785,-0.004117093179730302,0.03237732996040486,-0.4561524033166999,0,0,0.03611224884302223,6414928.333650175,0.0,0.012958697988638246,0.011848113626032265,-0.043905879397713066,0,0,0.011262012307878934,0.0,0.49746918025357006,0.4017582024003528,2.148454622505504
2024-09-22,63348.97,64000.0,62357.93,63578.76,14242.19892,2612.41,2632.77,2524.53,2581.22,145312.61303,19838.2,19860.4,19637.5,19792.2,0.0,,0.003627526008319615,-0.007159584017049969,0.022921634916401833,-0.12992112891856175,0,0,0.025827336047447285,3926135.7812399557,-0.01193916728231792,-0.06568936185615526,0.030862928935717057,-0.46264549074958833,0,0,0.04193365927739588,12171074.23684963,0.0,0.004323336885370788,0.011748982852597074,-0.043905879397713066,0,0,0.011262012307878934,0.0,0.4940003786192602,0.38316304148030367,1.9509446642769115
2024-09-23,63578.76,64745.88,62538.75,63339.99,24078.05287,2581.22,2703.79,2539.11,2647.26,212617.38637,19830.7,19947.0,19739.3,19848.6,0.0,,-0.0037554994781276996,-0.0127346957097908,0.022928948672262195,-0.133188709664838,0,0,0.03484575858000605,6411394.515240062,0.02558480098558058,-0.043550834597875565,0.031261220184102226,-0.4488973825717122,0,0,0.06220771665797837,8310297.327966567,0.0028496074211050715,0.007185264119348389,0.01175873352612143,-0.04118138649636976,0,0,0.010464214100742658,0.0,0.4922790863336714,0.3846049693968557,1.9499488717758613
2024-09-24,63339.99,64688.0,62700.0,64262.7,23185.04759,2647.26,2671.6,2591.68,2653.49,202552.40209,19850.5,20002.3,19741.8,19973.8,0.0,,0.014567574134444872,0.0006649018997195721,0.0230861479366339,-0.12056137193230668,0,0,0.03093551936037546,1591550.6219853738,0.002353376698926324,-0.03365381113660382,0.03123915408357712,-0.4476004305131392,0,0,0.030118824642263616,86068474.07712878,0.006307749664963724,0.013538336631653713,0.01180935974983604,-0.03513339870828117,0,0,0.013042085131522295,0.0,0.49770340354298676,0.3847100396238493,1.9549009325374391
2024-09-25,64262.7,64817.99,62947.08,63152.01,17813.11168,2653.49,2674.47,2554.69,2580.11,194947.21248,19972.0,20062.1,19855.9,20033.2,0.0,,-0.017283587524333677,0.005061113409937423,0.022958766315088634,-0.13576122643279456,0,0,0.029625502022817583,1030636.8020269402,-0.027654146049165274,-0.0374232396415487,0.03134416454426367,-0.4628765688852249,0,0,0.046424377255233205,7049472.496409246,0.002973895803502602,0.0279761904761906,0.01160939007412579,-0.03226398597175985,0,0,0.01029291376315302,0.0,0.47034705561106216,0.3583574130498737,1.9776014409441802
2024-09-26,63152.01,65839.0,62670.0,65173.99,28373.30593,2580.11,2666.77,2559.25,2632.22,227720.80752,20034.8,20331.4,19982.1,20141.3,0.0,,0.03201766657941674,0.0969282167802743,0.021195361460856224,-0.10809031753571567,0,0,0.04862369175187832,886176.2926370616,0.02019681331416079,0.07114458836407733,0.027406363246168214,-0.4520283872203382,0,0,0.04084764951257873,11275080.44100856,0.005396042569334902,0.028824641160545506,0.011619192226794813,-0.027042041244185057,0,0,0.017342475411219877,0.0,0.5557211349068394,0.45117478456884147,1.8241666723019951
2024-09-27,65173.99,66498.0,64819.9,65769.95,22048.80487,2632.22,2728.58,2615.18,2694.96,171164.85969,20139.9,20193.0,19971.8,19991.0,0.0,,0.009144138635673427,0.11408590511714256,0.021139896460025863,-0.09993457174876272,0,0,0.025514691739920718,2411247.4270138764,0.023835393698095286,0.06581242213917071,0.02725240212606936,-0.43896726809435477,0,0,0.04207854662035804,7181118.551966375,-0.007462278998872973,0.038234622016328546,0.011263382706517847,-0.03430252498659485,0,0,0.011064979240658333,0.0,0.5423888537206913,0.4996825920171143,1.876867566536389
2024-09-28,65769.95,66260.0,65422.23,65858.0,9127.23316,2694.96,2704.79,2649.39,2675.46,102913.64129,20139.9,20193.0,19971.8,19991.0,0.0,,0.0013387572896133015,0.1094861588830407,0.021142195524854437,-0.09872960259556245,0,0,0.01272085395851676,6817639.802535339,-0.007235728916199169,0.05857356513757117,0.027305752552266083,-0.44302674885553867,0,0,0.020706719592144936,14222962.227064306,0.0,0.03079866142097698,0.011209945968463112,-0.03430252498659485,0,0,0.011064979240658333,0.0,0.5438134851203897,0.504289675828073,1.8860194976977271
2024-09-29,65858.0,66076.12,65432.0,65602.01,8337.74111,2675.46,2683.78,2634.23,2657.59,85778.26,20139.9,20193.0,19971.8,19991.0,0.0,,-0.0038869993015275828,0.10956669196378654,0.021141298247671858,-0.10223284000076101,0,0,0.009818601594676677,2145027.3110288917,-0.006679225254722532,0.05201925436825583,0.027350607611565866,-0.44674689866078765,0,0,0.01864471193825992,12842527.135026537,0.0,0.02292380903648361,0.011140948008225909,-0.03430252498659485,0,0,0.011064979240658333,0.0,0.5558113629499539,0.5095506739640192,1.89761941765351
2024-09-30,65602.01,65618.8,62856.3,63327.59,30011.08752,2657.59,2663.46,2574.16,2602.0,184507.02610000002,20004.2,20091.5,19863.5,20038.4,0.0,,-0.03466997428889751,0.07382237491477173,0.022252310697623612,-0.13335840435535118,0,0,0.043622376913443256,865621.6071494026,-0.020917447762822783,0.03537463690263021,0.027643552282552504,-0.4583195415076703,0,0,0.03431975403535749,8820719.429295553,0.002371066980141112,0.02534922990329025,0.011143368260094644,-0.03201279159078489,0,0,0.0113781539444267,0.0,0.5192990644757267,0.4995210124727113,1.9969088527947554
2024-10-01,63327.6,64130.63,60164.0,60805.78,43671.48108,2602.0,2659.31,2413.15,2447.95,376729.77293,20041.8,20138.9,19626.9,19770.4,0.0,,-0.03982166382772501,0.06114845137662206,0.02289198555213346,-0.16786951463623553,0,0,0.06523442343803496,1096676.1786290018,-0.059204458109146874,0.009135168336912969,0.02907419589021214,-0.49038943952102293,1,0,0.1005576094282971,6363198.335562727,-0.013374321303098013,0.011635879854679398,0.011443897879499246,-0.04495896353333867,0,0,0.025897301015659773,0.0,0.5669185842629596,0.5477937066816185,2.000364367939595
2024-10-02,60804.92,62390.31,60000.0,60649.28,31534.70118,2447.95,2499.82,2351.53,2364.01,242498.88477,19775.2,19896.8,19641.5,19863.9,0.0,,-0.002573768480562233,0.025656948261461254,0.022204492564490145,-0.17001122585117973,0,0,0.039412009507779774,12252298.097197298,-0.03428991605220677,-0.0685870083409178,0.02843355499071332,-0.5078639428591651,0,0,0.0627281610483881,7072015.390199236,0.004729292275320596,0.013288511176632545,0.011460837417291555,-0.040442295336962635,0,0,0.012852460997085128,0.0,0.5704431828128003,0.531182054280469,1.9374215322846995
2024-10-03,60649.27,61477.19,59828.11,60752.71,26221.43472,2364.01,2403.5,2309.75,2349.91,242598.38255,19861.5,19923.4,19662.1,19769.2,0.0,,0.001705378860227258,0.05679438029645634,0.021523630101699238,-0.16859578054152044,0,0,0.02714413891989348,15375633.869512767,-0.005964441774781171,-0.03099691556567208,0.027292137870100895,-0.5107992597172519,0,0,0.03989514492044376,40674045.446347944,-0.004767442445844039,0.043064422518862555,0.009605282716885894,-0.04501693146740984,0,0,0.013217530299658201,0.0,0.5346501398894623,0.4697273841294496,2.2408093887509715
2024-10-04,60752.72,62484.85,60459.9,62086.0,21294.65994,2349.91,2441.82,2339.15,2414.67,178050.43782,19771.9,20076.4,19754.9,20015.7,0.0,,0.021946181495442696,0.07098561519658997,0.021801321514278972,-0.15034963264520773,0,0,0.032615243372096724,970312.3179446424,0.027558502240511373,-0.014613463484705047,0.0277080836468612,-0.49731762002011,0,0,0.04251926764319765,6460814.584840451,0.012468891002165083,0.05757129044018594,0.009794978735408862,-0.033109351676963925,0,0,0.016062391023046907,0.0,0.5549105128715975,0.4963169738210274,2.225762795976196
2024-10-05,62086.0,62370.56,61689.26,62058.0,7807.46141,2414.67,2428.69,2389.83,2414.54,106665.69595000001,19771.9,20076.4,19754.9,20015.7,0.0,,-0.00045098734014104025,0.10462798148807395,0.02088162152121769,-0.15073281420443096,0,0,0.010978439524315892,17311546.46623498,-5.383758443189279e-05,0.01937820859227246,0.0269863514378682,-0.4973446832251846,0,0,0.016094162863319775,1980881725.250133,0.0,0.05961481450110129,0.009775198861437696,-0.033109351676963925,0,0,0.016062391023046907,0.0,0.5594641064624882,0.493608990202754,2.136181622020761
2024-10-06,62058.01,62975.0,61798.97,62819.91,8906.86177,2414.54,2458.32,2407.0,2439.95,89671.46725,19771.9,20076.4,19754.9,20015.7,0.0,,0.012277385671468632,0.1641299580063884,0.019283517400993815,-0.1403060334262959,0,0,0.018720657192918596,725468.3328890835,0.010523743653035211,0.09651803449608565,0.024390494284136536,-0.4920548675256112,0,0,0.021033217893809367,8520863.392135503,0.0,0.09122579378925333,0.007855001297402712,-0.033109351676963925,0,0,0.016062391023046907,0.0,0.43570614740271146,0.3210054131458506,2.454931848076397
2024-10-07,62819.91,64478.19,62128.0,62224.0,25966.1852,2439.95,2521.57,2402.8,2422.75,215272.47473,20040.2,20086.9,19771.2,19839.9,0.0,,-0.009486005312646983,0.1488739285159062,0.01946956439484896,-0.1484610949604646,0,0,0.03776983157624072,2737312.174204617,-0.007049324781245425,0.06567111658492597,0.024209616536913225,-0.49563553773547586,0,0,0.049022804664121344,30537984.279414125,-0.008783105262369029,0.08164144277739016,0.008127464711387,-0.04160165401838536,0,0,0.01591237859061793,0.0,0.4528943099248223,0.3419473461205557,2.395524450856934
2024-10-08,62224.01,63200.0,61860.31,62160.49,19702.22371,2422.75,2466.89,2400.71,2440.79,142339.21836,19851.3,20154.2,19728.2,20111.3,0.0,,-0.001020667266649511,0.1328694485779558,0.019433249128115778,-0.14933023284711705,0,0,0.02155211453448971,19303088.59986153,0.007446083995459762,0.06224295730207974,0.024178485068458846,-0.49187999758512935,0,0,0.02711417205085232,19115957.768837057,0.013679504432986045,0.09643776168876461,0.0083541730787729,-0.028491239595963468,0,0,0.021182121493886524,0.0,0.43377245101841805,0.34658657413636534,2.3261698893687903
2024-10-09,62160.5,62543.75,60301.0,60636.02,20011.15684,2440.79,2473.59,2350.7,2370.34,166891.71592,20117.7,20310.1,20023.9,20276.5,0.0,,-0.02452474232426416,0.0630065565723501,0.018943636219216214,-0.17019268968958334,0,0,0.036987091171221335,815957.5507802977,-0.028863605635880085,0.004700646391861962,0.024370169266040277,-0.5065461729505346,0,0,0.051844883012563736,5782079.34949558,0.008214287490117433,0.08445559275621206,0.007838800677002353,-0.020510987338836998,0,0,0.014114862032401898,0.0,0.3015295361778439,0.26228677239645304,2.416646733769627
2024-10-10,60636.01,61321.68,58946.0,60326.39,23967.92481,2370.34,2421.45,2330.95,2386.33,188114.31579,20276.9,20338.3,20132.1,20263.6,0.0,,-0.005106370767738344,0.04667916695800667,0.018923851066941128,-0.17442999348180802,0,0,0.03938044361679856,4693720.640933634,0.006745867681429596,-0.0010507191775088742,0.024293815847955726,-0.503217398726364,0,0,0.037924344076468886,27885817.779923715,-0.000636204473158708,0.07712915811743204,0.00783461162367395,-0.021134142630101785,0,0,0.010175881876862983,0.0,0.300393975041284,0.2516576626960069,2.415413529322048
2024-10-11,60326.4,63417.56,60087.64,62540.0,23641.35209,2386.33,2472.16,2382.21,2439.6,164248.46012,20265.5,20327.2,20148.0,20246.4,0.0,,0.036693891346722296,0.09072517353238685,0.019917626111451172,-0.14413661736351657,0,0,0.05324464342820592,644285.5957618629,0.022322981314403245,0.04229684696231728,0.02430007275090435,-0.4921277300008119,0,0,0.03687079849155592,7357815.886172189,-0.0008488126492822712,0.052947998523010575,0.006923476076665984,-0.02196501635178793,0,0,0.008850956219377308,0.0,0.335208988486097,0.3582627016101959,2.8768204183408335
2024-10-12,62539.99,63480.0,62487.23,63206.22,10911.30116,2439.6,2490.78,2434.25,2476.33,99241.53182,20265.5,20327.2,20148.0,20246.4,0.0,,0.010652702270546932,0.08728191133606922,0.019866493309256855,-0.135019359564027,0,0,0.01570684024452019,1024274.4648391589,0.015055746843744888,0.048417211056872134,0.02438673540614095,-0.48448133367474605,0,0,0.022828136799215047,6591600.332681462,0.0,0.04383332817768437,0.006802068477598418,-0.02196501635178793,0,0,0.008850956219377308,0.0,0.31927509184635644,0.3480287935978301,2.920650412176814
2024-10-13,63206.23,63285.72,62050.0,62870.02,11909.21995,2476.33,2485.2,2436.36,2468.96,100686.94434,20265.5,20327.2,20148.0,20246.4,0.0,,-0.005319096759781039,0.03920823828886899,0.018589831042150028,-0.13962027528584325,0,0,0.01965515519161599,2238951.10360414,-0.002976178457636869,0.012022314859220451,0.023682897499444872,-0.48601560922397297,0,0,0.019781608450521553,33830836.2434638,0.0,0.038676414005386794,0.006774024434407551,-0.02196501635178793,0,0,0.008850956219377308,0.0,0.3075702728989059,0.33668509105701505,2.7442776121311336
2024-10-14,62870.02,66500.0,62457.81,66083.99,37669.95222,2468.96,2654.07,2443.34,2629.55,227987.92799,20269.2,20521.6,20225.8,20480.5,0.0,,0.051120868102157546,0.10152779414542001,0.020573868454975525,-0.09563691686096022,0,1,0.06116746279999138,736879.9914728019,0.06504358110297459,0.08748966087675769,0.026350539004450765,-0.45258422381686947,0,1,0.08013918731341865,3505155.9135020394,0.01156254939149659,0.05068616134410675,0.007022601400723036,-0.010656438546743823,0,0,0.014443006762530176,0.0,0.3813962864420408,0.40754082040709205,2.9296606747822147
2024-10-15,66084.0,67950.0,64800.01,67074.14,43683.95423,2629.55,2689.88,2536.97,2606.95,275213.14613999997,20478.4,20503.6,20099.6,20179.2,0.0,,0.014983205463229288,0.13431204762226878,0.02039582907011307,-0.08208665897292841,0,0,0.04696280861744926,2915525.998888955,-0.008594626456998489,0.12556290018263216,0.02504295300627581,-0.4572890579298314,0,0,0.05865474980341024,32021499.39872068,-0.014711554893679368,0.03522893420546369,0.007630784041086473,-0.025211220659771598,0,0,0.020020615287028226,0.0,0.30872372112755636,0.41862420128630673,2.6728318128226025
2024-10-16,67074.14,68424.0,66750.49,67620.01,29938.25544,2606.95,2647.6,2588.81,2611.24,187891.72851,20177.0,20245.1,20054.6,20174.1,0.0,,0.008138307848598592,0.16157662445058296,0.02005299293623136,-0.07461639762531451,0,0,0.024748739315477695,3678678.5668681315,0.0016456011814571792,0.13741854549256005,0.02492765261306935,-0.45639597216237093,0,0,0.022514207809316636,114177474.37983677,-0.0002527354900095924,0.039318115079671534,0.007568891862399839,-0.025457584379574034,0,0,0.009442800422323674,0.0,0.2903324397476373,0.41162985458032875,2.6493926464879864
2024-10-17,67620.0,67939.4,66666.0,67421.78,25328.22861,2611.24,2648.05,2575.0,2605.7,169003.09689000002,20176.3,20444.9,20128.0,20235.3,0.0,,-0.0029315286998625734,0.11784645651862857,0.019229702439972313,-0.07732918621405814,0,0,0.018887071803799813,8639909.345623631,-0.0021215974020005746,0.11278137691588253,0.024783844474642124,-0.45754928105554826,0,0,0.02803469317266001,79658044.52352408,0.003033592576620503,0.04046626183265367,0.007574677545787189,-0.022501219741946046,0,0,0.01566075126140959,0.0,0.29508283604604574,0.40999806289817936,2.5386792951832433
2024-10-18,67421.78,69000.0,67192.36,68428.0,28725.635,2605.7,2676.13,2596.49,2642.37,181847.32737,20237.5,20383.4,20174.7,20337.8,0.0,,0.014924257413553965,0.10796650064224433,0.018973167152298086,-0.06355900948114347,0,0,0.026416671537966906,1924760.1375670787,0.014072993821238056,0.11255341992800139,0.02478086218396817,-0.4499153754395169,0,0,0.03013960951721384,12921713.777663298,0.005065405504242504,0.04792427747749595,0.007575292079106983,-0.017549792040036486,0,0,0.010261680221066228,0.0,0.32595372418291607,0.4235672857271094,2.5046086550960016
2024-10-19,68427.99,68693.26,68010.0,68378.0,8193.66737,2642.37,2663.66,2630.81,2648.58,106146.5156,20237.5,20383.4,20174.7,20337.8,0.0,,-0.000730695037119311,0.08626184886920152,0.01875459634888355,-0.0642432622654707,0,0,0.009992395214835104,11213371.954163933,0.0023501629219224718,0.07424367174603419,0.02392234329315573,-0.4486225869509552,0,0,0.01240287248261329,45165406.60045167,0.0,0.025225079899583447,0.006507263864841525,-0.017549792040036486,0,0,0.010261680221066228,0.0,0.2908412131674585,0.3496034193246546,2.8820972865785923
2024-10-20,68377.99,69400.0,68100.0,69031.99,12442.47378,2648.58,2760.0,2635.56,2747.05,160436.27601,20237.5,20383.4,20174.7,20337.8,0.0,,0.00956433355757702,0.09226017605720171,0.018792973228613778,-0.055293372697027485,0,0,0.018831848828347552,1300922.923261459,0.037178412583346754,0.07239615865084326,0.02383090044806839,-0.4281232499994795,0,0,0.045299503103329045,4315306.160457271,0.0,0.02756641505239421,0.006482725535021524,-0.017549792040036486,0,0,0.010261680221066228,0.0,0.2905932306299065,0.3711038744168161,2.898926406466677
2024-10-21,69032.0,69519.52,66840.67,67377.5,31374.42184,2747.05,2769.92,2655.24,2666.7,198717.03795,20360.9,20416.3,20206.5,20400.4,0.0,,-0.023967004283086846,0.0635928356203479,0.019433280448834727,-0.07793516047985831,0,0,0.03975882156506261,1309066.7644046277,-0.029249558617426064,0.02078157716438067,0.02428788906506912,-0.44485039252056285,0,0,0.04300446244421956,6793845.083636892,0.003078012371052985,0.03072927719000429,0.006491896238134787,-0.014525798145992102,0,0,0.010284112076233762,0.0,0.2652410130217012,0.3532172384956179,2.99346289610279
2024-10-22,67377.5,67836.01,66571.42,67426.0,24598.96268,2666.7,2671.6,2606.44,2622.87,188112.97918,20404.4,20466.8,20225.3,20384.4,0.0,,0.0007198248673518926,0.060511403493871185,0.019433368068637366,-0.07727143527906091,0,0,0.018755227953608348,34173063.567334466,-0.01643604454944314,0.016135780754836793,0.02438399776389848,-0.4539748562007007,0,0,0.02484301547541428,11445142.057305554,-0.0007842983470912612,0.029920877921605582,0.0064977627919151765,-0.015298703933607253,0,0,0.011847294990286689,0.0,0.2661226643844801,0.3554608457831693,2.990773714466785
2024-10-23,67426.01,67472.83,65260.0,66668.65,25530.2407,2622.87,2628.35,2447.94,2524.66,202175.57876,20378.0,20409.9,19946.8,20142.5,0.0,,-0.011232313944175898,0.05255226595394147,0.019559149301720157,-0.08763581220326536,0,0,0.03319146255398905,2272925.9614380826,-0.037443716234506486,-0.04631203584083177,0.024886846271759237,-0.4744200667420273,0,0,0.07145912716959903,5399451.3658655025,-0.011866917839131963,0.01480708966879285,0.006896853660204174,-0.026984073310113887,0,0,0.022991187787017607,0.0,0.29495873592376765,0.41167040687703105,2.8359483767352205
2024-10-24,66668.65,68850.0,66510.0,68198.28,22589.83877,2524.66,2562.4,2506.92,2535.83,198412.72376,20166.1,20297.2,20132.5,20261.8,0.0,,0.022943767422919148,0.06124205799009386,0.01980456333124993,-0.06670274047345646,0,0,0.034311715779342236,984573.6538323637,0.004424358131392081,-0.04434160294555467,0.024900141494774427,-0.47209471289062094,0,0,0.02187843822338249,44845437.32973041,0.005922800049646293,0.014418888744254899,0.006886050523242967,-0.02122109453120845,0,0,0.008128596669595037,0.0,0.3020116041292805,0.4140732490902281,2.87603677957844
2024-10-25,68198.27,68771.49,65596.29,66698.33,34479.71125,2535.83,2566.44,2382.24,2440.76,263696.21319,20259.3,20580.3,20237.1,20350.3,0.0,,-0.02199395644582236,0.05615529893664517,0.019982006358285422,-0.08722963975048861,0,0,0.047605389820105114,1567689.5449910646,-0.03749068352373763,-0.054009325183809964,0.025321547450855287,-0.49188624294014655,0,0,0.07546829676002567,7033644.576967825,0.004367825168543726,0.015828724317632714,0.006907985116999282,-0.01694595939346215,0,0,0.016864616246443576,0.0,0.28710808626313744,0.3912134293837932,2.892591268501833
2024-10-26,66698.32,67454.55,66439.9,67092.76,11842.9077,2440.76,2508.11,2429.84,2482.76,161894.47017,20259.3,20580.3,20237.1,20350.3,0.0,,0.005913641316056761,0.02944073241487888,0.019182850348593867,-0.08183184323604502,0,0,0.01512309226807794,2002638.821102642,0.017207754961569455,-0.05678096815615696,0.025238817660264215,-0.4831427459160582,0,0,0.03152539915255602,9408221.84238122,0.0,0.010376688694374137,0.006847350078361667,-0.01694595939346215,0,0,0.016864616246443576,0.0,0.261730309936673,0.3727877475025074,2.8014957777981566
2024-10-27,67092.76,68332.05,66913.73,68021.7,8653.19592,2482.76,2527.99,2464.0,2507.9,169463.10254,20259.3,20580.3,20237.1,20350.3,0.0,,0.013845607186230069,0.034236760100927466,0.019269462007717644,-0.06911924760658648,0,0,0.02085099313895429,624977.2620180409,0.010125827707873514,-0.06941104877252346,0.024883279816006448,-0.4779091384116396,0,0,0.025515371426292826,16735711.891593043,0.0,0.01797308788955032,0.0066867934515736915,-0.01694595939346215,0,0,0.016864616246443576,0.0,0.28201003042606526,0.4283375592145627,2.8817150297998833
2024-10-28,68021.69,70270.0,67618.0,69962.21,29046.75459,2507.9,2590.79,2471.26,2567.32,275969.89583,20412.7,20558.7,20368.2,20389.7,0.0,,0.028527808037729363,0.062319080445807806,0.019900327927636876,-0.042563260196290184,0,0,0.03790617820677763,1018190.5448073287,0.023693129710116168,-0.040419217629865445,0.02530020007397726,-0.46553917190756033,0,0,0.046558278671922367,11647670.98014326,0.0019360893942597102,0.01994397478865495,0.006689989421726901,-0.01504267889145977,0,0,0.009342952569189345,0.0,0.2818028121999877,0.42696423341162193,2.9746382134215446
2024-10-29,69962.21,73620.12,69760.0,72736.42,50128.60594,2567.32,2682.31,2561.09,2638.81,202330.46248,20398.3,20644.4,20317.7,20592.7,0.0,,0.03965297837218107,0.10875291778407403,0.020997907015667137,-0.004598041860122107,0,0,0.05306997512387873,1264182.2974222088,0.027846158640138174,-0.007066552779021684,0.025815981778142878,-0.4506564909015586,0,0,0.04593737328568552,7266007.22328298,0.009956007199713568,0.03009854434495529,0.006898770583206798,-0.005236436711092542,0,0,0.015864845309260113,0.0,0.3372441386109361,0.45473546237597656,3.043712836262806
2024-10-30,72736.41,72961.0,71436.0,72344.74,26885.99056,2638.81,2722.65,2599.39,2659.09,259935.4772,20618.6,20675.7,20361.5,20394.1,0.0,,-0.00538492271134583,0.14238896506246346,0.019801187539552047,-0.0099582044714277,0,0,0.021079625139298307,4992818.295269007,0.007685282381073355,0.02194081475787857,0.02554023590069898,-0.44643463090992735,0,0,0.04635420388177918,33822457.79485835,-0.009644194301864362,0.017750918236984825,0.007160940925511563,-0.01483012979986571,0,0,0.015406416561652671,0.0,0.3834913116815351,0.4350911297139066,2.7651617425569066
2024-10-31,72344.75,72700.0,69685.76,70292.01,29352.10297,2659.09,2669.1,2502.49,2518.44,190906.33754,20355.7,20384.3,19899.2,19929.9,0.0,,-0.028374281253896405,0.15600868864769102,0.019009399569590482,-0.03804992883086802,0,0,0.042881687406577294,1034461.1855624524,-0.05289403517744795,0.028795522784370586,0.025048207897056647,-0.4757149370155946,1,0,0.06615603309985552,3609221.735633019,-0.022761484939271548,0.008067616234370467,0.007954285115703287,-0.03725405896305013,0,0,0.024340312796351137,0.0,0.3945944584617292,0.47208037265287917,2.389828299438164
2024-11-01,70292.01,71632.95,68820.14,69496.01,38301.86755,2518.44,2586.69,2467.0,2511.57,166190.57353,19959.4,20179.4,19910.2,20062.0,0.0,,-0.011324188908526045,0.14586702430762566,0.019196107241944826,-0.04894323315735732,0,0,0.04047440996972341,3382302.6122547477,-0.0027278791632915356,0.06241936370827528,0.024150750847786884,-0.47714512331453474,0,0,0.04765545057474012,60922773.46395941,0.006628231952995112,0.009972865348697901,0.007998193695701476,-0.030872755554052615,0,0,0.013418402950852394,0.0,0.3730587147515636,0.510194336422246,2.4000523082778584
2024-11-02,69496.0,69914.37,69000.14,69374.74,10521.67243,2511.57,2523.49,2470.0,2494.1,67858.65108,19959.4,20179.4,19910.2,20062.0,0.0,,-0.0017449922664622974,0.14192008883225138,0.019225140144892027,-0.05060281986046441,0,0,0.01317813947843258,6029603.876292348,-0.006955808518178008,0.061359796758173824,0.024163126989284585,-0.4807820017195544,0,0,0.0214466140090613,9755667.273759572,0.0,0.014810917993646644,0.007939915196072957,-0.030872755554052615,0,0,0.013418402950852394,0.0,0.37238285136171234,0.5066853520490827,2.421325096916615
2024-11-03,69374.74,69391.0,67478.73,68775.99,24995.70243,2494.1,2496.48,2410.68,2457.67,127490.20846,19959.4,20179.4,19910.2,20062.0,0.0,,-0.008630662976178316,0.1077535998453758,0.019084393420881002,-0.058796746952782836,0,0,0.027804325317599993,2896147.5540773137,-0.014606471272202382,0.017807816388988984,0.0238658624016979,-0.4883659444954481,0,0,0.03491111499916595,8728331.354015209,0.0,0.002313184150441794,0.007612505967611034,-0.030872755554052615,0,0,0.013418402950852394,0.0,0.3407206935952972,0.47605152832208486,2.506975814839582
2024-11-04,68775.99,69500.0,66835.0,67850.01,29800.39187,2457.67,2491.44,2357.48,2398.31,180896.83531,20019.9,20148.7,19914.0,20015.1,0.0,,-0.01346371022794457,0.09333220535627951,0.019325786378472296,-0.07146883481740932,0,0,0.03927781292884113,2213384.663783188,-0.02415295788287286,-0.006721777232930548,0.02429944223868804,-0.500723420289493,0,0,0.05585599859901349,7489631.758185541,-0.0023377529658060725,-2.997646847235913e-05,0.007625573562050929,-0.033138335643999595,0,0,0.011726146759196844,0.0,0.34530032443364683,0.4777613992555906,2.5343354015091997
2024-11-05,67850.01,70577.91,67476.63,69372.01,33355.06888,2398.31,2480.43,2380.56,2422.7,195877.58138,20014.6,20288.0,19945.5,20266.6,0.0,,0.022431831623900944,0.10429973554562544,0.019578300852609243,-0.05064018006248882,0,0,0.04470506188302745,1486951.8713283194,0.010169661136383512,-0.0070698170044468656,0.024294270050180075,-0.4956459466605046,0,0,0.041222602881083044,19260955.32029731,0.012565513037656517,0.012535159899478732,0.007961710597129823,-0.02098922279492394,0,0,0.016899726643837647,0.0,0.37903176459668286,0.48036277781425873,2.4590539964021296
2024-11-06,69372.01,76400.0,69298.0,75571.99,104126.994787,2422.7,2745.17,2420.22,2721.9,357278.84528,20266.5,20838.6,20228.8,20827.0,0.0,,0.0893729329739763,0.21451513885317564,0.02491125316824622,0.0,0,1,0.09397661752720815,1165084.0995279723,0.12349857596896041,0.12347538953668358,0.03308172705709709,-0.43335893928890384,0,1,0.11938351886549846,2892979.2392100496,0.027651406748048668,0.0497532749661036,0.009189533375060467,0.0,0,0,0.02927930090747584,0.0,0.5738752512005131,0.6611655631784356,2.7108260064208367
2024-11-07,75571.99,76849.99,74416.0,75857.89,44869.422345,2721.9,2916.21,2699.36,2895.66,258562.84864,20824.9,21159.4,20767.9,21130.5,0.0,,0.0037831476979763856,0.2203554058212862,0.02487471997505201,0.0,0,0,0.03208618114740609,11860309.806540893,0.06383776038796429,0.1863617926982657,0.03481735150498338,-0.397185843029247,0,1,0.07488793573831179,4050311.391964723,0.014572430018725768,0.050677977057674184,0.009231155908565998,0.0,0,0,0.01852772059345496,0.0,0.5803723183411754,0.7036045407641399,2.6946455324749046
2024-11-08,75857.89,77199.99,75555.0,76509.78,36521.099583,2895.66,2982.23,2886.78,2962.2,180570.58907,21129.4,21170.7,21028.1,21132.9,0.0,,0.008593568843003663,0.26178763052060483,0.024154096217317265,0.0,0,0,0.021500388577774046,4249812.592658428,0.022979217173286992,0.2496941367061265,0.03429558367806999,-0.3833336456010842,0,0,0.032222672338127006,7857992.251363031,0.00011357989635851773,0.042236086109535664,0.009151879097786367,0.0,0,0,0.006747772430665085,0.0,0.6358884513354259,0.7443305370426386,2.6392470406093085
2024-11-09,76509.78,76900.0,75714.66,76677.46,16942.07915,2962.2,3157.97,2954.73,3126.22,194377.62001,21129.4,21170.7,21028.1,21132.9,0.0,,0.0021916152418686163,0.2710434023981878,0.02405350963760304,0.0,0,0,0.015458780194336072,7730372.34027972,0.05537100803456885,0.31005351313523266,0.03536620919348265,-0.3491882079370135,0,1,0.0650114195418108,3510457.761290347,0.0,0.042899583489607096,0.009147685534476528,0.0,0,0,0.006747772430665085,0.0,0.635879385563496,0.7145719681883707,2.629461108204613
2024-11-10,76677.46,81500.0,76492.0,80370.01,61830.100435,3126.22,3249.09,3069.05,3183.42,259492.93542,21129.4,21170.7,21028.1,21132.9,0.0,,0.04815691599591321,0.2850976974736168,0.024604864963286614,0.0,0,0,0.06231180013539877,1283929.5523191649,0.01829685690706362,0.30489424495818995,0.03532399059901237,-0.3372803977042074,0,0,0.05655552833116584,14182369.950989867,0.0,0.043785561877667245,0.009141667967216117,0.0,0,0,0.006747772430665085,0.0,0.6231515837428264,0.7176794721644495,2.6915042349473013
2024-11-11,80370.01,89530.54,80216.01,88647.99,82323.665776,3183.42,3388.77,3104.57,3371.19,317318.66019,21196.4,21254.3,21012.3,21124.0,0.0,,0.10299836966550102,0.4025200367938473,0.030036911213856522,0.0,0,1,0.10507322275440197,799271.4646905658,0.058983734474244764,0.36136540767991354,0.036454831221588054,-0.29819072065151536,0,1,0.08430257564836151,5379764.5947784325,-0.00042114428213835264,0.04334597755650371,0.009144325852834938,-0.00042114428213834614,0,0,0.011456163605377769,0.0,0.4884447083846816,0.6864437184678769,3.2847559076195174
2024-11-12,88648.0,89940.0,85072.0,87952.01,97299.887911,3371.19,3443.88,3208.47,3243.88,332216.79055,21130.6,21167.8,20971.6,21094.1,0.0,,-0.00785105223479976,0.3989499287577767,0.030090062141828345,-0.007851052234799802,0,0,0.055348365546165464,12393213.17308111,-0.03776411296901094,0.31386494718423963,0.037452994632914696,-0.3246939255595317,0,0,0.07257050199144244,8797153.60588714,-0.0014154516190115762,0.04186917180338212,0.009155740713156094,-0.0018359997917939757,0,0,0.009301179002659546,0.0,0.49089464613570044,0.6791788947753316,3.2864658600404324
2024-11-13,87952.0,93265.64,86127.99,90375.2,86763.854127,3243.88,3331.48,3116.04,3187.17,375996.61043,21093.7,21187.6,20977.2,21085.7,0.0,,0.027551274837266382,0.3675808618698717,0.029322510926581558,0.0,0,0,0.07897797183298066,3149176.33204683,-0.017482151004352797,0.21205909756422203,0.03626738467173257,-0.3364997283270567,0,0,0.06759601778380195,21507444.665243756,-0.0003982156147926963,0.029550059812992968,0.008956587270400641,-0.002233484282800786,0,0,0.009978326543581566,0.0,0.4573553470986987,0.659169155388754,3.2738449705096455
2024-11-14,90375.21,91790.0,86668.21,87325.59,56729.51086,3187.17,3240.17,3028.52,3059.09,256523.98513000002,21081.7,21112.0,20872.4,20903.3,0.0,,-0.03374388106471693,0.3019263459807311,0.030417014173788767,-0.033743881064716874,0,0,0.05865165067879866,1681178.6984257172,-0.040186121229805694,0.17343639118510157,0.03718429868796055,-0.36316323068051465,0,0,0.06918724195757564,6383395.895042976,-0.008650412364778148,0.0358834839835076,0.008652936638819289,-0.010864576087522402,0,0,0.011462304994905042,0.0,0.5225828751929218,0.6887059660164611,3.515220357112849
2024-11-15,87325.59,91850.0,87073.38,91032.07,47927.95068,3059.09,3131.49,3014.01,3089.5,210068.57405,20898.8,20899.7,20327.4,20425.2,0.0,,0.04244437398018164,0.3462297624623245,0.031012260507195914,0.0,0,0,0.05247183767215219,1129194.1638822884,0.009940864766973201,0.18315436344418745,0.037181681576379876,-0.35683252247807357,0,0,0.03802557048066016,21131799.662934665,-0.022871986719800175,0.012446651895251959,0.009706311655724522,-0.03348806836733249,0,0,0.028019309480445686,0.0,0.36816096401600884,0.6049167873360081,3.1950579845976703
2024-11-16,91032.08,91779.66,90056.17,90586.92,22717.87689,3089.5,3220.02,3071.25,3132.84,161108.76374,20898.8,20899.7,20327.4,20425.2,0.0,,-0.004890034907478302,0.3435854111238237,0.031043355743383974,-0.004890034907478307,0,0,0.01902581520599227,4645739.9307842245,0.014028159896423364,0.2023026442030933,0.03717288023044774,-0.34781006626321664,0,0,0.04748726395219672,11484660.146657936,0.0,0.009384590295177242,0.009694348208346859,-0.03348806836733249,0,0,0.028019309480445686,0.0,0.37296291918293223,0.6076916322272682,3.2022084470383603
2024-11-17,90587.98,91449.99,88722.0,89855.99,23867.55609,3132.84,3161.88,3034.12,3075.88,196491.20069,20898.8,20899.7,20327.4,20425.2,0.0,,-0.008068824947354392,0.31314651896884316,0.03120973789187945,-0.012919403019177765,0,0,0.030359578699205306,2957992.850978528,-0.018181586036950526,0.164061051253231,0.03742118993396821,-0.359667913655885,0,0,0.041536080731368004,10807148.07933639,0.0,0.004297416633067597,0.009653537457948952,-0.03348806836733249,0,0,0.028019309480445686,0.0,0.3703815938177694,0.6032783181680229,3.232981246306573
2024-11-18,89855.98,92594.0,89376.9,90464.08,46545.03448,3075.88,3224.69,3050.22,3207.7,197967.64295,20435.3,20654.2,20406.2,20561.1,0.0,,0.006767384122082332,0.32299979525578415,0.031154323896635135,-0.006239449459954115,0,0,0.03556218114416248,6877837.117262215,0.042856028193557494,0.21110179794455886,0.03802079845684403,-0.33222582371028214,0,0,0.054390996664276665,4619364.068509727,0.006653545620116219,0.010979555310800526,0.009725233872354843,-0.027057337137827882,0,0,0.012061611489657655,0.0,0.36582820581101944,0.6108722595348124,3.2034491171162287
2024-11-19,90464.07,93905.51,90357.0,92310.79,43660.04682,3207.7,3221.77,3065.16,3107.33,167780.99011,20567.4,20725.3,20315.8,20687.0,0.0,,0.020413737695668788,0.33721757115795126,0.031214091748561584,0.0,0,0,0.03844090165407527,2138757.0509291347,-0.03129033263709191,0.1311515989880052,0.0382066283206816,-0.3531206998128475,0,0,0.05040018279358811,5362069.442829003,0.006123213252209325,0.017169998721592306,0.00978043539037159,-0.021099801730950385,0,0,0.019795040363513317,0.0,0.3696371730400731,0.5866648948619829,3.1914795801927855
2024-11-20,92310.8,94831.97,91500.0,94286.56,42203.198712,3107.33,3159.53,3029.3,3070.02,181977.6968,20690.8,20778.3,20412.5,20671.6,0.0,,0.02140345673566446,0.3993775370116137,0.0305951740312665,0.0,0,0,0.03533875877961823,1971792.6648619531,-0.012007092906128447,0.15124310946113173,0.03780428159837414,-0.360887839669246,0,0,0.042419919088475,15155837.192593582,-0.0007444288683715605,0.013293856983196184,0.009772122023772126,-0.021828523297796464,0,0,0.01769577584705583,0.0,0.3860519692549008,0.6035815837287634,3.1308596687845918
2024-11-21,94286.56,98988.0,94040.0,98317.12,69228.360477,3070.02,3388.45,3032.51,3356.14,296235.04024,20667.0,20839.2,20448.7,20728.2,0.0,,0.04274798019993509,0.4581484887135525,0.03103412089630682,0.0,0,0,0.05032694204224046,1619452.9883911388,0.09319808991472356,0.2795678016828893,0.04080302355138852,-0.30132380708514706,0,1,0.10605636236867343,3178552.3579456625,0.002738056076936557,0.01686583858244539,0.009777486205506423,-0.019150234941725967,0,0,0.018839069480225006,0.0,0.3861805710779384,0.5724980524719874,3.1740355858005076
2024-11-22,98317.12,99588.01,97122.11,98892.0,46189.309243,3356.14,3426.31,3257.65,3327.82,218016.86327,20725.1,20815.8,20630.0,20815.2,0.0,,0.0058472013826280644,0.483335870757845,0.030727477471046816,0.0,0,0,0.024935282934918843,7899373.944343353,-0.008438265388213795,0.31812600508583344,0.03999952164637216,-0.3072194222213894,0,0,0.05068182774308702,25836661.31286924,0.004197180652444565,0.033397046046915735,0.009507105684654266,-0.015033431284868651,0,0,0.008926169337791579,0.0,0.36115048981042913,0.5409507425965485,3.232050444136806
2024-11-23,98892.0,98908.85,97136.0,97672.4,24757.84367,3327.82,3496.03,3312.4,3394.01,238504.13361,20725.1,20815.8,20630.0,20815.2,0.0,,-0.012332645714516866,0.4321827471308659,0.031033826060602336,-0.012332645714516905,0,0,0.018150982263157308,2007503.0263641712,0.01988989789111195,0.33842173962765654,0.04002485257107802,-0.29344008726842735,0,0,0.05410414229775401,11991213.580057777,0.0,0.02731247964149297,0.00946575355984379,-0.015033431284868651,0,0,0.008926169337791579,0.0,0.3566008714729631,0.5446492396702801,3.2785338303035405
2024-11-24,97672.4,98564.0,95734.77,97900.04,31200.97838,3394.01,3449.7,3281.76,3360.69,166880.75064,20725.1,20815.8,20630.0,20815.2,0.0,,0.002330648166728677,0.46780346674347006,0.03041322909576105,-0.010030740605913586,0,0,0.028899171032003623,13387196.297341984,-0.009817295765186307,0.37690309575705916,0.03919053422852979,-0.3003765949075375,0,0,0.04997188077448369,16998630.238429073,0.0,0.02284487206576813,0.009444810286334968,-0.015033431284868651,0,0,0.008926169337791579,0.0,0.38044271712230143,0.5749580727900032,3.220096113397072
2024-11-25,97900.05,98871.8,92600.19,93010.01,50847.45096,3360.69,3547.25,3300.0,3414.23,317281.42839,20877.2,21024.7,20724.9,20845.3,0.0,,-0.04994921350389636,0.386289817261952,0.03251867840022772,-0.05947892650568302,0,0,0.0674294089421128,1017982.8112049344,0.01593125221308722,0.37517520823599537,0.03918474504190073,-0.2892307179868306,0,0,0.07241749969978589,19915649.127246145,0.0014460586494484673,0.024323965740062903,0.009444295988426681,-0.013609111858760613,0,0,0.014382138899416141,0.0,0.35085698601417814,0.5757803735257687,3.4432046611023646
2024-11-26,93010.01,94973.37,90791.1,91965.16,57858.73138,3414.23,3462.43,3252.0,3324.75,259598.93476,20845.4,20971.5,20702.1,20945.8,0.0,,-0.011233737099909935,0.3519973773075358,0.032776140276690804,-0.07004449298224322,0,0,0.04547667834210248,5150439.195881832,-0.026207959042009454,0.3257107540173052,0.03978225009258984,-0.3078585302181502,0,0,0.06329197684036389,9905343.460375808,0.004821230685094546,0.02926246787516651,0.0094704132266497,-0.008853493841356471,0,0,0.012861767036828455,0.0,0.33779597980148096,0.5523187989245142,3.4608949877191333
2024-11-27,91965.16,97208.21,91792.14,95863.11,41153.42734,3324.75,3685.0,3302.0,3653.12,266173.95248,20939.6,20966.0,20623.9,20755.1,0.0,,0.04238507278190995,0.3702127191236524,0.03313309807134481,-0.030628261133357596,0,0,0.056497958390876395,970941.2991299944,0.09876532070080457,0.4229313057974853,0.04290029338252058,-0.2394989559848196,0,1,0.10484188857743518,2695014.035707893,-0.00910445053423603,0.017920812959484334,0.009645884450907426,-0.017877338178858695,0,0,0.01648269581934072,0.0,0.2921661218131717,0.4294877724782884,3.434943046492475
2024-11-28,95863.11,96564.0,94640.0,95643.98,28814.54357,3653.12,3661.54,3529.33,3578.97,191658.90304,20762.0,20860.1,20759.6,20841.0,0.0,,-0.002285863665387078,0.31493933850469946,0.03276824158717215,-0.03284411276948594,0,0,0.020116268687271274,12605483.84904758,-0.020297718114926422,0.35628180884565386,0.04321294848040545,-0.254935391802347,0,0,0.036940795815555885,9442382.02200861,0.004138741803219492,0.012057670922219987,0.0095096003900989,-0.013812586062490308,0,0,0.004822225421045055,0.0,0.264102625666774,0.41016136614340903,3.445802745114499
2024-11-29,95643.99,98619.99,95364.99,97460.0,27701.78231,3578.97,3645.27,3534.26,3591.62,178969.01915,20838.2,20969.7,20758.5,20943.6,0.0,,0.018987290156683212,0.3471608302137792,0.032684102248305806,-0.014480443311895805,0,0,0.033398317258362405,1458963.7326742017,0.003534536472784122,0.3506951626308248,0.04323083600281983,-0.2523019337700918,0,0,0.03090805820214827,50634224.37024237,0.0049229883402908126,0.02694406715667763,0.009347281515504294,-0.008957596922334507,0,0,0.010084226207528827,0.0,0.2556122737800618,0.41147578644572247,3.4966388064492144
2024-11-30,97460.0,97463.95,96092.01,96407.99,14503.83306,3591.62,3739.0,3568.0,3703.83,170484.4853,20838.2,20969.7,20758.5,20943.6,0.0,,-0.010794274574184248,0.37153554152171786,0.032116045018109926,-0.02511841200501552,0,0,0.014230563255182503,1343658.5778632849,0.03124216927180501,0.47068423309667873,0.041646824481641566,-0.2289422242207358,0,0,0.04616842565668511,5456869.183701803,0.0,0.050863275781614314,0.00821297904634283,-0.008957596922334507,0,0,0.010084226207528827,0.0,0.17655469300307444,0.3253189475151314,3.9103966700662913
2024-12-01,96407.99,97836.0,95693.88,97185.18,16938.60452,3703.83,3746.71,3658.55,3706.65,158642.22665,20838.2,20969.7,20758.5,20943.6,0.0,,0.008061468764155144,0.3984281975324915,0.03184380141556011,-0.017259434534643923,0,0,0.02204163227356265,2101178.3340937938,0.0007613740371452682,0.47582985941064737,0.04160407859252385,-0.22835516084911842,0,0,0.023784279605573725,208360326.60313293,0.0,0.04394377429967089,0.008164497510091802,-0.008957596922334507,0,0,0.010084226207528827,0.0,0.19503731265673402,0.33815290820106375,3.9002721690437956
2024-12-02,97185.17,98130.0,94395.0,95840.62,37958.66981,3706.65,3760.7,3554.46,3643.4,222452.98228,20958.2,21220.2,20900.9,21170.9,0.0,,-0.01383503122595442,0.38149159189641635,0.03209554005440632,-0.030855680944869197,0,0,0.03897094989577488,2743661.488972643,-0.01706392564714765,0.46080750571348394,0.04181887542898175,-0.2415224510103943,0,0,0.05660646648734692,13036440.530481283,0.010852957466720214,0.0552736516797927,0.008335914436994,0.0,0,0,0.015082022965485607,0.0,0.15663698523543726,0.2981242891921823,3.850267633421618
2024-12-03,95840.61,96305.52,93578.17,95849.69,35827.32283,3643.4,3670.91,3501.25,3614.85,262727.88632,21171.3,21291.3,21097.8,21287.2,0.0,,9.463628261174861e-05,0.39365045853938274,0.031947776206390756,-0.030763964729199508,0,0,0.02845444779216298,378539144.289146,-0.007836087171323558,0.47084433630226985,0.041679856612312174,-0.24746594720176865,0,0,0.04693417430875413,33527900.50657627,0.005493389511074032,0.06107068088924339,0.008354679502721611,0.0,0,0,0.009089969559171709,0.0,0.14677893591814672,0.28547739934672095,3.8239333964456126
2024-12-04,95849.69,99000.0,94587.83,98587.32,43850.53728,3614.85,3887.27,3614.29,3837.56,351129.81399,21285.0,21513.5,21271.7,21483.0,0.0,,0.028561699051921963,0.4530185036081795,0.03173134480330931,-0.003080936779516978,0,0,0.044753929815720704,1535291.0850077167,0.06160974867560198,0.6001100775129153,0.04193077743698917,-0.2011025133390374,0,1,0.07113374123140746,5699256.441480764,0.009198015708970608,0.07333962858042176,0.008412864762914392,0.0,0,0,0.011255411255411222,0.0,0.1463292928147585,0.2960870705455709,3.771760034178486
2024-12-05,98587.32,104088.0,90500.0,96945.63,109921.729662,3837.56,3956.79,3661.02,3784.94,460102.48948,21478.5,21534.5,21403.7,21419.7,0.0,,-0.016652141472148774,0.39747471638777676,0.032130770210707475,-0.01968177405654649,0,0,0.14016103665528812,6601052.713569619,-0.01371183773022433,0.5622817517645604,0.04228249503797258,-0.2120568660392166,0,0,0.07814390716893795,33555104.93788663,-0.0029465158497415933,0.05689656873871307,0.008241228393092498,-0.0029465158497416224,0,0,0.0061065281026344564,0.0,0.15303694999505202,0.3210305106956257,3.8987793676297855
2024-12-06,96945.63,101898.99,95981.72,99740.84,45049.5331,3784.94,4087.75,3777.29,3998.96,392949.63146,21411.7,21636.2,21390.6,21601.1,0.0,,0.028832759145512643,0.3198122743624985,0.0288143332683173,0.0,0,0,0.059326450428931664,1562442.1252306676,0.0565451499891676,0.4691796171791762,0.03794742064494627,-0.16750250334646935,0,1,0.07763518514813852,6949306.210032435,0.008468839432858477,0.03716809910212704,0.006788837431366163,0.0,0,0,0.011369791353218224,0.0,-0.13263197576327299,0.09295242934780706,4.244363061568878
2024-12-07,99740.84,100439.18,98844.0,99831.99,14931.9459,3998.96,4024.59,3967.48,3996.53,133079.07231,21411.7,21636.2,21390.6,21601.1,0.0,,0.0009138683812970338,0.3160396367470808,0.02883934584262534,0.0,0,0,0.0159786457226786,16339095.229288213,-0.0006076579910776481,0.38017930281870127,0.03681153045524761,-0.16800837710286298,0,0,0.014289896485200944,218999641.68590719,0.0,0.02227112467759862,0.006306139472731835,0.0,0,0,0.011369791353218224,0.0,-0.1259463909841029,0.0015877282122631268,4.573210001971629
2024-12-08,99831.99,101351.0,98657.7,101109.59,14612.99688,3996.53,4016.13,3923.5,4004.57,127789.89644,21411.7,21636.2,21390.6,21601.1,0.0,,0.012797501081567075,0.32152503902115526,0.028844559181567173,0.0,0,0,0.026637433699414695,1141862.4126880316,0.0020117451889514193,0.3518904868003512,0.036783821656578626,-0.1663346219582518,0,0,0.023131072749383856,63521594.04972506,0.0,0.02215502841540906,0.006306571198314065,0.0,0,0,0.011369791353218224,0.0,-0.1264913055228267,0.003731615988721987,4.573723587239021
2024-12-09,101109.6,101215.93,94150.05,97276.47,53949.11595,4004.57,4006.51,3453.99,3711.75,407810.65264,21615.3,21681.4,21412.1,21447.7,0.0,,-0.0379105483466009,0.26864491859798156,0.03010745441360734,-0.0379105483466009,0,0,0.07263709301951428,1423063.0806532851,-0.07312145873339715,0.18729647945442096,0.03883112376220614,-0.2272934504961934,1,0,0.1488570081497947,5577167.139884576,-0.007101490201887772,0.014896204496306575,0.006466933107228264,-0.007101490201887766,0,0,0.012556124899173474,0.0,-0.05461881929797768,0.0942783592607409,4.65559289982859
2024-12-10,97276.48,98270.0,94256.54,96593.0,51708.68933,3711.75,3781.07,3515.6,3628.25,434600.84083,21447.5,21583.2,21328.9,21410.6,0.0,,-0.007026056763778543,0.2018537760540282,0.02926821589859196,-0.04467024344575027,0,0,0.04155021585415099,7359549.954260842,-0.022496127163736834,0.13973336851562146,0.03911526358598195,-0.24467635529408333,0,0,0.07316750499552133,19318909.627318807,-0.0017297892081669097,0.013140647994359433,0.006479367394513571,-0.008818995328941582,0,0,0.01187729442425711,0.0,-0.04665545909775854,0.1027561386622468,4.5171339955247705
2024-12-11,96593.0,101888.0,95658.24,101125.0,37753.78291,3628.25,3848.89,3562.11,3832.15,206835.26029,21415.0,21798.8,21384.4,21734.9,0.0,,0.04691851376393741,0.14074780488536742,0.02425792951329227,0.0,0,0,0.0616045488257107,804666.8965961451,0.056197891545511025,0.13673509947525941,0.03898600597255426,-0.20222875902714016,0,1,0.07483527523713836,3680480.135410351,0.015146703034945475,0.02891971217572431,0.0070085235424854715,0.0,0,0,0.01906611026505748,0.0,0.09129291034722614,0.19620921315708886,3.461199032043094
2024-12-12,101125.0,102540.0,99311.64,100004.29,29232.08745,3832.15,4000.0,3796.79,3881.75,338112.2985,21734.9,21754.6,21586.8,21613.2,0.0,,-0.011082422744128628,0.13703245667722652,0.024322590788996002,-0.011082422744128618,0,0,0.03228221509297252,2637695.903499788,0.012943125921480059,0.19663797674389927,0.03815845328800686,-0.191903105398693,0,0,0.052350099826109366,26122904.105401415,-0.005599289621760373,0.02460877686177665,0.0070987684939476416,-0.005599289621760427,0,0,0.007763773989969059,0.0,0.1045181604856867,0.17915785101808834,3.4263064849443094
2024-12-13,100004.29,101895.26,99205.0,101424.25,21904.03923,3881.75,3969.05,3852.79,3906.88,248129.80073,21709.9,21931.4,21684.0,21801.2,0.0,,0.014198990863292016,0.12225754410501999,0.024007784082488923,0.0,0,0,0.026524820247623173,1542646.5172368179,0.0064738842017131315,0.22581475101736026,0.03788483806963545,-0.18667157967928014,0,0,0.029757760668359463,38327750.346049756,0.008698388022134518,0.03393294981907169,0.007237198101038456,0.0,0,0,0.011347999192705054,0.0,0.12530943718595602,0.17212304374124307,3.3172714874737514
2024-12-14,101424.24,102650.0,100609.41,101420.0,14191.70326,3906.88,3945.51,3824.95,3870.11,187570.03811999998,21709.9,21931.4,21684.0,21801.2,0.0,,-4.19031937628489e-05,0.1614006844958047,0.02293915944758115,-4.1903193762832854e-05,0,0,0.020120193255768058,338597515.1475875,-0.009411602096813798,0.265118057984564,0.036954641589668075,-0.1943263031453689,0,0,0.031151569335238636,19929639.703648627,0.0,0.04295494012907053,0.007002254436583127,0.0,0,0,0.011347999192705054,0.0,0.054891193904640645,0.12156831614356423,3.2759630338631855
2024-12-15,101420.0,105250.0,101237.14,104463.99,22228.921775,3870.11,3976.18,3830.61,3960.25,159759.97593,21709.9,21931.4,21684.0,21801.2,0.0,,0.030013705383553635,0.1475515167347068,0.022348880300584694,0.0,0,0,0.038413811304737644,740625.4604246896,0.02329132763668218,0.2818417219614824,0.03705266278380878,-0.17556109310367077,0,0,0.03675778044315377,6859201.408784248,0.0,0.06736776139278922,0.00530480136434373,0.0,0,0,0.011347999192705054,0.0,0.32969432356174444,0.16063919692636772,4.212945336907286
2024-12-16,104463.99,107793.07,103333.0,106058.66,41302.40274,3960.25,4108.86,3883.7,3986.65,320017.22362,21838.2,22226.6,21812.6,22184.6,0.0,,0.01526526030644626,0.17079441491111536,0.022349271634525898,0.0,0,0,0.04205286018133745,2705645.0302461204,0.006666245817814609,0.27253546303034937,0.03704231443176865,-0.1700651806885295,0,0,0.056478496983683006,48005541.996273234,0.01758618791626132,0.08613869142040209,0.005982892936037675,0.0,0,0,0.01866159407877537,0.0,0.3251817073317956,0.13937587160143422,3.7355230184174193
2024-12-17,106058.65,108353.0,105321.49,106133.74,29064.936466,3986.65,4042.31,3847.09,3892.99,267565.09089,22188.7,22205.5,22024.3,22083.9,0.0,,0.0007079101319968917,0.1811537550251241,0.022222464193808175,0.0,0,0,0.028563112917720554,41056801.68187054,-0.02349340925338328,0.26565080562310617,0.03718771857578849,-0.18956317905224657,0,0,0.05014654545734765,11388937.81293534,-0.004539184839933874,0.08120850713824113,0.006111515364159999,-0.004539184839933878,0,0,0.00820507247361203,0.0,0.3198426031657583,0.16020537112130537,3.6361567480563917
2024-12-18,106133.74,106524.98,100000.0,100204.01,50307.99755,3892.99,3908.0,3617.25,3626.76,415778.25661,22088.5,22170.2,21099.7,21246.9,0.0,,-0.0558703575319216,0.10766626930821599,0.02490897449342306,-0.05587035753192161,1,0,0.06511695490030785,900441.5000716876,-0.0683870238556995,0.13064189294510098,0.039142501468939266,-0.24498654125993782,1,0,0.08016797361832599,6079781.987435156,-0.0379009142406912,0.03335424661131947,0.009546673824162117,-0.04226805982528408,0,0,0.050383820698548965,0.0,0.5310425487587449,0.3570954302821065,2.6091755998433563
2024-12-19,100204.01,102800.11,95700.0,97461.86,55147.398,3626.76,3720.63,3323.0,3417.08,544657.73177,21303.0,21489.2,21137.0,21200.0,0.0,,-0.027365671293993032,0.055801385731830466,0.025328444969466044,-0.08170709898661825,0,0,0.07285013850546256,2015202.8158021872,-0.057814688592573105,0.09968365123755762,0.04026982629177061,-0.28863740926019604,1,0,0.11636543481569063,9420748.443371922,-0.002207380841440454,0.024798182433412252,0.009517806827977371,-0.04438213896126135,0,0,0.016613207547169846,0.0,0.5249057609662802,0.3825450145248653,2.6611612124130977
2024-12-20,97461.86,98233.0,92232.54,97805.44,62884.1357,3417.08,3497.92,3101.69,3472.2,527302.97366,21204.6,21605.3,20800.8,21346.1,0.0,,0.0035252764517319513,0.03732111978631947,0.02506814670596126,-0.0784698626468831,0,0,0.061350984157936474,17838021.551158037,0.01613073150175004,0.1310024038931341,0.04021311359899546,-0.27716261030858297,0,0,0.11411497033581015,32689320.1780459,0.006891509433962106,0.03262930784264406,0.009575316903311641,-0.03779648945665011,0,0,0.03768838335808415,0.0,0.5334865662289701,0.3844293416150314,2.617993825076761
2024-12-21,97805.44,99540.61,96398.39,97291.99,23483.54143,3472.2,3555.9,3292.89,3339.22,252332.53565,21204.6,21605.3,20800.8,21346.1,0.0,,-0.005249707991702657,-0.010426770027437637,0.02384859504832421,-0.08330762677354063,0,0,0.03229680058964773,4473295.797434542,-0.03829848511030476,-0.005041506015839636,0.037317105907090184,-0.30484618731485125,0,0,0.07876390294739496,6588575.737068747,0.0,0.029809631323510777,0.009572368660287623,-0.03779648945665011,0,0,0.03768838335808415,0.0,0.5513192617357634,0.404051896107983,2.4913969552064947
2024-12-22,97292.0,97448.08,94250.35,95186.27,19353.83036,3339.22,3403.39,3220.01,3282.28,197371.02864,21204.6,21605.3,20800.8,21346.1,0.0,,-0.02164330280426996,-0.03747249524734053,0.02413964504229676,-0.1031478773856457,0,0,0.03359444592166492,894217.5597157994,-0.01705188636867283,-0.013684634385273231,0.03742123826915621,-0.3166998711375081,0,0,0.05586970033025813,11574726.023001371,0.0,0.025505399900072945,0.009555054606743479,-0.03779648945665011,0,0,0.03768838335808415,0.0,0.5455795361805037,0.4080102420221358,2.5263717238772228
2024-12-23,95186.28,96538.92,92520.0,94881.47,32810.76703,3282.28,3467.49,3216.12,3422.5,295348.43377,21392.1,21575.6,21275.2,21535.6,0.0,,-0.003202142493870186,-0.028574397680409147,0.024049085788475304,-0.10601972567818682,0,0,0.04235726954904891,10246472.362827497,0.04272030417880246,0.008394200370652971,0.03806186384772745,-0.28750908178708745,0,0,0.07344631117604088,6913536.088097169,0.008877499871170924,0.034609323955570925,0.009663566674814444,-0.029254527915761386,0,0,0.01394899608090779,0.0,0.5369705548689158,0.4294899136560213,2.4886319628583156
2024-12-24,94881.47,99487.99,93569.02,98663.58,23674.22488,3422.5,3541.0,3358.13,3493.66,178003.35338,21551.2,21850.8,21510.7,21847.8,0.0,,0.03986141867321402,0.00779917965304211,0.025161792118981948,-0.07038440367785026,0,0,0.05999143756997264,593913.1051744903,0.02079181884587289,0.03956627954378411,0.03817272333728009,-0.272695099686275,0,0,0.05234338773664292,8561216.750075983,0.014496926020171275,0.04960797878473411,0.009960405787358151,-0.015181702622539928,0,0,0.015566784756359841,0.0,0.5702129849144338,0.43691804307770465,2.5261788921419845
2024-12-25,98663.58,99569.15,97632.02,99429.6,14474.1651,3493.66,3548.16,3440.9,3497.18,147861.91202,21551.2,21850.8,21510.7,21847.8,0.0,,0.0077639591022340415,0.06902042049022472,0.023304093896266982,-0.06316690620720611,0,0,0.019482427767988506,1864273.9183280799,0.0010075393713182557,0.02429537553123251,0.03808196531115863,-0.27196231136425614,0,0,0.03067042588599951,146754011.49478233,0.0,0.048092375739375415,0.009964993193821705,-0.015181702622539928,0,0,0.015566784756359841,0.0,0.6123869592041381,0.4381170543939314,2.3385937207441643
2024-12-26,99429.61,99963.7,95199.14,95791.6,21192.36727,3497.18,3515.73,3304.17,3334.99,199018.7095,21858.5,21917.2,21674.3,21785.9,0.0,,-0.03658870195595676,0.04160749570815736,0.024259169149677354,-0.09744441305846754,0,0,0.049738807995690616,579205.064543132,-0.046377366907050854,0.0030799308218663057,0.03875993917685123,-0.3057267823722773,0,0,0.06343647207337952,4291288.614681068,-0.002833237213815454,0.04010827946414097,0.009978066964159685,-0.017971926471516148,0,0,0.011149413152543683,0.0,0.6176182168105361,0.4563386197873228,2.4312469463619104
2024-12-27,95791.6,97544.58,93500.01,94299.03,26501.26429,3334.99,3444.57,3306.63,3333.54,177357.47596,21792.3,21812.8,21305.0,21525.9,0.0,,-0.01558142885179914,-0.01631576526152767,0.023187147029455017,-0.11150751872119088,0,0,0.04289089718102092,1700822.6609919264,-0.00043478391239548664,-0.08748138577435172,0.034063195802136334,-0.30602864119810885,0,0,0.041379434475062565,407911589.61461365,-0.011934324494283,0.03713786009221853,0.010093121686035798,-0.02969176816350068,0,0,0.023590186705317744,0.0,0.7345630790493027,0.6168794385970109,2.29731938022123
2024-12-28,94299.03,95733.99,94135.66,95300.0,8385.8929,3333.54,3428.95,3322.12,3404.39,98622.05885,21792.3,21812.8,21305.0,21525.9,0.0,,0.01061484937862045,-0.0035964626315215797,0.023268292945071812,-0.10207630485837967,0,0,0.01677156348373559,790014.5071059684,0.021253682271699104,-0.04877939742439863,0.03415846223399059,-0.2912791944324742,0,0,0.031380071025940016,4640231.804867275,0.0,0.03286310637685341,0.010080779251109458,-0.02969176816350068,0,0,0.023590186705317744,0.0,0.7319740974999048,0.6186019976284484,2.3081816676716045
2024-12-29,95300.0,95340.0,93009.52,93738.2,13576.00578,3404.39,3414.15,3325.88,3356.55,89779.83245,21792.3,21812.8,21305.0,21525.9,0.0,,-0.01638824763903468,-0.03818797455366307,0.023176546136259343,-0.11679170073531761,0,0,0.024861582577860423,828398.3617430893,-0.014052444050182133,-0.06544957428681197,0.03422707155881671,-0.3012384538999119,0,0,0.026297835575218597,6388907.740199042,0.0,0.027803242995473765,0.01005691425479687,-0.02969176816350068,0,0,0.023590186705317744,0.0,0.7279354557511483,0.6182408877702137,2.304536212968372
2024-12-30,93738.19,95024.5,91530.45,92792.05,27619.4225,3356.55,3437.79,3304.03,3361.76,194639.47837,21521.3,21555.4,21067.4,21202.2,0.0,,-0.010093537106537043,-0.03750664234364809,0.023166724100866724,-0.1257063964767472,0,0,0.03765462666252123,2736344.538592622,0.0015521890035901098,-0.09235575066890211,0.033666853274453824,-0.30015384391192373,0,0,0.039788682118890036,125395956.26579759,-0.015037698772176755,0.01234744743024141,0.010472772271681408,-0.04428297107002145,0,0,0.02301647942194678,0.0,0.7186373899857299,0.600155002118543,2.2120887744902293
2024-12-31,92792.05,96250.0,92033.73,93576.0,19612.03389,3361.76,3452.03,3315.8,3337.43,152092.08429,21194.6,21339.7,20997.8,21049.5,0.0,,0.008448460832582105,-0.03713714374969512,0.023172058507788838,-0.11831996121120394,0,0,0.04505717277934518,2321370.846705755,-0.007237280472133789,-0.09961016011762647,0.0336703860342195,-0.30521882683087787,0,0,0.04081883365343993,21015058.726136535,-0.007202082802728049,0.005056437288718296,0.01056587777331982,-0.0511661242483524,0,0,0.016242666096581936,0.0,0.7025311177968765,0.5981626345651718,2.193100949482084
2025-01-01,93576.0,95151.15,92888.0,94591.79,10373.32613,3337.43,3375.39,3312.72,3360.54,102339.77359,21194.6,21339.7,20997.8,21049.5,0.0,,0.010855240659998211,-0.013030278810800655,0.023138930737515925,-0.108749112205035,0,0,0.023925437926483835,955604.4770321046,0.006924489802033307,-0.07763627381017735,0.03360818582460166,-0.30040782168262353,0,0,0.01864878858754845,14779374.180926252,0.0,-0.005734286213623485,0.010373398698736215,-0.0511661242483524,0,0,0.016242666096581936,0.0,0.7370956543047056,0.6258807002310645,2.2306005103544146
2025-01-02,94591.78,97839.5,94392.0,96984.79,21970.48948,3360.54,3511.76,3354.64,3455.79,208233.96534,21083.9,21311.1,20805.0,21003.3,0.0,,0.025298178626284695,0.011842500481743734,0.023602053321285517,-0.08620208804476324,0,0,0.03554681099995165,868460.9718330888,0.028343659054794745,-0.044001825801900485,0.03404307598580755,-0.2805788195029946,0,0,0.04546572563726394,7346754.047171397,-0.002194826480439005,-0.013336653012138822,0.010324301192026488,-0.05324864996438968,0,0,0.024096213452171732,0.0,0.7193550565185591,0.6187326767941171,2.286065664071952
2025-01-03,96984.79,98976.91,96100.01,98174.18,15253.82936,3455.79,3631.15,3422.93,3609.58,184648.1227,21004.0,21380.1,20965.2,21313.0,0.0,,0.012263675572221189,-0.004190599764756886,0.023120393645272463,-0.0749955669139711,0,0,0.02930403900496046,1243820.9761796135,0.044502125418500516,-0.05940754020784045,0.03308919538136668,-0.24856304789979117,0,0,0.05768538167875494,4149196.908497962,0.014745301928744459,-0.00791323371968533,0.010549270914121507,-0.039288515456668074,0,0,0.019466991976727716,0.0,0.706100054185639,0.6319925617544888,2.191655889485603
2025-01-04,98174.17,98778.43,97514.79,98220.5,8990.05651,3609.58,3672.0,3571.74,3657.26,133238.77507,21004.0,21380.1,20965.2,21313.0,0.0,,0.0004718144831972193,0.013150360671233985,0.022902408497507593,-0.07455913642541952,0,0,0.012865338702205745,19053815.200688135,0.013209293047944826,-0.033733691947560596,0.033111763862604233,-0.23863709699244512,0,0,0.027413965646412946,10086737.701935759,0.0,-0.004981395631124652,0.010536628380436052,-0.039288515456668074,0,0,0.019466991976727716,0.0,0.7068891998168438,0.6290633723374832,2.1735972774800487
2025-01-05,98220.51,98836.85,97276.79,98363.61,8095.63723,3657.26,3676.15,3593.83,3636.25,106945.95403,21004.0,21380.1,20965.2,21313.0,0.0,,0.0014570278098766654,-0.01380808503317188,0.022279335541828517,-0.07321074335079499,0,0,0.01586013364088622,5556230.027198317,-0.005744737863865312,-0.09070108228139317,0.03130822003909882,-0.24301092728949505,0,0,0.022638707459608158,18616300.761029776,0.0,-0.013337283749438655,0.010411501627081007,-0.039288515456668074,0,0,0.019466991976727716,0.0,0.6983554320181925,0.6194945534356238,2.139875201587303
2025-01-06,98363.61,102480.0,97920.0,102235.6,25263.43375,3636.25,3745.7,3610.18,3687.15,228108.83603,21363.5,21724.0,21307.0,21608.7,0.0,,0.039364049367443865,0.024076551013357594,0.023423537386607553,-0.036728565298838986,0,0,0.044602858495475156,641789.3417489909,0.013997937435544783,-0.07741215504450116,0.03145483289975247,-0.23241464161030226,0,0,0.03675467502000189,16295877.454916468,0.013874161309998634,0.0003518339343830945,0.01073281589017106,-0.025959449347745637,0,0,0.01929778283746824,0.0,0.7193315589971929,0.6216859163961558,2.182420326790024
2025-01-07,102235.6,102724.38,96181.81,96954.61,32059.87537,3687.15,3701.48,3356.3,3381.23,332801.33839,21612.5,21635.8,21110.8,21206.5,0.0,,-0.05165509861535522,-0.04109382700493591,0.02519836082371673,-0.08648644625168211,1,0,0.0674807520756363,620652.5594347457,-0.08296923097785558,-0.155657161692766,0.03471983484682055,-0.29610060850575715,1,0,0.10208711031192785,4011141.1707240324,-0.018612873518536577,-0.01826758822467367,0.011261813444438886,-0.04408914291896174,0,0,0.02475656048852946,0.0,0.7521539354920184,0.6652108489846325,2.237502740833656
2025-01-08,96954.6,97268.65,92500.9,95060.61,33704.67894,3381.23,3415.22,3208.01,3327.33,392053.59765,21205.9,21280.7,21000.2,21159.6,0.0,,-0.01953491432743626,-0.02277899269987904,0.024485699627681844,-0.10433185526110739,0,0,0.05015484331522804,1725354.978348327,-0.015940944567509496,-0.10356839765609216,0.03234090823410902,-0.30732142968667053,0,0,0.06227515755876321,24594110.471218266,-0.002211586070308691,-0.013432675764767366,0.011198970913348455,-0.046203222054939014,0,0,0.013256394260761074,0.0,0.7515368425287403,0.6765298480268899,2.186422123328783
2025-01-09,95060.61,95382.32,91203.67,92552.49,34544.83685,3327.33,3357.71,3157.47,3219.08,348690.13418,21162.3,21183.5,21054.3,21138.4,0.0,,-0.026384429891623817,-0.04183025685091046,0.024915559102489552,-0.1279635486321315,0,0,0.04514897438199673,1309288.2392764697,-0.03253359300099479,-0.11277337559429479,0.0325991291253553,-0.32985675237375534,0,0,0.06220410800601422,10717845.612406902,-0.0010019092988523548,-0.012713328911847288,0.01119675540903957,-0.04715883991597762,0,0,0.006112099307421599,0.0,0.7396510291186459,0.6705753275371554,2.2252461485327077
2025-01-10,92552.49,95836.0,92206.02,94726.11,31482.86424,3219.08,3322.88,3194.81,3267.1,327356.89983,21134.4,21210.7,20718.4,20839.5,0.0,,0.02348526765730452,-0.0632770333745365,0.023694972792920457,-0.10748353916483112,0,0,0.0383207966631375,1340536.1733165637,0.014917305565565364,-0.14744986495831325,0.030816707038208494,-0.31986002077621434,0,0,0.03919990205380924,21944759.322894517,-0.01414014305718514,-0.0411964168227138,0.011073713450750455,-0.0606321502303399,0,0,0.023623407471388434,0.0,0.6409104158218131,0.5940871380571946,2.139747565333562
2025-01-11,94726.1,95050.94,93831.73,94599.99,7047.9043,3267.1,3320.87,3218.89,3283.57,169456.12789,21134.4,21210.7,20718.4,20839.5,0.0,,-0.0013314174940783907,-0.05404068165475695,0.023631505667139688,-0.10867185119454001,0,0,0.012888056330661413,5293494.637406849,0.005041168008325547,-0.15410059895665607,0.03069304310848871,-0.31643132087176823,0,0,0.031057659803202006,33614390.84478703,0.0,-0.035797568152795556,0.011046629565086648,-0.0606321502303399,0,0,0.023623407471388434,0.0,0.6389053807449724,0.6071385146420728,2.1392483685109105
2025-01-12,94599.99,95450.1,93711.19,94545.06,8606.86622,3283.57,3300.75,3224.48,3267.72,150470.26476,21134.4,21210.7,20718.4,20839.5,0.0,,-0.0005806554525006336,-0.06782588976502169,0.02344457726834195,-0.10918940574411122,0,0,0.01839239406056756,14822418.283943987,-0.0048270632269147296,-0.1635985748218528,0.030615380426655146,-0.3197309501058588,0,0,0.023340433084842026,31172152.91473308,0.0,-0.04411225070179625,0.010892163638488923,-0.0606321502303399,0,0,0.023623407471388434,0.0,0.6317175448441839,0.6052140723319691,2.1524241208841426
2025-01-13,94545.07,95940.0,89256.69,94536.1,42619.56423,3267.72,3339.0,2911.85,3137.69,512363.5387,20856.7,20887.3,20545.2,20844.7,0.0,,-9.476962625010188e-05,-0.06787517254979292,0.0234444215159465,-0.10927382753118847,0,0,0.07069585057983138,449670102.2805963,-0.03979227106361616,-0.18925043474216496,0.03124607965766985,-0.34680040053543504,0,0,0.13613518225191146,12875952.948786255,0.0002495261402624127,-0.04387373172118969,0.010893400186786736,-0.06039775339650018,0,0,0.016411845696987653,0.0,0.6317063438569516,0.587641778814688,2.1521654939959602
2025-01-14,94536.11,97371.0,94346.22,96560.86,27846.61753,3137.69,3257.14,3126.05,3225.77,351649.45204,20876.5,20997.6,20628.8,20831.9,0.0,,0.021417849900725594,-0.07565410817641571,0.02308858424978488,-0.09019638806660356,0,0,0.03132511454434021,1300158.7301006021,0.028071606819029205,-0.1854630389495613,0.031414905677436475,-0.3284640382049184,0,0,0.04063835921345901,12526868.484526465,-0.0006140649661544595,-0.04446085536575961,0.01089118459911955,-0.06097473021825939,0,0,0.017703618008918977,0.0,0.6378771754717814,0.5831658333075392,2.11993129308803
2025-01-15,96560.85,100681.94,96500.0,100497.35,30509.99179,3225.77,3474.34,3186.43,3451.59,341594.29381,20827.8,21309.0,20766.0,21233.2,0.0,,0.04076693186038316,-0.05243617070025208,0.024202409831012787,-0.05310648621258423,0,0,0.041612440527038795,748400.3066624248,0.0700049910563989,-0.134212935672808,0.034313000625573395,-0.2814531692054034,0,1,0.08341373106307537,4879569.868655493,0.01926372534430376,-0.04288560532982333,0.010996128952856444,-0.042885605329823294,0,0,0.02557315901512725,0.0,0.674825899620491,0.6504278693715223,2.200991633042776
2025-01-16,100497.35,100866.66,97335.13,99987.3,27832.85317,3451.59,3460.7,3264.99,3308.09,230042.51448,21248.7,21423.7,21044.3,21070.8,0.0,,-0.005075258203325772,-0.05791221528610979,0.024207176324022635,-0.05791221528610979,0,0,0.03531978561277281,5484016.224356658,-0.04157504222691566,-0.1502444136768909,0.0348183720909306,-0.3113267840377052,0,0,0.059161026453331086,5533186.422098362,-0.0076483996759791895,-0.04587504924401953,0.011041286059772051,-0.0502059987558937,0,0,0.01800596085578153,0.0,0.6756283533951926,0.6537059985038018,2.1924216317520244
2025-01-17,99987.3,105865.22,99950.77,104077.48,39171.85292,3308.09,3526.71,3307.53,3474.08,282083.94659,21076.5,21539.3,21068.3,21448.7,0.0,,0.04090699518838892,0.03865583822443841,0.0231655673827715,-0.01937423480977877,0,0,0.05682737514397925,957583.0041725609,0.05017699034790457,-0.04209818129680498,0.03407513030984206,-0.2767712347275047,0,1,0.06309008428130608,5621777.799273727,0.017934772291512413,0.00949785615783938,0.009256269146344104,-0.033171659619736116,0,0,0.02195937282912251,0.0,0.6293395098720987,0.6365893823499525,2.5026867725700623
2025-01-18,104077.47,104988.88,102277.55,104556.23,24307.82998,3474.08,3494.88,3227.21,3307.56,340283.25302,21076.5,21539.3,21068.3,21448.7,0.0,,0.0045999384304846735,0.07279124367214007,0.02251698606138304,-0.01486341666655683,0,0,0.02593178809144134,5284370.107044614,-0.04793211440151057,-0.03205075678649605,0.03354931879158423,-0.3114371186430092,0,0,0.0809267254411107,7099273.342645251,0.0,0.011731132075471828,0.009243950942541684,-0.033171659619736116,0,0,0.02195937282912251,0.0,0.6354875721024562,0.6329784784176307,2.4358590653231227
2025-01-19,104556.23,106422.43,99651.6,101331.57,43397.28298,3307.56,3449.82,3130.43,3215.36,638682.16993,21076.5,21539.3,21068.3,21448.7,0.0,,-0.030841395103859304,0.03605249360362772,0.023327380345807527,-0.04524640326440958,0,0,0.06681856404672291,1407111.0843963958,-0.02787553362599615,-0.0739703934105177,0.03375680973642534,-0.33063117639588885,0,0,0.09933257862261156,22911918.005946197,0.0,0.004806498610987697,0.009163119455608083,-0.033171659619736116,0,0,0.02195937282912251,0.0,0.6188927564013071,0.622814600385886,2.545787490924352
2025-01-20,101331.57,109588.0,99550.0,102260.01,89529.231732,3215.36,3456.64,3142.89,3284.0,692543.40373,21462.9,21644.3,21392.7,21548.9,0.0,,0.009162396279856155,0.05106299089986743,0.023333169816609472,-0.03649857246150009,0,0,0.0981615393935518,9771366.712785143,0.02134753184713367,-0.01653679601823177,0.033298850854369254,-0.31634180411652163,0,0,0.09553897685749087,32441365.31921063,0.004671611799316633,0.00950056450592851,0.009199221256934412,-0.028655012936902046,0,0,0.011675769992899801,0.0,0.6212788646937765,0.6387918036544823,2.5364260517987143
2025-01-21,102260.0,107240.81,100119.04,106143.82,45941.02002,3284.0,3368.57,3203.94,3327.32,277484.34933,21566.3,21652.7,21248.8,21642.6,0.0,,0.03797975376689289,0.11511691759746445,0.0237912471644384,0.0,0,0,0.06709547480013442,1209618.372088111,0.013191230207064697,0.013722168736366225,0.033223026512343615,-0.3073235114716762,0,0,0.049478258778837055,21035501.209461,0.004348249794652981,0.013890125128243502,0.009227628810976765,-0.02443136229636775,0,0,0.018662267934536583,0.0,0.6273737765259992,0.6430338695820861,2.578259471549477
2025-01-22,106143.82,106394.46,103339.12,103706.66,22248.69254,3327.32,3367.03,3222.22,3243.16,201952.15555,21672.9,21965.5,21642.1,21857.5,0.0,,-0.022960922265658046,0.09301278742835661,0.024263792198426823,-0.02296092226565808,0,0,0.029461367283451334,968980.3655436359,-0.025293629707993315,-0.05240029218407605,0.032591943304802924,-0.32484381407994467,0,0,0.04465089603966514,7984305.852438426,0.00992949091144335,0.014947343004142022,0.009262491338240657,-0.014744462374800473,0,0,0.014795836669335535,0.0,0.583214522963809,0.585055354563865,2.619572328508354
2025-01-23,103706.66,106850.0,101262.28,103910.34,53953.12031,3243.16,3348.99,3184.21,3339.0,306812.64505,21852.0,21923.7,21730.6,21896.3,0.0,,0.0019640011547956693,0.053178285239599,0.023257828614705118,-0.02104201638870742,0,0,0.05377443669224835,27470882.829895712,0.029551425153245603,-0.04426876112729916,0.032834788129525706,-0.3048919865849774,0,0,0.04935010482180286,10382326.389867501,0.00177513439322885,0.002219903148143132,0.008884806963578566,-0.012995501383842815,0,0,0.00881884153943827,0.0,0.5460713092904973,0.5739539364641906,2.6177048677587487
2025-01-24,103910.35,107120.0,102750.0,104870.5,23609.24017,3339.0,3429.9,3275.4,3310.32,237133.16684,21890.7,21954.9,21721.2,21785.4,0.0,,0.009240273874573157,0.05472112932165074,0.0232720236331317,-0.011996176508439276,0,0,0.04167044116314884,2555034.0758433244,-0.008589398023360229,-0.053431622049765704,0.03286146427794856,-0.31086254598142626,0,0,0.04667222504168781,27607626.29916748,-0.005064782634508935,-0.002856122813280848,0.008934987013589054,-0.017994464628616116,0,0,0.010727367870225046,0.0,0.5365978597362185,0.5747275581516396,2.60459221169719
2025-01-25,104870.51,105286.52,104106.09,104746.85,9068.32377,3310.32,3350.88,3268.81,3319.28,139088.38139,21890.7,21954.9,21721.2,21785.4,0.0,,-0.0011790732379457491,0.09348679842491414,0.02211447469849048,-0.013161105375706292,0,0,0.01126936036740014,7690995.409110586,0.002706686966818861,-0.004710658802575041,0.0317427534319878,-0.3089972666162874,0,0,0.024725241618664337,51386757.769736014,0.0,-2.2950624027462396e-05,0.00891958873872497,-0.017994464628616116,0,0,0.010727367870225046,0.0,0.5462947440250339,0.5802314218299456,2.4793127298966007
2025-01-26,104746.86,105500.0,102520.44,102620.0,9812.51238,3319.28,3361.97,3229.33,3232.41,135406.34811999998,21890.7,21954.9,21721.2,21785.4,0.0,,-0.020304667873067395,0.08824025019133286,0.022269215634480227,-0.033198541375277495,0,0,0.029034885987136987,483263.63222021604,-0.0261713383625366,-0.030337119098615917,0.032109880423315626,-0.32708173296111015,0,0,0.041034398482865685,5173839.201721435,0.0,0.012055245076860954,0.008628618479270725,-0.017994464628616116,0,0,0.010727367870225046,0.0,0.5208954775051853,0.593194146536187,2.580852297439787
2025-01-27,102620.01,103260.0,97777.77,102082.83,50758.1341,3232.41,3254.28,3020.54,3182.58,351304.97988,21642.8,21645.9,20650.2,21190.4,0.0,,-0.0052345546677060595,0.07117345225603366,0.02227186862684331,-0.038259316463266586,0,0,0.053703742343349965,9696725.004305605,-0.01541574243366406,-0.06515410984052938,0.03194980365555977,-0.33745526764468925,0,0,0.07344355837088157,22788701.452732194,-0.027311869417132595,-0.015585875619602452,0.01000689133965316,-0.04481487157758072,0,0,0.0469882588341891,0.0,0.48299354459237615,0.5560406224185667,2.225650865427165
2025-01-28,102082.83,103800.0,100272.68,101335.52,22022.05765,3182.58,3223.6,3039.74,3077.48,211043.70193,21229.6,21513.2,21049.0,21446.0,0.0,,-0.0073206238502596666,0.08104828127700348,0.022066801011152107,-0.045299858248930576,0,0,0.03480832782029447,3008217.3347897828,-0.03302352179678125,-0.08314191655122083,0.03238651624380994,-0.3593348280549674,0,0,0.05974368639276295,6390706.57943891,0.01206206584113545,-0.003711807636382236,0.010265609764189181,-0.03329336566807599,0,0,0.021645062016226835,0.0,0.45720248334415864,0.49544632218432516,2.149582930017575
2025-01-29,101335.52,104782.68,101328.01,103733.24,23155.35802,3077.48,3183.18,3054.13,3113.27,274356.97749,21430.2,21587.0,21258.2,21463.3,0.0,,0.023661199942527578,0.11791085550971236,0.022244627712211897,-0.022710507309799115,0,0,0.03330340400049201,978621.0458486155,0.011629645034248792,-0.07391663890343159,0.032480826133675006,-0.3518841195194407,0,0,0.04145159269835245,23591153.53654356,0.0008066772358481522,0.012314759789078478,0.00986907226702464,-0.03251354543241705,0,0,0.015319172727399761,0.0,0.4414552817314939,0.5209389278117144,2.253971251869833
2025-01-30,103733.25,106457.44,103278.54,104722.94,19374.07472,3113.27,3284.15,3091.06,3247.48,271503.56537,21441.0,21640.4,21311.8,21501.9,0.0,,0.00954081835292131,0.11912178336325563,0.02225311801517258,-0.013386365781823234,0,0,0.03035533570772563,2030649.1222083296,0.04310901399493128,-0.02695187614421868,0.03348823861329805,-0.32394448295746703,0,0,0.05945841082932001,6298068.0193994455,0.0017984186960999793,0.021492196964298493,0.009764516484425287,-0.03077359970429925,0,0,0.01528237039517448,0.0,0.4526016844415894,0.5112866000700609,2.2789756421539713
2025-01-31,104722.94,106012.0,101560.0,102429.56,21983.18193,3247.48,3438.0,3213.55,3301.15,250436.24834,21575.1,21857.9,21426.6,21463.9,0.0,,-0.021899499765762886,0.08285888236177796,0.02270403862066427,-0.0349927108332827,0,0,0.04346401566110408,1003820.7322963878,0.01652666067227515,-0.01767275497390297,0.033605995763829846,-0.31277154283168557,0,0,0.0679914575223785,15153460.32520194,-0.0017672856817304572,0.019686928430604045,0.009774556160492769,-0.032486499643896986,0,0,0.020094204687871396,0.0,0.45381279942344915,0.5051359375637461,2.3227668878471923
2025-02-01,102429.56,102783.71,100279.51,100635.65,12290.95747,3301.15,3332.19,3101.01,3116.87,297132.61828,21575.1,21857.9,21426.6,21463.9,0.0,,-0.01751359666096397,0.037643634635905254,0.022593248382834375,-0.051893459270638764,0,0,0.024883825960283577,701794.7649466903,-0.0558229707829091,-0.09807308893190847,0.03465127699891724,-0.35113467691737604,1,0,0.07417056213444893,5322765.178655076,0.0,0.02192988720820077,0.009760373423116598,-0.032486499643896986,0,0,0.020094204687871396,0.0,0.4695376718427625,0.5035665127083476,2.314791069511089
2025-02-02,100635.66,101456.6,96150.0,97700.59,34619.49939,3116.87,3162.84,2745.01,2870.04,649809.67105,21575.1,21857.9,21426.6,21463.9,0.0,,-0.029165211334154395,-0.004823977139406632,0.023170091520933724,-0.07954518689830467,0,0,0.05431492276556371,1187013.0863522124,-0.07919162493142151,-0.20488256251419834,0.03614923097186528,-0.40251937621394085,1,0,0.1455833368176053,8205534.228618,0.0,0.007080185802092798,0.00939681644261313,-0.032486499643896986,0,0,0.020094204687871396,0.0,0.4522005516945859,0.43398633903025285,2.4657358164944925
2025-02-03,97700.59,102500.01,91231.0,101328.52,75164.7385,2870.04,2921.4,2098.82,2879.85,2316664.29405,20944.6,21477.0,20860.3,21453.0,0.0,,0.03713314320824468,0.0316432923880452,0.02413710548148558,-0.04536580650668124,0,0,0.1112126181256767,2024194.8772427752,0.003418070828281161,-0.2125662381126855,0.03600463384644093,-0.4004771451233145,0,0,0.28563293227077796,677767557.4205111,-0.0005078294252209847,0.006568760850185429,0.009397791921665346,-0.03297783146867641,0,0,0.02874656225236567,0.0,0.4297246003662994,0.4354067493556044,2.568377763510932
2025-02-04,101328.51,101732.31,96150.0,97763.13,40267.98697,2879.85,2888.7,2632.74,2731.52,784836.63585,21498.2,21596.8,21145.9,21485.5,0.0,,-0.03518644109279401,-0.006104696645436225,0.025040207666944744,-0.07895598632120082,0,0,0.0571003608415565,1144417.4027043795,-0.0515061548344532,-0.24880852526641462,0.03689482343496221,-0.43135626211338646,1,0,0.09370606841611998,15237722.287663158,0.0015149396354823264,0.008093651761835519,0.009400410349098975,-0.03151285125717834,0,0,0.02098624653836298,0.0,0.4076815797495976,0.4195423907117833,2.663732762689153
2025-02-05,97763.14,99149.0,96155.0,96612.43,26233.30444,2731.52,2827.36,2698.65,2788.27,550072.62995,21465.1,21701.0,21335.9,21676.0,0.0,,-0.011770285996367091,-0.05500207364166698,0.023993743956313346,-0.08979693777744209,0,0,0.030989801208809262,2228771.8548536864,0.020775978209934376,-0.24378720692133493,0.0370597936856132,-0.4195421322058385,0,0,0.046161239765159054,26476364.175398104,0.008866444811617136,0.0031144862948719876,0.009193457437669325,-0.022925813402089674,0,0,0.01684351356338801,0.0,0.3345842444274599,0.4214925604505391,2.609868813805915
2025-02-06,96612.44,99120.0,95676.64,96554.35,23515.20405,2788.27,2858.1,2655.2,2687.06,482971.19717,21668.0,21791.0,21615.1,21752.4,0.0,,-0.0006011648811647952,-0.004128323552639701,0.02205360795184325,-0.0903441198931789,0,0,0.0356624015386153,39115413.47908375,-0.03629849333099022,-0.2053010295070138,0.03473704888547059,-0.4406118782488857,0,0,0.07551003699210293,13305540.25233482,0.003524635541612975,0.02574210737273952,0.008498098976361418,-0.019481982997214153,0,0,0.008086464022360818,0.0,0.21476513387992427,0.30856074273852835,2.59511945695074
2025-02-07,96554.35,100137.99,95620.34,96506.8,31794.22065,2687.06,2799.46,2562.32,2622.19,470275.52101,21729.0,21877.2,21465.0,21485.1,0.0,,-0.0004924687494659574,0.015213346516501414,0.021740930589230077,-0.09079209698689951,0,0,0.04681172725652502,64559578.83355893,-0.024141626908219305,-0.21192367453784267,0.03484158498864401,-0.45411641758109067,0,0,0.09043585705078575,19479852.28996171,-0.012288299222154908,0.015383088527193278,0.008817746033048694,-0.03153088178285838,0,0,0.019185388943965855,0.0,0.2015754206011101,0.3183594057543913,2.4655854060540685
2025-02-08,96506.8,96880.0,95688.0,96444.74,10147.24294,2622.19,2667.73,2588.62,2632.73,272188.39358,21729.0,21877.2,21465.0,21485.1,0.0,,-0.0006430634939713631,0.042054514146512956,0.02113335455758795,-0.0913767753977575,0,0,0.012359409128999674,15779289.669264255,0.00401954091808765,-0.18214831566783052,0.034567413874749445,-0.4519222161850457,0,0,0.030048656717551792,67716120.31462881,0.0,0.016401430571850062,0.008813574816041203,-0.03153088178285838,0,0,0.019185388943965855,0.0,0.19967481309864818,0.31577683125036204,2.397815985060256
2025-02-09,96444.75,97323.09,94713.0,96462.75,14120.91613,2632.73,2699.62,2520.7,2627.58,312399.29362,21729.0,21877.2,21465.0,21485.1,0.0,,0.00018673905907151678,0.018333276854713088,0.020725094921132517,-0.09120709995174478,0,0,0.027058009438876627,75614389.70673637,-0.001956144382447178,-0.19574546233662882,0.03435025781751438,-0.4529943354629994,0,0,0.06809307423560847,159700735.49572498,0.0,0.030979630029511096,0.008365940977960135,-0.03153088178285838,0,0,0.019185388943965855,0.0,0.28095157087960465,0.3725637326626882,2.4773148893332273
2025-02-10,96462.75,98345.0,95256.0,97430.82,20572.87537,2627.58,2694.09,2559.59,2661.24,328341.25448,21353.7,21808.7,21335.0,21751.5,0.0,,0.010035687350816946,0.029924210351396363,0.020788365937329793,-0.08208673854021835,0,0,0.03170454687746649,2049969.6882873103,0.01281026648094441,-0.18952847053664168,0.034470602144336546,-0.4459870471336943,0,0,0.050540349611459326,25631082.589701746,0.012399290671209373,0.04376304613834314,0.008614789926115099,-0.019522551679994164,0,0,0.021777808427005066,0.0,0.29082030990083885,0.3872527253578685,2.4130990987163234
2025-02-11,97430.82,98478.42,94876.88,95778.2,18647.76379,2661.24,2725.82,2559.0,2602.69,406956.07171,21740.9,21787.7,21587.1,21708.7,0.0,,-0.016961983897908373,0.013042881352024027,0.02105000449661732,-0.09765636850077573,0,0,0.03760292007993462,1099385.1254892566,-0.022001022079932597,-0.20351498904434895,0.03458595120506865,-0.45817589834227457,0,0,0.06409522455613237,18497135.508528683,-0.001967680389858173,0.04170925406079795,0.008633796023175938,-0.021451817927751585,0,0,0.009240534900754176,0.0,0.29769932842453023,0.3914307635927895,2.4380909693954527
2025-02-12,95778.21,98119.99,94088.23,97869.99,29151.16625,2602.69,2795.92,2547.05,2738.86,489776.18254999997,21718.1,21781.7,21430.1,21780.9,0.0,,0.021839938524633062,0.03526578735530661,0.021401431907058517,-0.07794923906073854,0,0,0.041195058873511776,1334763.5053773448,0.05231894693567041,-0.12710943401037067,0.0356445174490034,-0.42982823191917674,0,1,0.09086627282884115,9361352.198825598,0.003325855532574584,0.044913095415141546,0.008637938816058118,-0.01819730804251585,0,0,0.016142583639794598,0.0,0.2997094262097886,0.38713521775497567,2.477605779195268
2025-02-13,97870.0,98083.91,95217.36,96608.14,19921.77616,2738.86,2757.84,2613.06,2676.02,324076.29332,21781.6,22045.5,21675.0,21996.9,0.0,,-0.0128931248485874,0.0004896393839077806,0.021209399807546717,-0.0898373546382635,0,0,0.029671930336305025,1545146.0326720055,-0.022943852551791655,-0.17042442579601147,0.035281472837858964,-0.4429101688952175,0,0,0.054102734658186484,14124748.724782318,0.00991694558076106,0.055923847560712225,0.008762082710007552,-0.008460824175328702,0,0,0.01684328246252881,0.0,0.2859600669747196,0.3772496076618311,2.4205860984924956
2025-02-14,96608.13,98826.0,96252.82,97500.48,18173.02646,2676.02,2792.33,2664.33,2726.09,346036.18387,21994.8,22143.9,21964.2,22128.1,0.0,,0.009236695789816451,-0.029820388298796074,0.01987045660431233,-0.08143045916380257,0,0,0.026391459816402885,1967479.193722498,0.018710622491610707,-0.21019298352353555,0.03263452700832655,-0.4324866713715007,0,0,0.046953695585985784,18494093.346398223,0.0059644768126416725,0.042146261514985905,0.008167042542108004,-0.0025468117522966386,0,0,0.008120896055242011,0.0,0.18240393977015498,0.27723747767844686,2.433002175737632
2025-02-15,97500.47,97972.26,97223.58,97569.66,7349.37683,2726.09,2739.13,2661.0,2693.25,195257.50513,21994.8,22143.9,21964.2,22128.1,0.0,,0.0007095349684433927,-0.024179470792790703,0.019855787009137718,-0.08077870195363238,0,0,0.0076732869623609735,10357873.224192034,-0.012046557523779478,-0.18585951410028145,0.03200480693446635,-0.4393232533303355,0,0,0.029009560939385542,16208559.387939256,0.0,0.050178446001100996,0.007992041800382887,-0.0025468117522966386,0,0,0.008120896055242011,0.0,0.17736892493135323,0.24693129589133603,2.484441730994093
2025-02-16,97569.67,97704.47,96046.18,96118.12,8191.4249,2693.25,2726.86,2651.71,2661.36,186223.02035,21994.8,22143.9,21964.2,22128.1,0.0,,-0.014876960727340904,-0.07647533356879899,0.018390141225849036,-0.09445392110440354,0,0,0.017252626247787704,550611.0787020503,-0.01184071289334443,-0.23393819370883795,0.03017990485637845,-0.44596206571362546,0,0,0.02823744251059612,15727335.402357435,0.0,0.031675579405744836,0.007380383353413568,-0.0025468117522966386,0,0,0.008120896055242011,0.0,0.033246847875319736,0.1369103672621644,2.4917562445832586
2025-02-17,96118.12,97046.59,95205.0,95780.0,16492.0451,2661.36,2849.67,2637.46,2744.3,321657.70513,22166.0,22213.7,22125.7,22168.5,0.0,,-0.0035177550289164916,-0.08393789638360138,0.018341955428220154,-0.0976394103773541,0,0,0.0192272917101691,4688216.798004761,0.03116451738960535,-0.17029471876549473,0.03006180400720524,-0.4286957408760567,0,0,0.07732755165251613,10321276.5304853,0.001825732891662657,0.03355914344459099,0.007378812669079384,-0.0007257286586189764,0,0,0.003969596499537632,0.0,0.035192718092045744,0.13484350951565124,2.4857563666736797
2025-02-18,95780.01,96753.91,93388.09,95671.74,23368.19471,2744.3,2757.25,2605.32,2672.25,342146.19909999997,22158.9,22253.4,22039.4,22159.9,0.0,,-0.0011302986009604776,-0.05585455746910861,0.01755857823109693,-0.09865934728936646,0,0,0.035180921764358074,20674172.24830716,-0.026254418248733757,-0.16891110171178347,0.030022112898139327,-0.4436950018423797,0,0,0.05685471044999526,13031942.492082324,-0.0003879378397274591,0.03315818674325244,0.007381196106733532,-0.0011133849607383992,0,0,0.009657083290087048,0.0,0.02777320998009335,0.13593414404786006,2.3788223736333625
2025-02-19,95671.74,96899.99,95029.99,96644.37,16438.50954,2672.25,2737.09,2656.04,2715.46,280504.9774,22160.3,22237.5,22056.3,22160.9,0.0,,0.01016632497746972,-0.054915308535565366,0.01758106555614199,-0.08949602529850548,0,0,0.019349290600166363,1616955.331142487,0.0161698942838433,-0.1731242387332521,0.029875745781815725,-0.4346996088325974,0,0,0.029847613295721602,17347349.277773764,4.512655743038607e-05,0.028400521604351026,0.007352589126435572,-0.0010683086465384586,0,0,0.008176563226222794,0.0,0.01411401664771709,0.1182265055786359,2.3911361484309595
2025-02-20,96644.37,98711.36,96415.09,98305.0,17057.39177,2715.46,2770.88,2706.35,2738.4,292409.37257,22148.4,22171.5,21889.5,22073.8,0.0,,0.017182894357943512,-0.07385093168872203,0.01632647345213647,-0.07385093168872202,0,0,0.023358628757438625,992695.4963300199,0.008447924108622606,-0.17699529952033466,0.029783746255982405,-0.42992399402944054,0,0,0.023564855390008837,34613121.83668013,-0.0039303457892053695,0.019923669060094573,0.007376363659961068,-0.004994455613353375,0,0,0.012775326405059392,0.0,-0.05150424707495598,0.09686445740845373,2.2133468564311642
2025-02-21,98305.01,99475.0,94871.95,96181.98,32249.2814,2738.4,2846.0,2600.0,2656.26,441025.28534,22070.1,22185.3,21593.2,21600.2,0.0,,-0.02159625654849706,-0.07255734588308993,0.016269083889827132,-0.09385228457012391,0,0,0.04785771721480472,1493280.3930522106,-0.02999561787905336,-0.18096547811393815,0.029900713020486816,-0.4470237760665504,0,0,0.09261141605113957,14702985.619046772,-0.021455299948355044,-0.011771703076747131,0.008199593640985997,-0.026342598018445133,0,0,0.02741178322422934,0.0,0.11266319269945899,0.18574553844882144,1.9841305265666216
2025-02-22,96181.99,96980.0,95770.49,96551.01,11268.17708,2656.26,2798.88,2647.65,2763.25,111731.67776,22070.1,22185.3,21593.2,21600.2,0.0,,0.0038367893861199764,-0.0708238467894533,0.016289905447142133,-0.09037558663330575,0,0,0.012527160513390744,2936868.9748971006,0.040278436598826906,-0.17243186582809222,0.030402845351347473,-0.4247507582901883,0,0,0.05472903284176242,2773981.7990710232,0.0,-0.013522832624689896,0.00819004005428991,-0.026342598018445133,0,0,0.02741178322422934,0.0,0.11086133956654314,0.17472888218718155,1.9889872881313535
2025-02-23,96551.01,96650.0,95227.94,96258.0,10884.84913,2763.25,2855.42,2744.44,2819.51,87115.36898,22070.1,22185.3,21593.2,21600.2,0.0,,-0.003034768875022631,-0.08212509714362004,0.016143094926517387,-0.09313608649095168,0,0,0.0147734214299071,3586702.5500890343,0.02036008323532079,-0.1482666328330795,0.030769688767801742,-0.4130386358479214,0,0,0.0393614493298481,4278731.338463215,0.0,-0.008501106245467183,0.00814308173963464,-0.026342598018445133,0,0,0.02741178322422934,0.0,0.12705765099788324,0.1727276626397475,1.9824282278369232
2025-02-24,96258.0,96500.0,91349.26,91552.88,31550.10299,2819.51,2839.36,2467.3,2512.77,119550.86755,21606.3,21759.6,21355.9,21375.4,0.0,,-0.04888030085811046,-0.12596054201152584,0.018203189595479004,-0.1374638674206374,0,0,0.056259726619195434,645456.2672807768,-0.10879195321172841,-0.2429773926875709,0.03609562707137153,-0.47689530911384653,1,0,0.14806767033990376,1098894.293481338,-0.01040731104341619,-0.0188199436319737,0.00835099816617918,-0.03647575345059172,0,0,0.01888619628170687,0.0,0.21234924751975942,0.25965580187738824,2.1797595252271766
2025-02-25,91552.88,92540.69,86050.99,88680.4,78333.11111,2512.77,2534.1,2314.8,2495.59,201887.22423,21385.3,21402.7,20942.0,21146.5,0.0,,-0.0313750916410277,-0.13583706879750546,0.018645318578341733,-0.1645260176240125,0,0,0.07318077049720116,2496664.7759817163,-0.006837076214695315,-0.22794756853245712,0.03594315174223966,-0.4804718157536998,0,0,0.08787501152032173,29528254.857467353,-0.01070857153550353,-0.02932698045480009,0.008550974549866393,-0.04679372177095817,0,0,0.02178611117679052,0.0,0.26284567712036083,0.2546284866186494,2.180487927396976
2025-02-26,88680.39,89414.15,82256.01,84250.09,56893.54409,2495.59,2507.91,2251.91,2335.83,204236.69101,21173.9,21361.6,21018.4,21227.1,0.0,,-0.04995816437454048,-0.1746889266294832,0.020396443624893606,-0.206264764166204,0,0,0.08496299529175577,1138823.521921848,-0.06401692585721219,-0.2660577267499953,0.03735892047942587,-0.5137304130053273,1,0,0.10959701690619608,3190354.056706864,0.0038115054500744705,0.0017319163394744486,0.006988335167965836,-0.04316057084644303,0,0,0.016168011645490768,0.0,0.24951453699081796,0.2451002164547377,2.9186371214732936
2025-02-27,84250.09,87078.46,82716.49,84708.58,42505.45439,2335.83,2382.08,2230.6,2307.68,115991.41019,21189.7,21341.2,20540.5,20589.5,0.0,,0.005442011990729023,-0.1640781041040693,0.02050456401170128,-0.20194524749533233,0,0,0.05149383923092562,7810599.527604241,-0.012051390726208755,-0.2501397247098276,0.037100129596783056,-0.5195906377964722,0,0,0.0656416834223116,9624724.364010895,-0.03003707524814969,-0.03993751748577823,0.00855161821366575,-0.07190122878032502,0,0,0.03888875397654148,0.0,0.14023099204490433,0.2435791804719954,2.397738009579789
2025-02-28,84708.57,85120.0,78258.52,84349.94,83648.03969,2307.68,2313.95,2074.46,2237.44,252000.55046,20603.2,20900.4,20417.4,20865.9,0.0,,-0.0042338096093689215,-0.18685717326480888,0.019743155765837166,-0.20532405937528914,0,0,0.08134540463217871,19757109.98760958,-0.030437495666643444,-0.2813215686400473,0.03709377833809179,-0.534213095676757,0,0,0.10703750715102965,8279277.323836958,0.013424318220452314,-0.027833557747410587,0.008960427990808907,-0.05944213553546141,0,0,0.02314781533506822,0.0,0.1334385056552172,0.1968128867943973,2.203369498911609
2025-03-01,84349.95,86558.0,83824.78,86064.53,25785.05464,2237.44,2281.15,2142.9,2217.56,68851.43404,20603.2,20900.4,20417.4,20865.9,0.0,,0.02032710396711601,-0.17816927217665968,0.020142919108965807,-0.18917059891004495,0,0,0.0317577984798151,1268505.4396661285,-0.008885154462242584,-0.3171443704041288,0.03570243498284614,-0.5383516842681588,0,0,0.06234329623550208,7749033.158877752,0.0,-0.02957878141001491,0.008947750170918175,-0.05944213553546141,0,0,0.02314781533506822,0.0,0.12737785458988007,0.18901578098300403,2.251168865079096
2025-03-02,86064.54,95000.0,85050.6,94270.0,54889.09045,2217.56,2552.64,2172.98,2518.82,230131.44282,20603.2,20900.4,20417.4,20865.9,0.0,,0.09534090292481712,-0.07966020746354863,0.027165318118162776,-0.11186539169214002,0,1,0.10554152964888082,575713.9172066019,0.13585201753278398,-0.2369871105523832,0.044542590204762124,-0.47563582918537667,0,1,0.1507293097561556,1693986.0744033754,0.0,-0.027860733603865095,0.00894807831506768,-0.05944213553546141,0,0,0.02314781533506822,0.0,0.10554872428815827,0.16517460879310936,3.035879526626834
2025-03-03,94269.99,94416.46,85117.11,86220.61,59171.10218,2518.82,2524.49,2096.15,2148.59,229871.47566,20935.8,21084.2,20282.3,20495.2,0.0,,-0.08538654927336375,-0.14323989560359573,0.031019288323244243,-0.18770014118579872,1,0,0.10785530280985028,692979.113850514,-0.14698549320713672,-0.31065780735160586,0.05061209050918496,-0.5527097554527153,1,0,0.19935864916061216,1563905.763795343,-0.017765828456956068,-0.04513159304693004,0.009459562254064049,-0.07615192520937938,0,0,0.03912623443538006,0.0,0.24874620933743705,0.3055047059951495,3.279142807954942
2025-03-04,86221.16,88967.52,81500.0,87281.98,55609.10706,2148.59,2222.71,1990.3,2171.55,223127.78973,20479.1,20699.9,20044.0,20502.1,0.0,,0.012309933784973248,-0.10663814824454998,0.030813741440820774,-0.17770078371025283,0,0,0.08555626258707702,4517413.566736353,0.01068607784640152,-0.2433729146632102,0.04907698610165469,-0.547929977079547,0,0,0.10702493610554675,20880212.94014881,0.00033666419454303487,-0.0448101230438086,0.009461595913876724,-0.0758408986413999,0,0,0.0319918447378562,0.0,0.2583045185025658,0.3254371475126851,3.256713682782778
2025-03-05,87281.98,91000.0,86334.53,90606.01,38264.01163,2171.55,2273.62,2155.16,2241.45,101864.29153,20515.5,20693.9,20186.4,20580.0,0.0,,0.038083806073143656,-0.10581926983636991,0.030857207360521888,-0.14638449982297613,0,0,0.051491838124203916,1004731.5520196364,0.03218898943151194,-0.22167821240689622,0.04958759233465594,-0.5333782998894572,0,0,0.05284971781659196,3164568.4342172598,0.0037996107715796423,-0.040693609285414656,0.009509471888184911,-0.07232945376522447,0,0,0.02465986394557823,0.0,0.2776792722202758,0.33489459719034337,3.244888388594602
2025-03-06,90606.0,92810.64,87836.0,89931.89,34342.44902,2241.45,2320.45,2176.66,2202.14,117198.48619,20581.1,20617.7,19973.5,20145.2,0.0,,-0.007440124556858829,-0.08010422743216183,0.030277702176207524,-0.15273550546795853,0,0,0.05531563942445777,4615837.087024288,-0.01753775457850948,-0.19380418228678542,0.04892217492571745,-0.5415617967470028,0,0,0.06529557612140917,6682635.387500485,-0.02112730806608354,-0.062381606199529926,0.010151915583414084,-0.09192863517935856,0,0,0.03197784087524575,0.0,0.28693487275447455,0.3428787991130399,2.9824590347346853
2025-03-07,89931.88,91283.02,84667.03,86801.75,57980.35713,2202.14,2258.4,2102.35,2141.55,141067.09666,20190.0,20255.4,19737.0,20177.4,0.0,,-0.034805673493573885,-0.10154676784343375,0.030812560876680613,-0.18222511682733866,0,0,0.07621954626490832,1665830.155029273,-0.02751414533135932,-0.23194310450566114,0.048805957413575934,-0.554175332096753,0,0,0.07286778268076868,5127073.49948041,0.0015983956475984495,-0.06913637202435863,0.009966347920057237,-0.09047717786212045,0,0,0.02569211097564609,0.0,0.284724314327403,0.3228402028297694,3.0916570650819706
2025-03-08,86801.74,86897.25,85218.47,86222.45,12989.23054,2141.55,2234.85,2105.26,2203.65,62425.863679999995,20190.0,20255.4,19737.0,20177.4,0.0,,-0.006673828580645025,-0.1070060541032073,0.030815496467438985,-0.18768280621519,0,0,0.019470335162130037,1946290.7864853684,0.028997688590039816,-0.1799029422491496,0.04893705953134941,-0.5412474472111367,0,0,0.05880697932974823,2152786.83189852,0.0,-0.07240580349754511,0.009915513710893118,-0.09047717786212045,0,0,0.02569211097564609,0.0,0.2834791179875126,0.3422064157425695,3.107803215031932
2025-03-09,86222.46,86500.0,80000.0,80734.37,26115.39345,2203.65,2212.09,1989.05,2020.06,95979.14734,20190.0,20255.4,19737.0,20177.4,0.0,,-0.0636502442229373,-0.1634333539191022,0.03271544303564867,-0.23938699398608426,1,0,0.08051093976456372,410295.1947140682,-0.08331177818619118,-0.22962866916585,0.05087225875784154,-0.5794669381314314,1,0,0.11041256200310892,1152047.620505983,0.0,-0.060865436977253884,0.00974765498607166,-0.09047717786212045,0,0,0.02569211097564609,0.0,0.26139014526585147,0.31043657732101504,3.3562338347076386
2025-03-10,80734.48,84123.46,77459.91,78595.86,47633.38405,2020.06,2153.0,1809.72,1864.96,193376.64742,20092.4,20132.7,19250.9,19451.1,0.0,,-0.026488223045525672,-0.1850684651127682,0.03292515309611738,-0.25953428094070863,0,0,0.0847824554626669,1798284.6937404952,-0.07677989762680315,-0.2916250432061016,0.05236489320597356,-0.6117554235703861,1,0,0.1840682910089224,2518584.007158847,-0.03599571798150425,-0.09467025985450384,0.011538229421640862,-0.12321610486553736,0,0,0.045334197037699635,0.0,0.28067000236176093,0.3823950124106763,2.8535681998731715
2025-03-11,78595.86,83617.4,76606.0,82932.99,48770.06853,1864.96,1963.26,1753.98,1923.56,202991.46475,19407.2,19667.6,19125.5,19381.8,0.0,,0.055182677560879245,-0.14025890823141574,0.034776237112848565,-0.21867339992097515,0,1,0.08454295449856557,883792.9192229963,0.03142158544955387,-0.2679347536516491,0.05289520779593062,-0.5995561634367772,0,0,0.10879826987460749,6460253.26994916,-0.0035627805111279054,-0.09789575100883863,0.011522007098218549,-0.1263398934395932,0,0,0.02796953843296281,0.0,0.263179493649838,0.3770811482552184,3.018242102611132
2025-03-12,82932.99,84539.85,80607.65,83680.12,31933.986,1923.56,1956.72,1829.51,1908.5,151859.71139,19404.1,19761.1,19370.3,19555.1,0.0,,0.009008839546240877,-0.1411329597759724,0.03476200034495856,-0.21163455394765338,0,0,0.046990850395530165,3544735.1891146963,-0.007829233296595906,-0.2828531060708541,0.05273626261120408,-0.6026913316554146,0,0,0.06665444066020437,19396473.661257587,0.008941377993787913,-0.10097694411879643,0.011375245793573704,-0.11852816818874355,0,0,0.01998455645841746,0.0,0.2612068751573043,0.36403499102422093,3.055931310537815
2025-03-13,83680.12,84336.33,79939.9,81115.78,27546.27412,1908.5,1923.59,1821.84,1864.9,95467.69769,19565.2,19679.5,19155.4,19278.9,0.0,,-0.030644554525017353,-0.15308723697041704,0.03502028811208179,-0.23579366184484415,0,0,0.054199441834868724,898895.9232072624,-0.02284516636101641,-0.2834721000195951,0.05274330530847797,-0.6117679142804205,0,0,0.05456056625020108,4178899.570804299,-0.014124192665851742,-0.11192747608101816,0.011534971970702163,-0.13097824617076698,0,0,0.02718516097910143,0.0,0.28060899755375546,0.36794701276429825,3.0360071824152164
2025-03-14,81115.78,85309.71,80818.84,83983.2,26858.52755,1864.9,1946.0,1861.46,1911.65,68975.07659,19282.7,19731.0,19282.7,19652.5,0.0,,0.03534971863674374,-0.14189017491470068,0.035460495544252325,-0.20877918281064323,0,0,0.053473432781794575,759794.4478159955,0.025068368277119335,-0.3020271207728763,0.05186614913639895,-0.6020355693786079,0,0,0.044223576491512546,2751477.4122008374,0.01937869899216227,-0.09771864339857406,0.012232214323682263,-0.11413773518566928,0,0,0.022811347156850237,0.0,0.3199015934551035,0.3732713671653372,2.8989409126187167
2025-03-15,83983.19,84676.28,83618.0,84338.44,11324.7332,1911.65,1957.6,1903.84,1937.43,45391.94851,19282.7,19731.0,19282.7,19652.5,0.0,,0.004229893597767154,-0.1270048258873424,0.03545821902596721,-0.20543240294159382,0,0,0.012548014879099007,2677302.907323469,0.013485732220856361,-0.2760031688851353,0.05199312539604193,-0.5966687276338223,0,0,0.02774809928616775,3365921.4128977736,0.0,-0.10657865426491919,0.011993021213575969,-0.11413773518566928,0,0,0.022811347156850237,0.0,0.33817640269778787,0.39397584085648535,2.956568560067527
2025-03-16,84338.44,85117.04,81981.12,82574.53,17596.12531,1937.43,1941.0,1860.89,1887.06,57010.73241,19282.7,19731.0,19282.7,19652.5,0.0,,-0.020914662400679962,-0.15308591301294106,0.03550003508750534,-0.22205051598858988,0,0,0.03797684346492797,841329.2339892413,-0.02599835865037714,-0.30777780630866924,0.05180085633973693,-0.6071546787077111,0,0,0.042452280266658135,2192858.0664684502,0.0,-0.11187585016336687,0.011876511404224735,-0.11413773518566928,0,0,0.022811347156850237,0.0,0.3251155710805178,0.38021139301853435,2.9890936814947526
2025-03-17,82574.52,84756.83,82456.0,84010.03,17214.74358,1887.06,1952.62,1880.0,1926.42,70983.0308,19660.1,19957.0,19546.3,19828.0,0.0,,0.017384295133135996,-0.13897383674392227,0.035720979311148454,-0.2085264125598646,0,0,0.02738756312787892,990246.2852649313,0.020857842357953738,-0.28472291840712893,0.0521222499914519,-0.5989607729251369,0,0,0.03769686776507713,3403180.2307264865,0.00893016155705384,-0.10394475802260472,0.012087107107352644,-0.10622684204357973,0,0,0.020713132943312524,0.0,0.3381469025079326,0.39323523876629657,2.9552935570897407
2025-03-18,84010.02,84021.74,81134.66,82715.03,17610.89883,1926.42,1936.19,1872.4,1931.76,66301.16967,19830.1,19857.9,19397.6,19494.5,0.0,,-0.015414826063030795,-0.13944394667727578,0.0357265751364541,-0.2207268402437373,0,0,0.0349039346295347,1142464.2310816392,0.0027719811879030054,-0.27414554964379123,0.05217043450054324,-0.5978490997320742,0,0,0.033021700418271405,23918246.91194507,-0.016819648981238666,-0.11901609266046331,0.012303456746936347,-0.12125979282925987,0,0,0.02361178794018841,0.0,0.3465622199569095,0.37788669883374176,2.9037811757690393
2025-03-19,82715.03,87000.0,82547.16,86845.94,28151.05374,1931.76,2069.99,1928.01,2056.33,146643.019,19497.7,19936.1,19454.4,19738.3,0.0,,0.04994146771149088,-0.09327688452704108,0.03707853537774725,-0.18180879489733837,0,0,0.051272863187386726,563680.8326463037,0.06448523626123315,-0.25069052217323184,0.05340129109183899,-0.5719163039156294,0,1,0.06904533805371696,2274055.3460235135,0.012506091461694346,-0.10962401605882222,0.012632194925431607,-0.11027018742731441,0,0,0.024404330666774603,0.0,0.39002821374881,0.4093970635846079,2.9352385903033773
2025-03-20,86845.93,87453.67,83655.23,84223.39,22090.30463,2056.33,2067.86,1952.21,1983.9,127206.88659,19751.9,19898.2,19529.2,19689.4,0.0,,-0.030197727147636355,-0.11966281788122601,0.03741718908187931,-0.2065163096636244,0,0,0.045099585756403326,731521.8528461512,-0.03522294573341822,-0.25759191692394046,0.053530987850367806,-0.5869946727121703,0,0,0.05829426886435812,3611476.7753380463,-0.0024774170014640884,-0.11148516013158905,0.012618571852398551,-0.1124744191916914,0,0,0.01874104848294006,0.0,0.3837682462220625,0.41014487572897246,2.965245185200191
2025-03-21,84223.38,84850.33,83175.25,84088.79,11956.97443,1983.9,1996.54,1936.89,1965.96,98537.45628,19693.6,19775.3,19401.6,19769.7,0.0,,-0.0015981308755205204,-0.1299152759752069,0.0373298779410227,-0.2077844004483729,0,0,0.019920372263651336,7481802.520134885,-0.009042794495690343,-0.2760121673675915,0.05332841272491989,-0.5907293950124595,0,0,0.03034141081202052,10896780.564808339,0.004078336566883722,-0.10790175489262621,0.012682874847162306,-0.10885479116143622,0,0,0.01890266417800982,0.0,0.3800666321547298,0.40465678609443817,2.943327041984061
2025-03-22,84088.79,84539.17,83625.1,83840.59,5420.22114,1965.96,2006.74,1964.65,1980.66,54240.02455,19693.6,19775.3,19401.6,19769.7,0.0,,-0.0029516419489445944,-0.14713809063628502,0.0371171148917799,-0.2101227372446178,0,0,0.010902475757863732,1836334.7826081181,0.007477263016541613,-0.2767090271691499,0.053317562973095124,-0.5876691710540286,0,0,0.021250492260155664,7253984.765569934,0.0,-0.10438166514147984,0.012700916355209335,-0.10885479116143622,0,0,0.01890266417800982,0.0,0.382493379946486,0.40754002567550934,2.922394308392802
2025-03-23,83840.59,86129.64,83809.75,86082.5,8461.97813,1980.66,2020.76,1976.81,2005.94,65882.85223,19693.6,19775.3,19401.6,19769.7,0.0,,0.02674015056430301,-0.1050038687080469,0.03740310667853097,-0.1890013003112193,0,0,0.026949612290535236,316452.03137996054,0.012763422293578852,-0.24482543124543532,0.05331782976600019,-0.5824064185595297,0,0,0.02190992751527964,5161844.4564590175,0.0,-0.08474458569828058,0.012256490887721433,-0.10885479116143622,0,0,0.01890266417800982,0.0,0.3763955496889341,0.40541330833712325,3.051695342836504
2025-03-24,86082.5,88765.43,85519.09,87498.16,30115.62111,2005.94,2104.72,1977.78,2081.15,157014.09261,19866.5,20215.9,19857.5,20164.9,0.0,,0.01644538669299811,-0.09376235422084134,0.03755329873053859,-0.17566411308731872,0,0,0.03710180876946437,1831249.2956051468,0.03749364387768339,-0.24684700986157604,0.05323339238350494,-0.5667493135313943,0,0,0.06099512288878736,4187751.1624295544,0.01999018700334343,-0.06644845881056649,0.012942335418834428,-0.0910406317896197,0,0,0.017773457840108378,0.0,0.38459978524194327,0.42966074729281933,2.9015837172672674
2025-03-25,87498.16,88539.63,86310.0,87392.87,22643.25248,2081.15,2097.74,2036.83,2066.2,118807.74927,20175.6,20334.2,20103.3,20327.0,0.0,,-0.0012033395902268929,-0.09209759188846645,0.03755404846159482,-0.17665606909568557,0,0,0.02551272203327348,18816853.11059988,-0.007183528337698086,-0.2671776301555945,0.05296413414085926,-0.5698615821149686,0,0,0.02947923724712025,16538889.84576243,0.008038720747437278,-0.058943898667604966,0.013072184519405757,-0.08373376125780942,0,0,0.011359275840015814,0.0,0.38180743339647855,0.4252237615199758,2.8728189751036517
2025-03-26,87392.88,88275.0,85860.0,86909.17,18408.78485,2066.2,2078.72,1981.25,2009.55,115094.26875,20326.9,20348.9,19857.7,19903.5,0.0,,-0.005534776464029556,-0.05072161574818845,0.03652930721906503,-0.18121309370625635,0,0,0.027787631615858257,3326015.370175209,-0.027417481366760144,-0.20026504614429497,0.0496534425489935,-0.5816548941724592,0,0,0.04850339628274977,4197840.977148465,-0.020834358242731388,-0.06885953011405643,0.013438571934912167,-0.10282358032148421,0,0,0.02467907654432641,0.0,0.3592907412569021,0.41702838777893175,2.718241209972113
2025-03-27,86909.17,87756.39,85800.0,87232.01,17098.03897,2009.55,2037.47,1986.97,2003.81,77019.79979,19847.3,20013.8,19753.0,19811.9,0.0,,0.003714682811951864,-0.016332695838088274,0.03608521463730316,-0.1781715600587958,0,0,0.0224274323152705,4602813.7010381585,-0.00285636087681318,-0.19705961315761011,0.04965703208595876,-0.5828498387657512,0,0,0.025201990208652516,26964215.471882317,-0.004602205642223689,-0.06311209892890068,0.01335259142490137,-0.1069525707021987,0,0,0.013163805591588857,0.0,0.3464949787477181,0.4189633716425636,2.7024857171283165
2025-03-28,87232.01,87515.67,83585.0,84424.38,27182.73169,2003.81,2016.0,1857.57,1897.06,130780.4527,19808.1,19827.5,19179.8,19180.2,0.0,,-0.0321857767578666,0.002068721825697839,0.035374287938188385,-0.20462274676000922,0,0,0.04655847043235613,844557.0056899792,-0.053273513955913954,-0.187843293390358,0.04926195739285203,-0.6050728937019758,1,0,0.08351343658081456,2454886.4612039975,-0.031884877270731304,-0.09642862190313317,0.01436151235761582,-0.13542727838230115,0,0,0.03376919948697098,0.0,0.41535202886467476,0.4784766040958232,2.46312939933068
2025-03-29,84424.38,84624.73,81644.81,82648.54,11696.39864,1897.06,1913.92,1797.56,1828.08,113270.751,19808.1,19827.5,19179.8,19180.2,0.0,,-0.02103468216171689,-0.024319142169541785,0.03558087291340276,-0.22135325448057186,0,0,0.03605532535722952,556052.7603673434,-0.03636152783781221,-0.2078277750814671,0.049568675291274227,-0.6194330466715381,0,0,0.06365148133560902,3115125.4247066034,0.0,-0.06844750965297841,0.013449392279493395,-0.13542727838230115,0,0,0.03376919948697098,0.0,0.4469331956378427,0.49507192210394657,2.64553562857241
2025-03-30,82648.53,83534.64,81565.0,82389.99,9864.49508,1828.08,1849.19,1767.39,1808.11,97921.15884,19808.1,19827.5,19179.8,19180.2,0.0,,-0.0031283069247198814,-0.023235938282825108,0.03557713412966569,-0.22378910048649087,0,0,0.02390630220977086,3153291.4718617573,-0.010924029582950467,-0.19188447511441653,0.04937179245429139,-0.6235903713279916,0,0,0.045240610361095265,8963823.144034466,0.0,-0.08078731327189337,0.013128632034522763,-0.13542727838230115,0,0,0.03376919948697098,0.0,0.4621106988430082,0.5290865381607502,2.709886828821512
2025-03-31,82390.0,83943.08,81278.52,82550.01,20569.13885,1808.11,1854.18,1776.83,1822.47,115706.11167,19136.8,19315.1,18802.0,19238.1,0.0,,0.0019422262340362817,-0.040835870479975944,0.03536957083137809,-0.2222815233143108,0,0,0.03227813055383031,10590441.311690493,0.007941994679527387,-0.17816428867764567,0.04943203018380286,-0.6206009280597555,0,0,0.0424423996005422,14568879.815478206,0.003018738073638394,-0.07801245093669584,0.013161724237597787,-0.13281735979012468,0,0,0.026671033002219482,0.0,0.4605599299425351,0.5316606694470759,2.6873032225754443
2025-04-01,82550.0,85579.46,82432.74,85158.34,20190.39697,1822.47,1927.94,1818.01,1905.21,140225.46287,19238.4,19471.0,19089.3,19425.9,0.0,,0.031596967704788925,-0.09665492733637426,0.03104614236657455,-0.19770797772305546,0,0,0.036951401354230265,638997.7281573955,0.045399924278588966,-0.24361010314353548,0.04284396013621215,-0.6033762389223015,0,0,0.057699676151185465,3088671.0542251077,0.009761878771812338,-0.06901212025361958,0.01334806439415699,-0.12435202798337573,0,0,0.019649025270386478,0.0,0.5315091855219266,0.6221937648302126,2.3258892219064005
2025-04-02,85158.35,88500.0,82320.0,82516.29,39931.457,1905.21,1956.82,1781.56,1795.17,209696.76531,19424.0,19807.5,18909.2,18961.9,0.0,,-0.0310251468030025,-0.04296327757365681,0.02744378834964608,-0.22259920549307546,0,0,0.0748943026885964,1287067.0486389154,-0.057757412568693156,-0.1644892697071103,0.03532398608228642,-0.6262842011254129,1,0,0.09762863684219321,3630646.174707665,-0.023885637216293665,-0.0748126390569499,0.013636321472693287,-0.14526743777214812,0,0,0.04737394459415983,0.0,0.5279425088322719,0.6628239676100776,2.012549225911836
2025-04-03,82516.28,83998.02,81211.24,83213.09,27337.84135,1795.17,1845.21,1749.2,1817.2,114277.63691,18854.0,19007.2,18451.4,18484.8,0.0,,0.008444393222235336,-0.046617755463384314,0.027387679698597633,-0.21603452749298083,0,0,0.033489682933298105,3237391.7529205033,0.012271818267907797,-0.16317837489350928,0.035350002722517176,-0.6216980287577781,0,0,0.05283403037640325,9312193.294690149,-0.025160980703410663,-0.09839479858160871,0.014235023627817889,-0.16677334727693985,0,0,0.030067947719207094,0.0,0.48399268147706315,0.6040716289907216,1.923963119066824
2025-04-04,83213.09,84720.0,81659.0,83889.87,32915.53976,1817.2,1835.87,1758.65,1816.8,117661.51894,18504.4,18552.7,17265.7,17338.7,0.0,,0.00813309540602325,-0.07412466347431035,0.026434565358266323,-0.20965846151005316,0,0,0.0364883149777202,4047106.0089327344,-0.00022011886418671356,-0.18945325570501237,0.03465292413484061,-0.6217813001580074,0,0,0.04250330250990742,534511997.664238,-0.06200229377650823,-0.15749757045675405,0.017735003584947555,-0.21843531098149158,1,0,0.07422701817321944,0.0,0.33660207919956453,0.4588431016763716,1.490529749619275
2025-04-05,83889.87,84266.0,82379.95,83537.99,9360.40468,1816.8,1827.37,1764.32,1805.87,45998.82353,18504.4,18552.7,17265.7,17338.7,0.0,,-0.004194546969735313,-0.0710971380674863,0.0264191268359869,-0.21297358621538212,0,0,0.022577153220947773,2231559.792258743,-0.006016072214883317,-0.17994768724967536,0.034588878701350176,-0.6240566911692762,0,0,0.034913919606616176,7645976.548691857,0.0,-0.13931358338462763,0.017512830693091577,-0.21843531098149158,0,0,0.07422701817321944,0.0,0.3340312189783992,0.4552872376376626,1.5085574807066366
2025-04-06,83537.99,83817.63,77153.83,78430.0,27942.71436,1805.87,1817.17,1537.0,1580.82,186997.56837,18504.4,18552.7,17265.7,17338.7,0.0,,-0.061145713465215135,-0.09644678822719588,0.027937005197079014,-0.2610968778022122,1,0,0.08496493688639555,456985.5874858719,-0.12462137363154602,-0.2618337185683268,0.04067889694285267,-0.6709072627233496,1,0,0.1772308042661404,1500525.5351912526,0.0,-0.14068710537532092,0.01749499956259616,-0.21843531098149158,0,0,0.07422701817321944,0.0,0.31080309728027444,0.3661779112408215,1.5968556688764288
2025-04-07,78430.0,81243.58,74508.0,79163.24,78387.53089,1580.82,1639.46,1412.03,1553.31,391157.68745,16441.0,18218.5,16319.5,17491.8,0.0,,0.009348973607038236,-0.08187206464209718,0.028017308449391914,-0.25418889201462697,0,0,0.08508469335009534,8384604.592844421,-0.017402360800091055,-0.2951194608944252,0.0400521501582071,-0.6766342532741274,0,0,0.146416362477548,22477264.27297787,0.008829958416720851,-0.13309940824883293,0.0176536652299298,-0.21153412727748075,0,0,0.10856515624464035,0.0,0.31986018811590056,0.3546509572532208,1.5870524457078348
2025-04-08,79163.24,80867.99,76239.9,76322.42,35317.32063,1553.31,1618.88,1446.0,1473.5,163860.5859,17527.9,18219.5,16837.6,17092.0,0.0,,-0.03588559538492875,-0.05464772933757944,0.026334412959404405,-0.28095276766937544,0,0,0.06063866947615145,984163.991415694,-0.05138060013777024,-0.27056622080532255,0.03845064445925743,-0.6932489794049009,1,0,0.1173260943332203,3189152.200813298,-0.022856424153031685,-0.1529136558724118,0.01793937793894231,-0.22955563769461693,0,0,0.0808506903814651,0.0,0.4015006772431026,0.4184734858399209,1.4679660782761943
2025-04-09,76322.42,83588.0,74620.0,82615.22,75488.28772,1473.5,1689.0,1384.84,1669.51,336015.32535,17099.2,19241.7,16602.7,19210.8,0.0,,0.0824502158081466,0.05113958928625495,0.03002703277660394,-0.22166716818746493,0,1,0.10855142672258211,915561.9281826307,0.1330234136409909,-0.10480117536032951,0.04444594881184825,-0.6524439115074829,0,1,0.18218519206234168,2525986.147047696,0.12396442780248074,-0.01235405709702786,0.0289264514600888,-0.13404794316778304,0,1,0.13737064567847254,0.0,0.5961654523716873,0.6345342699895482,1.0380472156275888
2025-04-10,82615.22,82753.21,78464.36,79607.3,33284.80718,1669.51,1670.0,1472.41,1522.4,180253.63760000002,19161.3,19244.3,17802.5,18366.9,0.0,,-0.036408787630172745,-0.040100929678286046,0.029084707960974582,-0.25000532296651845,0,0,0.05387508432015664,914196.8245723164,-0.08811567465903158,-0.20855081203601644,0.04658547225298964,-0.6830690507268552,1,0,0.12978849185496577,2045647.585869658,-0.04392841526641256,-0.05236355756431277,0.03001497875951616,-0.17208784472111271,0,0,0.07849991016448063,0.0,0.662480921744548,0.6748959343127909,0.969006125373056
2025-04-11,79607.3,84300.0,78969.58,83423.84,34435.43797,1522.4,1591.97,1504.92,1566.61,158918.7219,18352.4,18738.8,17939.1,18684.3,0.0,,0.047942085713244875,-0.0030626151109726107,0.030384339973409818,-0.21404901387570194,0,0,0.06389564421872691,718271.4367758976,0.029039674198633625,-0.17914068640293435,0.04703915130316033,-0.6738654792164994,0,0,0.055565839615475426,5472467.290380432,0.017281087173121046,-0.04453058281471323,0.030152091929110295,-0.1577806225940517,0,0,0.04280064010961079,0.0,0.6613151315413281,0.681591427623049,1.0077022174057892
2025-04-12,83423.83,85905.0,82792.95,85276.9,18470.74437,1566.61,1669.96,1545.92,1644.08,147743.40712,18352.4,18738.8,17939.1,18684.3,0.0,,0.022212595344448305,0.05129852662453582,0.030056435602964057,-0.19659100266035281,0,0,0.03649347009565314,831543.3549363661,0.04945072481345081,-0.11840849375301632,0.04796196395173597,-0.6577378907770679,0,0,0.07544645029438955,2987688.811447412,0.0,-0.03084200862082387,0.03005170910114434,-0.1577806225940517,0,0,0.04280064010961079,0.0,0.6553118787812738,0.6659207746976338,1.0001569461568518
2025-04-13,85276.91,86100.0,83034.23,83760.0,24680.04181,1644.08,1649.87,1561.26,1597.62,166346.92711,18352.4,18738.8,17939.1,18684.3,0.0,,-0.017787935537056265,-0.0026576743920212476,0.02959167060044466,-0.21088199011492148,0,0,0.036601838586437487,1387458.8135311047,-0.028258965500462252,-0.16427170245599365,0.047871052526438515,-0.6674098639137142,0,0,0.05546375233159319,5886516.55497132,0.0,-0.04926599669253284,0.02981429560575689,-0.1577806225940517,0,0,0.04280064010961079,0.0,0.6430876357189377,0.6576871577362964,0.9925326114162711
2025-04-14,83760.0,85799.99,83678.0,84591.58,28659.09348,1597.62,1691.57,1595.45,1623.89,178693.5776,18975.9,19129.1,18612.4,18776.2,0.0,,0.009928127984718316,0.003001478329454521,0.02963581769636967,-0.20304752551773625,0,0,0.02508512076497454,2886653.4212269136,0.016443209273794945,-0.16183294364183476,0.04791314713834368,-0.6619410147036474,0,0,0.05919120137447727,10867310.994555576,0.004918567995589873,-0.0445897468515456,0.029835028010667834,-0.15363810931907712,0,0,0.027518880284615476,0.0,0.6437699180872659,0.6592582571417441,0.9933226056482002
2025-04-15,84591.58,86496.42,83600.0,83643.99,20910.99528,1623.89,1660.95,1583.18,1588.55,106067.11785,18773.2,19018.3,18684.0,18812.1,0.0,,-0.011201942320973268,0.012951451252583679,0.029446020267956827,-0.2119749411694435,0,0,0.03462795115345404,1866727.7525229792,-0.021762557808718608,-0.15818786896018144,0.04785459090594351,-0.669298042913916,0,0,0.048956595637531075,4873832.848323485,0.0019119949723584995,-0.04276300725098592,0.029839510572694777,-0.15201986963929934,0,0,0.017770477511814167,0.0,0.6473391741191841,0.6592869522986703,0.9868127805948052
2025-04-16,83643.99,85500.0,83111.64,84030.38,20867.24519,1588.55,1613.93,1537.07,1577.35,159295.17156,18623.8,18735.6,17993.0,18244.3,0.0,,0.004619459210398746,0.00024223298099057544,0.029290590148237084,-0.20833469155340367,0,0,0.028422577643942588,4517238.721502111,-0.007050454817286278,-0.18120139948713165,0.04761302192656925,-0.6716296421203397,0,0,0.048727295780898426,22593570.167096112,-0.030182701559102854,-0.07987189832560015,0.030240607982229366,-0.17761420084202553,0,0,0.04070312371535211,0.0,0.6307914942606654,0.6485903454732954,0.9685843776555572
2025-04-17,84030.38,85470.01,83736.26,84947.91,13728.84772,1577.35,1617.0,1563.22,1583.61,103518.19897,18298.3,18531.2,18142.2,18303.6,0.0,,0.010919027142326287,0.026994852084318843,0.029194155145464692,-0.19969047656283712,0,0,0.020409566285974547,1257331.3508369555,0.003968681649602068,-0.1802242514598087,0.04762072952186965,-0.6703264447067494,0,0,0.033960381659625775,26083709.219480313,0.003250330240129662,-0.06108902510964642,0.030131139871698527,-0.1749411754099691,0,0,0.021252649751961363,0.0,0.6278022914254118,0.6549937640973938,0.9689027889667784
2025-04-18,84947.92,85132.08,84303.96,84474.69,6529.96315,1583.61,1600.66,1573.57,1588.53,49861.43654,18298.3,18531.2,18142.2,18303.6,0.0,,-0.005570707978571843,-0.0273040973475559,0.02772697369041197,-0.20414876721037553,0,0,0.009803172997734533,1172194.172298429,0.0031068255441681902,-0.22749266897822817,0.045793541419912,-0.6693022064839276,0,0,0.01705350229457432,16048946.212680746,0.0,-0.0726860975869249,0.030014455407664137,-0.1749411754099691,0,0,0.021252649751961363,0.0,0.6335722323419636,0.6585951096345242,0.9237870244835991
2025-04-19,84474.7,85677.99,84364.45,85077.01,9666.58153,1588.53,1632.0,1584.9,1613.28,52969.90413,18298.3,18531.2,18142.2,18303.6,0.0,,0.007130183016948566,0.010135189286491597,0.027183039104753216,-0.1984742022663214,0,0,0.015439423646881905,1355725.084443353,0.01558044229570732,-0.18681385150461216,0.04567409053395895,-0.6641497885947327,0,0,0.029195180005950554,3399766.7798510646,0.0,-0.07038304874704171,0.03001676751582198,-0.1749411754099691,0,0,0.021252649751961363,0.0,0.6462670999346714,0.6611103933247252,0.9055948490948075
2025-04-20,85077.0,85320.76,83949.52,85179.24,8091.67725,1613.28,1619.2,1565.87,1587.32,69546.28762,18298.3,18531.2,18142.2,18303.6,0.0,,0.0012016172171542827,0.012967840303089284,0.027179717203041416,-0.19751107506777127,0,0,0.016098288737959984,6733933.065500023,-0.01609144103937321,-0.192598018270972,0.04570916475538684,-0.6695541024696215,0,0,0.03359751026888098,4321940.106571578,0.0,-0.07415894019636116,0.029997472987366422,-0.1749411754099691,0,0,0.021252649751961363,0.0,0.6474106303756775,0.6609744822207916,0.9060665928034122
2025-04-21,85179.24,88465.99,85144.76,87516.23,31773.37262,1587.32,1658.59,1563.39,1579.68,141126.56704,18204.0,18270.3,17591.5,17804.6,0.0,,0.02743614523914495,0.04384081743699553,0.02759872229898111,-0.1754938723705253,0,0,0.037949875126019605,1158084.0078739189,-0.004813144167527539,-0.20244766895883193,0.045638384690506385,-0.6711445862140033,0,0,0.06026537020155969,29321015.310942154,-0.027262396468454297,-0.09939958623550194,0.030341204011534537,-0.1974342561957394,0,0,0.038124978938027215,0.0,0.6042593867634254,0.6526974477002855,0.909611668422007
2025-04-22,87516.22,93888.0,87076.03,93442.99,43872.74705,1579.68,1778.45,1537.55,1756.42,221704.053,17816.7,18406.9,17757.4,18252.3,0.0,,0.0677218385664009,0.08550506781285394,0.029802202864886978,-0.11965680149819369,0,1,0.07289974346925329,647837.4110975871,0.11188341942671931,-0.12439056003669102,0.05041866635795369,-0.6343511180226373,0,1,0.1371539836713315,1981562.9011015461,0.025145187198813757,-0.07675382024006439,0.03077274125783248,-0.177253590328426,0,0,0.03558455646685623,0.0,0.6174798183203947,0.6535709131989108,0.9684607858162024
2025-04-23,93442.99,94696.05,91935.41,93691.08,27404.16808,1756.42,1835.24,1745.23,1795.16,216539.38955,18577.7,19059.4,18520.9,18743.5,0.0,,0.0026549878166355345,0.07077771692570445,0.02969642685514432,-0.11731950103171343,0,0,0.029465345046721624,10321729.045610705,0.022056228009246004,-0.13741921533767387,0.05006660260527428,-0.6262862829104188,0,0,0.050140377459390796,9817603.049950149,0.02691167688455698,-0.07048881968172427,0.030970286483104428,-0.1551121047934152,0,0,0.028729959719369383,0.0,0.6042323380202292,0.6503112299455753,0.9588680195988741
2025-04-24,93691.07,94005.0,91660.01,93980.47,19497.06071,1795.16,1802.86,1722.72,1769.67,126898.17568999999,18733.1,19302.1,18491.0,19244.6,0.0,,0.0030887678955136,0.07537914706314153,0.029687295963947945,-0.11459310584450423,0,0,0.02495188628020274,6312224.889435776,-0.014199291428062089,-0.14351466460168416,0.05009975445708269,-0.631592752890038,0,0,0.04528527917634354,8936930.899939278,0.026734601328460394,-0.0532493727554485,0.03136454846588418,-0.13252436374782509,0,0,0.042146887958180404,0.0,0.5985818837197932,0.6359614029919037,0.9465236373800503
2025-04-25,93980.47,95758.04,92855.96,94638.68,27500.66648,1769.67,1827.38,1739.0,1784.79,149834.96088,19322.3,19472.4,19113.9,19449.6,0.0,,0.007003689170739236,0.08893779563192239,0.029653480347909565,-0.10839199116820945,0,0,0.030664840211211603,3926591.6210243683,0.008543965824136635,-0.11184593565723666,0.04994876696249171,-0.6284450939613662,0,0,0.04951843073975096,17536913.02083486,0.010652338837907838,-0.022805034290451554,0.03121696129512051,-0.12328371933683728,0,0,0.01843225567620928,0.0,0.5973892489380138,0.6332756563245664,0.9499153542978293
2025-04-26,94638.68,95199.0,93870.69,94628.0,9415.06875,1784.79,1841.53,1779.28,1820.91,93824.17237,19322.3,19472.4,19113.9,19449.6,0.0,,-0.0001128502637609552,0.08478527549691917,0.0296597077546234,-0.10849260936717754,0,0,0.014037177156866865,83422352.88357717,0.020237675020590817,-0.09127611899331767,0.05012466598973531,-0.6209256865206503,0,0,0.034186203601495956,4636111.9008690305,0.0,-0.01828698913279403,0.031206461911962396,-0.12328371933683728,0,0,0.01843225567620928,0.0,0.5975193077652899,0.6313356827420186,0.950434507248925
2025-04-27,94628.0,95369.0,93602.58,93749.3,11162.841,1820.91,1857.45,1781.39,1791.23,87541.11488,19322.3,19472.4,19113.9,19449.6,0.0,,-0.009285835059390402,0.1104529284076472,0.029006791446322417,-0.11677099995082148,0,0,0.018841954019923328,1202135.1776391603,-0.016299542536424183,-0.055786321992978616,0.049267108875790507,-0.6271044244176727,0,0,0.04246244200912219,5370767.981781963,0.0,0.014045734663872045,0.030626272248065772,-0.12328371933683728,0,0,0.01843225567620928,0.0,0.5780242021056031,0.6163509936317074,0.9471208817111442
2025-04-28,93749.29,95630.0,92800.01,95011.18,22157.53351,1791.23,1827.64,1744.37,1799.84,142875.89595,19408.5,19523.3,19159.0,19384.1,0.0,,0.013460153835815225,0.14958086373939583,0.02866599402843,-0.1048826017379063,0,0,0.029785863095269476,1646156.3009391122,0.004806752901637346,-0.015447901623561355,0.04881206706719731,-0.6253120075277345,0,0,0.046265223575429046,29723932.48298801,-0.003367678512668615,0.010630754632381167,0.030635868051568396,-0.12623621791693337,0,0,0.01879375364345001,0.0,0.5823771353282278,0.6207198578928128,0.9357000958215543
2025-04-29,95011.18,95461.53,93742.54,94256.82,16955.3402,1799.84,1842.65,1780.6,1797.7,128394.07531,19374.1,19590.8,19282.4,19517.5,0.0,,-0.007939697201950202,0.1440324243272757,0.028726720088335374,-0.11198956284030478,0,0,0.01823730102500811,2135512.024402527,-0.00118899457729571,-0.005757393078960837,0.04876495731340085,-0.6257575095189619,0,0,0.0345163264170886,107984508.8586803,0.00688192900366813,0.017585843734684747,0.030655499033803775,-0.12022303760266125,0,0,0.015801204047649432,0.0,0.5774658752015852,0.6204040194717165,0.9370818164088702
2025-04-30,94256.82,95228.45,92910.0,94172.0,17661.2751,1797.7,1816.59,1731.63,1793.61,112687.19726,19497.7,19781.2,19008.8,19749.3,0.0,,-0.0008998818334843284,0.14078726338131275,0.02874145659325737,-0.1127886673006493,0,0,0.02461931359639805,19625997.750881433,-0.002275129331924197,-0.01583565161566447,0.04875013594369213,-0.6266089595863077,0,0,0.04736815695719795,49529800.51762144,0.011876521070833812,0.02657227065042811,0.030718001686805045,-0.10977434797111507,0,0,0.03911024694546143,0.0,0.5738035923219995,0.618270919142727,0.9356548492233073
2025-05-01,94172.0,97424.02,94130.43,96489.91,21380.45343,1793.61,1873.22,1792.52,1838.24,137599.77144,19734.9,20030.2,19662.1,19701.5,0.0,,0.024613579407891883,0.13306471215855087,0.02854449999328756,-0.09095122071167216,0,0,0.034134035361832245,868644.2710848488,0.024882778307435904,-0.03515098073178291,0.048241410564924356,-0.617317953105711,0,0,0.04390068761423973,5529917.698125497,-0.0024203389487221783,0.01418724486381584,0.030683000339540183,-0.1119289957898722,0,0,0.018683856559145354,0.0,0.5664821539691294,0.6143844731776215,0.9303031116377524
2025-05-02,96489.9,97895.68,96350.0,96887.14,14905.74811,1838.24,1870.75,1812.92,1842.08,87464.19274,19688.2,20182.2,19655.9,20107.5,0.0,,0.004116803508263045,0.17415773297611903,0.027743577456562692,-0.08720884550791565,0,0,0.015953407232373595,3620700.349938609,0.002088954652275987,0.026131229911373177,0.0469950268376379,-0.6165185476635086,0,0,0.03139385911578212,41869637.49946905,0.02060756795167884,0.06041588659364305,0.030518030637119897,-0.09362801222469636,0,0,0.02617431306726342,0.0,0.5475697615160058,0.598587628363827,0.9090877683286602
2025-05-03,96887.13,96935.67,95753.01,95856.42,9723.34838,1842.08,1848.58,1809.46,1833.41,52308.64184,19688.2,20182.2,19655.9,20107.5,0.0,,-0.010638357164841517,0.15193919610484352,0.02789760264862473,-0.09691944382631046,0,0,0.012337827763649044,913988.7944584634,-0.004706635976721829,0.008920316971164466,0.046968326697310034,-0.6183234552634811,0,0,0.021337289531528622,11113782.95684624,0.0,0.08778564009348222,0.030077237456880655,-0.09362801222469636,0,0,0.02617431306726342,0.0,0.5578648764716861,0.6154006100254205,0.9275317726005111
2025-05-04,95856.42,96304.48,94151.38,94277.62,11036.38342,1833.41,1849.95,1803.0,1808.7,55866.73857,19688.2,20182.2,19655.9,20107.5,0.0,,-0.016470466975503584,0.12382603525312419,0.028165624596357273,-0.11179360230298863,0,0,0.02283786968741883,670070.6625809519,-0.013477618208693087,-0.004458388375165101,0.04704598187117163,-0.6234675460126531,0,0,0.02595787029358105,4145146.1418089783,0.0,0.1596890193613132,0.027456180900220922,-0.09362801222469636,0,0,0.02617431306726342,0.0,0.619511743348874,0.6723006927158929,1.0258387515848253
2025-05-05,94277.61,95199.0,93514.1,94733.68,17251.18189,1808.7,1833.42,1781.35,1820.13,94000.46755,20106.0,20106.3,19881.3,19953.6,0.0,,0.0048374152847727725,0.13401914506202495,0.028120185444192432,-0.10749697909873616,0,0,0.01778564920100216,3566190.871061761,0.006319455962846332,0.007896470953058676,0.04703721993891967,-0.6210880657510975,0,0,0.02860784669226932,14874748.61050783,-0.007653860499813536,0.15081292138395597,0.027542536123704695,-0.10056525698006726,0,0,0.011276160692807314,0.0,0.616348290063618,0.6675608281265656,1.020972618794694
2025-05-06,94733.68,96920.65,93377.0,96834.02,16122.64513,1820.13,1820.92,1751.73,1817.22,133787.21496,19935.2,19950.6,19653.7,19761.5,0.0,,0.022170995574119168,0.23465536146882582,0.025386752989763152,-0.08770929857244635,0,0,0.036595093335999,727195.0329948233,-0.0015987868998368349,0.14954264242608284,0.04060056094488913,-0.6216938651877665,0,0,0.03807464148534578,83679931.43697843,-0.009627335418170069,0.1397336593862284,0.02765916183394715,-0.10922441693787577,0,0,0.015024163145510099,0.0,0.6521938597075156,0.7531583617630918,0.9178421227567279
2025-05-07,96834.02,97732.0,95784.61,97030.5,16644.83854,1817.22,1850.19,1787.04,1811.42,149375.93922,19721.6,20045.4,19596.9,19875.2,0.0,,0.0020290389679165077,0.22570147457329925,0.02540210127225321,-0.08585822518918206,0,0,0.020069874936231386,8203270.9920704635,-0.0031916884031653048,0.16616773213331548,0.04040746372086972,-0.622901300491093,0,0,0.034862152344569505,46801395.480180494,0.005753611820965121,0.13625813238203044,0.02764910838978545,-0.1040992400133425,0,0,0.022565810658509097,0.0,0.6513281394547645,0.7596976747654113,0.9187309669026421
2025-05-08,97030.5,104145.76,96876.29,103261.6,34962.02847,1811.42,2226.36,1808.64,2207.29,367655.46364,19847.6,20256.5,19830.8,20074.6,0.0,,0.06421795208723036,0.352965485109094,0.026123828015850017,-0.027153912493445224,0,1,0.07039857991741365,544427.5609759991,0.21854125492707377,0.4979911774686121,0.05472702890829413,-0.5404896774690491,0,1,0.18924563605144773,1682315.986240333,0.010032603445499833,0.17450269131757534,0.027169981647028472,-0.09511102296187446,0,0,0.021205901985593772,0.0,0.5967940660590546,0.5541420932108921,0.9614956219063515
2025-05-09,103261.61,104361.3,102315.14,102971.99,27617.39907,2207.29,2491.24,2184.53,2345.42,374254.58419,20091.3,20201.0,19980.1,20068.2,0.0,,-0.002804624371499198,0.24640459711902962,0.022391655280547505,-0.02988238034018374,0,0,0.019871034831899465,9847058.622203687,0.06257899958772972,0.40485531682948905,0.05085844120375232,-0.511733981184827,0,1,0.1307697555235308,5980513.061098088,-0.0003188108355831609,0.04463114498094822,0.01547732230658717,-0.09539951137275399,0,0,0.011007464545898559,0.0,0.3479369472962775,0.4094843041742091,1.4467386780225422
2025-05-10,102971.99,104984.57,102818.76,104809.53,15324.78611,2345.42,2600.0,2316.5,2582.41,213178.50582,20091.3,20201.0,19980.1,20068.2,0.0,,0.017845046988020696,0.31658189638387424,0.020852196566300742,-0.012570585833447563,0,0,0.020664246848545283,858769.2446310177,0.10104373630309271,0.6962756174461375,0.04965943158964839,-0.46239775833390584,0,1,0.10978117340004105,2109764.469545159,0.0,0.09262858729562407,0.01288494270240103,-0.09539951137275399,0,0,0.011007464545898559,0.0,0.1794958540474416,0.234470741439513,1.6183370671135695
2025-05-11,104809.53,104972.0,103345.06,104118.0,17987.12197,2582.41,2607.86,2434.25,2514.32,177831.43325,20091.3,20201.0,19980.1,20068.2,0.0,,-0.006597968715249425,0.2480605064451602,0.01972438309273433,-0.019085614216635568,0,0,0.015625924431894603,2726156.4103605975,-0.026366843374986848,0.6049431575184636,0.05029386226083462,-0.47657263243795756,0,0,0.0690484902478603,6744507.231139737,0.0,0.07406753263435095,0.012609551227933457,-0.09539951137275399,0,0,0.011007464545898559,0.0,0.12020777419862347,0.2344151576200043,1.5642402408927356
2025-05-12,104118.0,105819.45,100718.37,102791.32,31272.77792,2514.32,2624.63,2407.39,2495.6,229130.6747,20356.9,20920.6,20303.4,20881.7,0.0,,-0.01274208110028996,0.2053829348862355,0.019863145895047167,-0.03158450487272834,0,0,0.04962559095456699,2454289.3057237957,-0.007445353017913492,0.5179310009245293,0.05010068518817261,-0.4804697339686941,0,0,0.08704920660362248,30774950.01233831,0.0405367696156107,0.11760676075635712,0.014383801657921337,-0.058729929771102383,0,0,0.029556980514038468,0.0,0.021222193971012843,0.16923942665622477,1.3809375683884386
2025-05-13,102791.32,104976.25,101429.7,104103.72,21253.42409,2495.6,2738.73,2415.0,2679.7,227712.76582,20883.5,21271.5,20745.4,21180.2,0.0,,0.012767615008738131,0.24288108882521486,0.01935533555577564,-0.019220148662446913,0,0,0.034067466561233384,1664634.1097466608,0.07376983490944067,0.6773074948986617,0.05051630456388251,-0.4421440720131069,0,1,0.1208082994365041,3086800.115948984,0.01429481316176373,0.133582740589693,0.01448952746848908,-0.045274649982420145,0,0,0.024839236645546242,0.0,0.016642414017261263,0.18550811187973856,1.3358145902081682
2025-05-14,104103.72,104356.95,102602.05,103507.82,16452.9081,2679.7,2725.18,2546.9,2609.5,173574.3816,21181.9,21345.6,21166.2,21326.6,0.0,,-0.005724099004339123,0.2236184736116762,0.019496674096933654,-0.024834229632964028,0,0,0.016954274565921627,2874317.7475355524,-0.02619696234653124,0.6069438200863357,0.05117215344668371,-0.4567582027533688,0,0,0.06831960145621757,6625742.063012984,0.006912116032898652,0.13583153140678084,0.01449708290802878,-0.03867547758354895,0,0,0.008412030046983477,0.0,0.012234084095051405,0.17777633375496843,1.3448678449274478
2025-05-15,103507.83,104192.7,101383.07,103763.71,17998.98604,2609.5,2646.69,2478.35,2548.51,168093.81856,21302.0,21455.1,21117.1,21321.3,0.0,,0.0024721803627976158,0.24053993598344614,0.019216022618109403,-0.022423443964990148,0,0,0.027077192980088993,7280582.5598445125,-0.02337229354282422,0.6042995184287561,0.05121512563497746,-0.46945500950334845,0,0,0.06605428269851801,7192009.048316861,-0.0002485159378428081,0.13338223802765237,0.014514996041167589,-0.0389143820488086,0,0,0.015852691909029937,0.0,0.009578380885388068,0.18164022138935632,1.3238728639594604
2025-05-16,103763.71,104550.33,103100.49,103463.9,15683.88024,2548.51,2648.7,2529.13,2537.14,131985.89179,21314.9,21434.3,21243.4,21326.7,0.0,,-0.002889353127408567,0.2312677867218973,0.01930198300135161,-0.025248007844451168,0,0,0.014013003569360874,5428144.386291339,-0.004461430404432476,0.6084825815449963,0.05117530150200315,-0.4718219990548696,0,0,0.047127868387239064,29583694.91137234,0.0002532678589017845,0.16895139851898966,0.013008361611201705,-0.03867096995212886,0,0,0.008951220770208134,0.0,0.0042870449091076766,0.16418279817559123,1.483812392377412
2025-05-17,103463.9,103709.86,102612.5,103126.65,11250.89622,2537.14,2538.22,2446.58,2475.31,102717.87841,21314.9,21434.3,21243.4,21326.7,0.0,,-0.00325959102643536,0.21399867283373997,0.019379531224059804,-0.02842530069108133,0,0,0.010640896412324076,3451617.584101627,-0.024369959876080927,0.5630805564501362,0.05168550698047382,-0.48469367574533107,0,0,0.03702162557417046,4214936.6179897245,0.0,0.16516422998754354,0.013039504080176699,-0.03867096995212886,0,0,0.008951220770208134,0.0,0.012621904545133915,0.17188655298306085,1.4862157519751067
2025-05-18,103126.65,106660.0,103105.09,106454.26,21599.98726,2475.31,2587.95,2320.0,2497.99,205426.89427,21314.9,21434.3,21243.4,21326.7,0.0,,0.0322672170578604,0.26019118862703117,0.019783094872960167,0.0,0,0,0.03339377869894548,669409.4668025766,0.009162488738784225,0.5725167293031921,0.05164450049163828,-0.4799721873523234,0,0,0.10726624205861507,22420400.823679477,0.0,0.16516422998754354,0.013039504080176699,-0.03867096995212886,0,0,0.008951220770208134,0.0,-0.01388530351688442,0.17041376173916242,1.5171650378471837
2025-05-19,106454.27,107108.62,102000.0,105573.74,30260.03524,2497.99,2547.06,2348.4,2528.21,206057.77227,21236.5,21474.6,21043.5,21448.3,0.0,,-0.008271345834351629,0.24091972672758488,0.020002978840309063,-0.008271345834351669,0,0,0.04838911646021061,3658412.9429334374,0.012097726572164014,0.5671241198056134,0.051650276980407236,-0.4736810330649912,0,0,0.07857733337025004,17032754.105765827,0.005701772895009505,0.17180773181232123,0.013002752660507145,-0.03318969014541616,0,0,0.02009949506487687,0.0,-0.015027617531932623,0.17058427541245968,1.5383637587313226
2025-05-20,105573.73,107320.0,104184.72,106849.99,23705.48275,2528.21,2587.95,2442.57,2524.4,166573.89921,21441.2,21494.3,21231.2,21352.8,0.0,,0.012088706907607882,0.25441351672074086,0.019985230420960884,0.0,0,0,0.02934281977939351,1960959.3748598124,-0.0015069950676565025,0.5903535518987981,0.05140326993898253,-0.47447419315217637,0,0,0.05758992235778785,110533071.7095955,-0.004452567336339031,0.1665901789811841,0.013091387832814378,-0.037494478151510476,0,0,0.012321569068225176,0.0,-0.025191926700708665,0.17038873725696752,1.5265925515506602
2025-05-21,106850.0,110797.38,106100.01,109643.99,45531.040345,2524.4,2616.0,2452.78,2550.8,242500.74052,21346.8,21493.6,21008.5,21081.3,0.0,,0.02614880918566298,0.25284178717479033,0.019942889612052386,0.0,0,0,0.042842019886361396,1741227.396224607,0.010457930597369769,0.6147574192241467,0.051257763989580575,-0.46897828073703507,0,0,0.06398776854320205,23188192.575982913,-0.012714960098909711,0.18403670961436935,0.012076363576778328,-0.049732697456794324,0,0,0.023010914886653033,0.0,0.01698826700002512,0.1520791853510714,1.6513972083805515
2025-05-22,109643.99,111980.0,109177.37,111696.21,31630.77313,2550.8,2692.92,2544.42,2664.75,195772.40072,21077.2,21274.7,20978.2,21152.5,0.0,,0.018717122570968137,0.19534070988096586,0.01658353101967314,0.0,0,0,0.025091540706707993,1689936.9072729663,0.044672259683236515,0.5171485180082211,0.04836667293251848,-0.4452563405966812,0,0,0.05572755417956656,4382414.462219826,0.00337740082442739,0.15889504336439786,0.01150938879339426,-0.046523263885758524,0,0,0.014017255643540952,0.0,-0.2002121558564093,0.048236864610565325,1.4408685733603341
2025-05-23,111696.22,111800.0,106800.0,107318.3,31737.72309,2664.75,2733.58,2499.0,2526.52,213248.06653,21165.3,21174.2,20667.5,20893.6,0.0,,-0.03919479452346686,0.14544842475932618,0.018528991316613622,-0.03919479452346685,0,0,0.046590376478196166,809743.1145752461,-0.05187353410263629,0.4074065821430959,0.0498562686823903,-0.47403285473096046,1,0,0.09284707819451259,4110921.476814275,-0.012239687980144298,0.11471176674580508,0.011152211209724757,-0.058193521632123185,0,0,0.02425144541869284,0.0,-0.051234511652823764,0.1042280708493842,1.6614619606411958
2025-05-24,107318.3,109506.03,106875.41,107761.91,16782.53129,2526.52,2575.98,2515.36,2530.37,59577.3637,21165.3,21174.2,20667.5,20893.6,0.0,,0.004133591381898505,0.14664153094786614,0.018526839275776828,-0.03522321840642581,0,0,0.024411408446639405,4060026.533640266,0.0015238351566582153,0.4298541535992586,0.04964751907546676,-0.4732313675037524,0,0,0.023956970719697077,39096730.687947884,0.0,0.08568637435956061,0.010281036322237855,-0.058193521632123185,0,0,0.02425144541869284,0.0,-0.04831046779472717,0.15888917545782819,1.8020383037963132
2025-05-25,107761.9,109299.99,106600.64,109004.19,17710.04695,2530.37,2554.38,2462.7,2551.58,87730.95718,21165.3,21174.2,20667.5,20893.6,0.0,,0.011528006509906819,0.15179322027737507,0.01856431727346648,-0.024101265387608085,0,0,0.0247637269723302,1536261.414509646,0.008382173358046474,0.42962477378291,0.04964803757355417,-0.4688159015065878,0,0,0.03593067824641998,10466361.022248778,0.0,0.07424317209608433,0.01018378377270416,-0.058193521632123185,0,0,0.02425144541869284,0.0,-0.05509379973493317,0.16372709968599802,1.8229274558980972
2025-05-26,109004.2,110422.22,108670.58,109434.79,14649.11593,2551.58,2599.39,2525.62,2563.97,78780.5004,20915.9,21254.6,20902.4,21233.5,0.0,,0.003950306864350717,0.15647366529991125,0.018541396571469915,-0.02024616591735756,0,0,0.016006244449319997,3708339.4656767016,0.004855814828459204,0.40807068992976014,0.04965093653555509,-0.46623656988448176,0,0,0.028771787501413817,16223917.29171947,0.016268139525979386,0.09171910990457399,0.010478274544642471,-0.04287208243556335,0,0,0.016586996962347098,0.0,-0.05846396193313777,0.15329439424602126,1.7695068780080132
2025-05-27,109434.78,110718.0,107516.57,108938.17,21276.65635,2563.97,2711.77,2509.63,2660.8,151671.92097,21240.4,21438.3,21092.3,21426.8,0.0,,-0.004538044985511469,0.16201582305147877,0.018435022366911857,-0.024692332891151886,0,0,0.02938758747278381,4688496.8159110965,0.03776565248423358,0.48545971204144656,0.049548331714185996,-0.4460786456739466,0,0,0.0759696331930246,4016132.9364557033,0.00910353921868734,0.10165761763738068,0.010520678682859122,-0.03415883090071488,0,0,0.016148001568129632,0.0,-0.07681006788878415,0.156421198309341,1.7522638415246712
2025-05-28,108938.17,109284.7,106769.43,107781.78,15633.78829,2660.8,2689.29,2608.54,2681.74,126588.05972,21423.8,21517.3,21285.2,21476.4,0.0,,-0.010615103962183348,0.13441155030386964,0.018585539381422135,-0.03504532517262678,0,0,0.023336690115899034,1472785.7228566576,0.007869813589897579,0.4899879989332385,0.04953111156062836,-0.44171938787193693,0,0,0.030111047305107882,16085247.435851034,0.0023148580282637,0.10793898091734988,0.010447669271540377,-0.03192304571639773,0,0,0.01080721163695957,0.0,-0.06340593072629253,0.1537134373851464,1.778915575255971
2025-05-29,107781.78,108891.91,105322.86,105589.75,19834.70116,2681.74,2788.55,2619.19,2631.6,174495.77586,21464.8,21813.0,21255.8,21340.7,0.0,,-0.02033766746104948,0.12023458886051941,0.01900203570901619,-0.05467025246425108,0,0,0.033801102853259934,975268.7443287083,-0.01869681624616848,0.4638705011959725,0.04982419990587435,-0.4521574578906938,0,0,0.06435628514971885,9332908.888521077,-0.006318563632638607,0.09341360317663638,0.010576402598601993,-0.03803990155332969,0,0,0.026109733982484208,0.0,-0.013467878825548469,0.17518764807406015,1.7966428154975638
2025-05-30,105589.75,106313.12,103621.0,103985.48,23706.49799,2631.6,2649.2,2507.77,2531.25,174476.19595,21318.6,21388.4,21027.4,21324.3,0.0,,-0.015193425498213675,0.10420804485409674,0.01930497868354313,-0.06903304955468059,0,0,0.02588938378704407,1560311.8855368309,-0.038132694938440514,0.41125997290380867,0.05064845815461662,-0.4730481704232477,0,0,0.055873580246913516,4575500.1181181725,-0.0007684846326503347,0.07974966201333711,0.010463240688334827,-0.03877915310620878,0,0,0.01692904339181122,0.0,0.005351071571822789,0.1953846481435031,1.8450268715310134
2025-05-31,103985.47,104900.0,103068.55,104591.88,11289.35922,2531.25,2550.97,2476.53,2527.98,88874.68547,21318.6,21388.4,21027.4,21324.3,0.0,,0.005831583409529939,0.08396701789855543,0.018896461682202884,-0.06360403813164298,0,0,0.017510441537144154,1935896.1483067437,-0.0012918518518518773,0.3752175994429454,0.050656574013502466,-0.47372891412012313,0,0,0.029446435493951532,68795812.29416953,0.0,0.08236936273887774,0.010432377034706041,-0.03877915310620878,0,0,0.01692904339181122,0.0,0.02327693117023623,0.20245804904826875,1.8113267480720283
2025-06-01,104591.88,105866.91,103752.49,105642.93,9709.70006,2527.98,2547.98,2468.09,2539.21,81054.26811,21318.6,21388.4,21027.4,21324.3,0.0,,0.0100490592577549,0.0903710234402626,0.018941037039625415,-0.05419413962210547,0,0,0.020014779976284248,966228.7930304582,0.004442281980078899,0.3784471901328934,0.0506428141535343,-0.4713910695586824,0,0,0.03146254149912763,18246046.96707946,0.0,0.06051473330846702,0.009875775878770626,-0.03877915310620878,0,0,0.01692904339181122,0.0,0.017567635193609755,0.227419648956899,1.9179270664769885
2025-06-02,105642.93,105935.63,103659.88,105857.99,13453.98813,2539.21,2615.39,2474.88,2607.66,107855.09196,21262.7,21528.5,21126.4,21517.6,0.0,,0.0020357254385126033,0.1043390729593281,0.01876551514322602,-0.052268738572239834,0,0,0.0214981410472653,6608907.953103213,0.026957203224624804,0.4223005219781717,0.05061487394640301,-0.45714125119442417,0,0,0.053883558439367006,4000973.359571041,0.009064775866030717,0.07012806166853158,0.009950645492833348,-0.030065901571360316,0,0,0.018687028293118125,0.0,0.010480915130874766,0.23017655811443966,1.885857183654012
2025-06-03,105858.0,106794.67,104872.5,105376.89,13259.52634,2607.66,2655.63,2576.0,2593.06,118826.96244,21515.1,21725.3,21365.3,21654.4,0.0,,-0.004544767948078454,0.11772963721400687,0.018451974976590412,-0.05657595723256865,0,0,0.018240906521344465,2917530.0733022983,-0.005598889425768694,0.4336595344722729,0.0504933228346864,-0.46018065730279767,0,0,0.030708892196863978,21223271.468871903,0.006357586347919941,0.07693149322392157,0.009967458995210976,-0.023899461788808325,0,0,0.01662479680803901,0.0,-0.0045630173850487185,0.2209015625271351,1.8512197013560763
2025-06-04,105376.9,106000.0,104179.0,104696.86,14034.89482,2593.06,2679.79,2583.4,2607.99,125489.64345,21652.8,21769.3,21608.8,21715.0,0.0,,-0.00645331248625769,0.10517041035458563,0.0185466610576688,-0.06266416738759538,0,0,0.017393071769296616,2174832.3983323663,0.005757676258937305,0.4328591913764399,0.05049607094641112,-0.4570725522892349,0,0,0.03695949754408563,21795151.35184903,0.002798507462686395,0.08827479753027023,0.009780461670512717,-0.021167837148291995,0,0,0.00739120423670274,0.0,-0.002570596027145852,0.22008605647801988,1.8962951565603314
2025-06-05,104696.86,105909.71,100372.26,101508.68,22321.50154,2607.99,2641.32,2391.88,2414.16,202219.98843,21710.9,21897.0,21471.9,21480.1,0.0,,-0.030451534076571196,0.04827497608794906,0.019197235003540675,-0.09120748143558328,0,0,0.05455149254231276,733017.0675047546,-0.07432160399388033,0.32849077161818596,0.05291808553328866,-0.4974237910554025,1,0,0.10332372336547704,2720877.2463774923,-0.010817407322127659,0.0869670824583153,0.009835155944900704,-0.03175626335385808,0,0,0.019790410659168187,0.0,0.12463066595971548,0.2757661001519304,1.9518974169921328
2025-06-06,101508.69,105333.0,101095.8,104288.44,15839.07385,2414.16,2530.89,2382.82,2476.35,116231.63651,21456.5,21838.3,21446.5,21777.5,0.0,,0.027384456186406947,0.07480060393381471,0.019759902912997767,-0.06632069252842154,0,0,0.040629622995607156,578396.2974550211,0.025760512973456606,0.36707665809144197,0.05291871722698012,-0.48447717010473457,0,0,0.05979364790922112,4512006.088920009,0.013845373159342866,0.09571224440508774,0.010027190361659258,-0.018350567510795713,0,0,0.01799104580415563,0.0,0.1665766798548192,0.28335884306058995,1.9706301061414098
2025-06-07,104288.43,105900.0,103871.09,105552.15,8344.93206,2476.35,2544.85,2456.96,2524.75,55751.06528,21456.5,21838.3,21446.5,21777.5,0.0,,0.012117450409652175,0.022182011512507982,0.01610938956074917,-0.055006879821616256,0,0,0.019221872789895834,688670.0494893166,0.019544894703898974,0.1438234214806391,0.035807387021670425,-0.47440133067697565,0,0,0.03481136746212491,2852460.3278765706,0.0,0.08482858936168092,0.00995502657204499,-0.018350567510795713,0,0,0.01799104580415563,0.0,0.10384445703983577,0.27432067222649287,1.618215005456272
2025-06-08,105552.15,106488.14,104964.14,105734.0,8048.06305,2524.75,2548.79,2490.0,2509.52,56045.45169,21456.5,21838.3,21446.5,21777.5,0.0,,0.0017228450581063814,0.02682292534115338,0.01609510173015615,-0.05337880309457238,0,0,0.014413528287967919,4671352.364862172,-0.006032280423804326,0.06996614678820845,0.034162951367115627,-0.47757188924071053,0,0,0.023426790780707054,9290907.39213023,0.0,0.08517455476824032,0.00995179071882137,-0.018350567510795713,0,0,0.01799104580415563,0.0,0.10101375422704627,0.30879250927715185,1.6173054691214068
2025-06-09,105734.01,110530.17,105318.37,110263.02,19975.37451,2509.52,2694.1,2476.99,2680.26,146458.11831,21781.0,21864.4,21694.2,21799.5,0.0,,0.042834093101556725,0.052032386749563786,0.017575086671216513,-0.012831142614418182,0,0,0.04726698035297784,466342.7751163543,0.06803691542605761,0.03789096231814493,0.03130202738853674,-0.4420274920527857,0,1,0.08100333549730254,2152626.9359301133,0.001010216967053168,0.08627081651568158,0.00994378088678025,-0.017358888598397022,0,0,0.00780751852106703,0.0,0.0870674132446926,0.35485897650237463,1.7674433092294481
2025-06-10,110263.02,110400.0,108331.03,110274.39,17071.82839,2680.26,2826.72,2655.0,2816.29,261877.87472,21808.0,21972.4,21712.7,21932.0,0.0,,0.00010311707406529536,0.05912896905434217,0.017506581188362506,-0.012729348650236269,0,0,0.018762017182774725,165541673.17101324,0.05075253893279008,0.12010006681727048,0.03207364656643839,-0.4137089706197682,0,1,0.0609738343707501,5159896.0096919695,0.006078121057822461,0.0928733020400434,0.00994648814201871,-0.011386276966904906,0,0,0.011841145358380482,0.0,0.0812954556963682,0.3533390754989662,1.7600748462824753
2025-06-11,110274.39,110392.01,108064.0,108645.12,13115.91638,2816.29,2879.0,2743.62,2771.55,199923.14981,21931.8,22076.8,21774.7,21865.0,0.0,,-0.014774690660270262,0.056948388249124404,0.017569681157064667,-0.027315967121892593,0,0,0.02142765363046214,887728.0617447096,-0.015886148088442464,0.11057461131591606,0.0322167879326016,-0.42302287673542793,0,0,0.04884631343472068,12584738.783094985,-0.0030548969542221194,0.047089077996523176,0.007032916311426537,-0.01440639001830092,0,0,0.013816601875142855,0.0,0.2972986691668005,0.5812379488080691,2.498203504353352
2025-06-12,108645.13,108813.55,105671.72,105671.73,17778.67218,2771.55,2784.87,2616.52,2642.55,163265.24348,21854.1,21964.0,21704.7,21895.8,0.0,,-0.027367911232460296,0.015061997784517223,0.01823666074530082,-0.053936297390932156,0,0,0.029731982243500717,649617.1933918472,-0.04654435243816635,-0.01386349218196048,0.03068451951500865,-0.4498779033094136,0,0,0.06370740383341844,3507734.0182045894,0.0014086439515206273,0.03378627208430518,0.006608975228958627,-0.013018039540942784,0,0,0.011842453803925835,0.0,0.2618814003741112,0.49082285982195323,2.7593738090672595
2025-06-13,105671.74,106179.53,102664.31,106066.59,26180.81734,2642.55,2645.47,2437.61,2579.04,308846.05763,21894.9,21896.7,21458.6,21646.3,0.0,,0.003736666372359032,0.02472054768422316,0.01820424681896874,-0.0504011729672834,0,0,0.03314163300620866,7006444.960999278,-0.024033603905318834,-0.011672734240275928,0.030623331857347582,-0.4630993198808386,0,0,0.08059588063775656,12850587.466650192,-0.01139487938326067,0.014990668929881101,0.006895578075402751,-0.02426457993382794,0,0,0.020239024683202312,0.0,0.2525807614351418,0.5454445683036985,2.6399846713444357
2025-06-14,106066.59,106252.0,104300.0,105414.64,8798.93969,2579.04,2579.44,2488.65,2530.77,82269.15217,21894.9,21896.7,21458.6,21646.3,0.0,,-0.0061466103511010894,0.015910475830133608,0.018247750255199823,-0.05623798694691616,0,0,0.018517352049013305,1431508.5668864811,-0.018716266517774027,-0.006960930112104857,0.030512056380463424,-0.473148096103523,0,0,0.03587445718101604,4395593.968269949,0.0,0.015242972989451875,0.006894773376106741,-0.02426457993382794,0,0,0.020239024683202312,0.0,0.2533557631827263,0.5461405250173426,2.6466024035556766
2025-06-15,105414.63,106128.57,104494.53,105594.01,7164.20047,2530.77,2559.48,2492.01,2547.52,78536.46559,21894.9,21896.7,21458.6,21646.3,0.0,,0.0017015663099546607,0.020587953866034514,0.018235970137572877,-0.05463211330089008,0,0,0.015474741417624052,4210331.5778949065,0.006618539021720604,0.004091220823446928,0.030520504696774493,-0.4696611062189163,0,0,0.026484581082778468,11866115.266693775,0.0,0.014985909681291432,0.006895275595243644,-0.02426457993382794,0,0,0.020239024683202312,0.0,0.25309604859582047,0.5452017253868183,2.644701207177266
2025-06-16,105594.02,108952.38,104980.37,106794.53,14922.6654,2547.52,2680.13,2514.73,2544.23,169760.24716,21536.1,22006.4,21534.9,21947.5,0.0,,0.011369205507016922,0.035566752144087,0.018317967668818012,-0.04388403151727357,0,0,0.037193009791793734,1312550.139522814,-0.0012914520788845918,0.027842977243254463,0.03015842837563297,-0.47034601348580324,0,0,0.06500984580796551,131448108.26084673,0.013914618202649054,0.029109051095574934,0.0073144203582489785,-0.010687594096805827,0,0,0.02148308463378517,0.0,0.2715306562529359,0.5124956911498394,2.504360117142902
2025-06-17,106794.53,107771.34,103371.02,104551.17,17866.33025,2544.23,2618.69,2453.55,2510.08,222780.60753,21951.5,21962.3,21696.3,21739.1,0.0,,-0.02100631933114927,-0.017877067578131678,0.017789807436765278,-0.06396850886883278,0,0,0.042087716474143645,850521.2866251164,-0.013422528623591501,0.004839891272583108,0.030238666774981937,-0.4774553092803894,0,0,0.06579073176950531,16597501.693043374,-0.009495386718305077,0.019337262680114486,0.007559742515362472,-0.020081497976073493,0,0,0.012236017130423984,0.0,0.33399477565126734,0.5179888700324251,2.3532261672077106
2025-06-18,104551.17,105550.27,103500.0,104886.78,13968.64167,2510.08,2548.18,2465.8,2524.74,151952.52049,21722.2,21885.0,21652.6,21749.0,0.0,,0.0032100071190022117,-0.006506921133986654,0.017739129648479287,-0.06096384111869156,0,0,0.01954745869784547,4351578.559288791,0.00584045130035693,-0.001372512568180717,0.030178179371988745,-0.4744034124619814,0,0,0.032629102402623504,26017212.11314484,0.0004554006375609987,0.014019759141750132,0.0074996820920055825,-0.019635242465494016,0,0,0.010685548760862635,0.0,0.34816268784602356,0.514031390227169,2.3653143930253613
2025-06-19,104886.79,105226.17,103929.27,104658.59,7678.60737,2524.74,2547.05,2485.0,2520.99,82747.63178,21744.4,21758.0,21442.6,21494.4,0.0,,-0.002175583996381625,-0.02050912686093853,0.017592683880995014,-0.06300679315797743,0,0,0.01239172054582423,3529430.299389869,-0.0014853014567837164,-0.001350816035493696,0.030178132452662182,-0.47518408183913213,0,0,0.024613346344095052,55710626.48313585,-0.011706285346452683,0.006631448802967288,0.007776396088522542,-0.031111672060798803,0,0,0.014673589400029842,0.0,0.3593326800394854,0.49773146690536657,2.2623154810498702
2025-06-20,104658.59,106524.65,102345.0,103297.99,16419.06283,2520.99,2569.22,2366.78,2406.56,175997.60957,21558.2,21921.5,21546.0,21665.7,0.0,,-0.013000366238452021,-0.0578782293493697,0.01698618565355561,-0.07518804800986534,0,0,0.040462065137956645,1262968.2809822315,-0.045390898020222115,-0.056546965657832904,0.031240013347361047,-0.49900594765976136,0,0,0.08412007180373629,3877375.828031271,0.007969517641804424,0.027721250587013246,0.007499322637177235,-0.023390099438349028,0,0,0.01733154248420314,0.0,0.460848587891407,0.4714155735409102,2.2650262997200836
2025-06-21,103297.98,103982.64,100837.9,102120.01,11154.21332,2406.56,2448.33,2215.6,2295.92,141312.98379,21558.2,21921.5,21546.0,21665.7,0.0,,-0.011403706887229914,-0.08573433243616779,0.016614969954843094,-0.0857343324361678,0,0,0.030794552409464174,978120.8557089565,-0.0459743368127119,-0.13841073271413828,0.031006578822725776,-0.5220388169632169,0,0,0.10136677236140633,3073735.541380807,0.0,0.024261907575936714,0.007486795972898114,-0.023390099438349028,0,0,0.01733154248420314,0.0,0.4595820357882361,0.4637411575101814,2.2192334107479885
2025-06-22,102120.02,103399.62,98200.0,100963.87,28746.41072,2295.92,2314.14,2111.84,2227.73,276627.32992,21558.2,21921.5,21546.0,21665.7,0.0,,-0.01132138549535977,-0.05921105720086883,0.015234460883642031,-0.09608508650383044,0,0,0.05149980879298699,2539122.5606226823,-0.0297005122129691,-0.11826148219685573,0.03008874311806347,-0.536234508917326,0,0,0.09080992759445701,9313887.747037904,0.0,0.03695389975877794,0.007072229635680913,-0.023390099438349028,0,0,0.01733154248420314,0.0,0.3772226510255652,0.4074765082364311,2.1541211367868565
2025-06-23,100963.87,106074.2,99613.33,105333.93,27666.50609,2227.73,2438.28,2188.01,2411.35,228800.45065,21402.3,21892.3,21367.7,21871.8,0.0,,0.043283404251441615,-0.022530966646749362,0.01730681155375628,-0.05696057189406886,0,0,0.061337025970643985,639194.1709884526,0.08242471035538412,-0.047036599390602896,0.03395446493080894,-0.49800877264201415,0,1,0.10378833433553818,2775871.7246901086,0.00951273210650938,0.04681816441398334,0.007226546562015742,-0.014099871081741357,0,0,0.023985222981190324,0.0,0.42677511706701654,0.450932796999205,2.394890485563265
2025-06-24,105333.94,106290.0,104622.02,106083.0,14651.69335,2411.35,2482.04,2376.19,2448.36,175632.76552000002,21874.1,22249.4,21868.1,22209.4,0.0,,0.007111383767794521,-0.026798878098172163,0.017218507970541048,-0.05025425661264609,0,0,0.015723348698660444,2060312.4828150214,0.015348248906214446,-0.04045336614960138,0.03404489374676255,-0.4903040863357877,0,0,0.04323302128771909,11443171.93195686,0.015435400835779545,0.06297622238388811,0.0076493834606304704,0.0,0,0,0.017168406170360428,0.0,0.43886689095931153,0.45648492208544095,2.2509638259765867
2025-06-25,106083.0,108135.3,105808.03,107340.58,16701.15551,2448.36,2468.77,2388.0,2418.4,141320.92496,22208.3,22352.3,22189.9,22276.8,0.0,,0.01185467982617383,-0.01913660180642729,0.017353069090711385,-0.03899532490851752,0,0,0.021681175935512963,1408822.6478204192,-0.012236762567596315,-0.05677523527966388,0.03408965939880305,-0.4965411142129707,0,0,0.03339811445583856,11548872.39910187,0.0030347510513566434,0.04913462217721998,0.007168611158108489,0.0,0,0,0.007290095525389545,0.0,0.45046809510639985,0.4724647527185049,2.4206983055706854
2025-06-26,107340.59,108272.45,106562.5,106947.06,10573.27279,2418.4,2520.12,2393.4,2416.12,148092.18808,22264.4,22498.3,22245.4,22478.1,0.0,,-0.0036660878858676416,-0.018277432051594045,0.017346800658655934,-0.04251845250613256,0,0,0.01598875181795551,2884067.234199794,-0.0009427720807145823,-0.0919573060733615,0.03327953422511746,-0.4970157611942784,0,0,0.05244772610631914,157079977.55722448,0.009036306830424445,0.049064722683741735,0.007166202652444919,0.0,0,0,0.011250950925567457,0.0,0.4526508044697723,0.44225540125339213,2.420637162188827
2025-06-27,106947.06,107735.34,106356.76,107047.59,12232.44042,2416.12,2463.4,2382.39,2423.35,110700.43713,22486.0,22626.4,22403.6,22544.1,0.0,,0.0009399977895605538,-0.006811819214713299,0.017241747422956852,-0.04161842196794331,0,0,0.012878197444706618,13013126.65261909,0.0029924010396835676,-0.09635162245407825,0.03323811529116514,-0.4955106306351318,0,0,0.033428931025233755,36993727.018767454,0.002936191226126761,0.04971503603955951,0.007169169299917388,0.0,0,0,0.009882851832630397,0.0,0.45762921767647313,0.4426592145786658,2.4049820351341378
2025-06-28,107047.58,107577.75,106811.51,107296.79,3282.17352,2423.35,2447.94,2406.0,2431.88,38961.78317,22486.0,22626.4,22403.6,22544.1,0.0,,0.002327936574751499,0.01616672072810088,0.01681501531152402,-0.03938737043987448,0,0,0.007141313360819138,1409900.7063125414,0.003519920770833851,-0.0758929928560571,0.03311994281161415,-0.4937348680252395,0,0,0.017245916739312816,11068906.096914567,0.0,0.056389902861667895,0.007018423181564298,0.0,0,0,0.009882851832630397,0.0,0.4296526683691903,0.43280755741687466,2.395836061486336
2025-06-29,107296.79,108528.5,107172.52,108356.93,6831.7364,,,,,,22486.0,22626.4,22403.6,22544.1,0.0,,0.009880444699230884,0.04203904237399292,0.01662135347918133,-0.029896090476122808,0,0,0.01251401271704538,691439.4739881554,0.0,-0.03925728395061723,0.03241359214203826,,0,0,,,0.0,0.057202346618646205,0.007009918633748944,0.0,0,0,0.009882851832630397,0.0,0.4176298554328076,0.42769576414363697,2.3711159339281527
2025-06-30,108356.93,108789.99,106733.33,107146.5,9754.12491,,,,,,22568.6,22736.5,22568.4,22670.0,0.0,,-0.011170766835125301,0.024424649408730348,0.01675808361454584,-0.040732895055257526,0,0,0.01919484070874927,873182.3268843049,0.0,-0.03801454125428205,0.0324138143027792,,0,0,,,0.005584609720503453,0.0631064091201119,0.007032397796445008,0.0,0,0,0.007415086016762176,0.0,0.402460800294982,0.4266224401253802,2.3829794999967597
2025-07-01,107146.51,107540.0,105250.85,105681.14,10505.62437,,,,,,22672.8,22721.7,22403.4,22499.2,0.0,,-0.013676228341569674,0.00036169008186348606,0.016872780158846332,-0.053852051023038354,0,0,0.02166091319605366,768166.2243387189,0.0,-0.04226905218552224,0.032399249683312856,,0,0,,,-0.007534186149095734,0.055096767537504254,0.00724017518621196,-0.007534186149095689,0,0,0.014147169677144043,0.0,0.43148901128983813,0.4148800082659453,2.330434888734402
2025-07-02,105681.13,109730.0,105100.19,108849.6,17691.89592,,,,,,22492.3,22664.8,22392.8,22661.3,0.0,,0.02998131927797143,0.02826059705082251,0.017730196936033088,-0.025485287280562163,0,0,0.04253401023063013,590097.1153069919,0.0,-0.06740909474394663,0.0319700039860964,,0,0,,,0.007204700611577186,0.05315183849499938,0.0071836907776149156,-0.00038376709307457997,0,0,0.012002841849320206,0.0,0.4541498787078704,0.39389967508979146,2.468114622936696
2025-07-03,108849.59,110529.18,108530.4,109584.78,13047.08225,,,,,,22651.8,22906.4,22635.1,22864.8,0.0,,0.006754090047184302,0.03993181047571248,0.017726600851552737,-0.018903327158549133,0,0,0.01823957670034104,1931727.7148476888,0.0,-0.0621582223319167,0.03196360168156986,,0,0,,,0.008980067339473097,0.05589626126791769,0.007257238561085321,0.0,0,0,0.011865400090969654,0.0,0.46730876962947754,0.3944601966168351,2.4426062718322723
2025-07-04,109584.77,109767.59,107245.0,107984.24,11793.86615,,,,,,22858.2,22870.6,22692.0,22716.6,0.0,,-0.014605495398174795,0.031399031451373016,0.0179135355921939,-0.033232730098899516,0,0,0.023360723750058307,807494.5596524064,0.0,-0.06752709941372459,0.031934886466880696,,0,0,,,-0.006481578671145183,0.0461247985263642,0.007411124937947901,-0.0064815786711451984,0,0,0.007862092038421179,0.0,0.4888617750621763,0.38332772200880566,2.417110974524241
2025-07-05,107984.25,108420.56,107756.31,108064.0,1138.7132,,,,,,22858.2,22870.6,22692.0,22716.6,0.0,,0.0007386263032456153,0.06457891088722656,0.016889966165619413,-0.03251865036423354,0,0,0.006146820402724311,1541642.6121982103,0.0,0.007340027173012631,0.02885197221160127,,0,0,,,0.0,0.05756490891569399,0.007043667769683254,-0.0064815786711451984,0,0,0.007862092038421179,0.0,0.4292443609831634,0.28952820205057916,2.3978902382950626
2025-07-06,108198.12,108268.35,108025.97,108036.0,355.20453,,,,,,22858.2,22870.6,22692.0,22716.6,0.0,,-0.00025910571513176883,0.03593456762801317,0.016210397403617738,-0.03276933031120757,0,0,0.0022435114221185963,1370833.605439048,0.0,-0.017957881559553246,0.028459209136176826,,0,0,,,0.0,0.04312248880725522,0.006677476698971312,-0.0064815786711451984,0,0,0.007862092038421179,0.0,0.37338559732459176,0.25319235598929013,2.42761957221345
2025-07-07,109203.85,109476.98,108679.75,109476.98,652.41452,,,,,,22793.4,22843.2,22599.4,22656.7,0.0,,0.01333796142026733,0.037183799666799855,0.016239979010733274,-0.019868444954399173,0,0,0.007282170187741715,48914.07392046457,0.0,-0.036783839984156796,0.028213815858089613,,0,0,,,-0.0026368382592464323,0.04037194351968787,0.006714199115557958,-0.009101326055771254,0,0,0.010760613858152301,0.0,0.3601133587435435,0.2586666420767128,2.418747872046835
2025-07-08,108262.94,108525.0,107670.12,107722.34,842.1215,,,,,,22657.2,22793.0,22630.7,22725.0,0.0,,-0.0160274790188768,0.018805114721849092,0.01654615773831977,-0.03557748288863167,0,0,0.007935958316538656,52542.32269372757,0.0,-0.03093818738244758,0.028197252870113966,,0,0,,,0.0030145608142404523,0.04350820801285726,0.006715981343900776,-0.006114201742416259,0,0,0.00714191419141911,0.0,0.3450507886864081,0.2576435412212994,2.4636955128517846
2025-07-09,108922.99,109136.0,108722.09,108823.61,405.85399,,,,,,22729.8,22935.4,22668.5,22867.5,0.0,,0.010223227605341778,-0.013054331361502691,0.01464857694269483,-0.025717971988485605,0,0,0.003803494480655471,39699.164361389376,0.0,-0.09267011409340886,0.02503997826311509,,0,0,,,0.006270627062706202,0.048991949356636644,0.006772740566632492,0.0,0,0,0.011671586312452234,0.0,0.4106851082337869,0.29681900800893524,2.162869693572417
2025-07-10,111234.0,111356.0,110880.0,111279.22,934.62174,,,,,,22863.3,22916.2,22728.8,22837.6,0.0,,0.022565048154531864,0.009112088491262549,0.015234084811066204,-0.0037332511103107726,0,0,0.004277528185406045,41418.98210939442,0.0,-0.1364951762780111,0.022911488017021177,,0,0,,,-0.001307532524325028,0.0412912639066203,0.0067391659799637136,-0.001307532524324979,0,0,0.008205765929870103,0.0,0.3755693742170439,0.2678180865929003,2.260526339771918
2025-07-11,116010.01,116098.8,115222.22,115789.71,2053.39834,,,,,,22839.0,22878.6,22661.3,22767.6,0.0,,0.040533084254185114,0.06576079993284578,0.01661651154111557,0.0,0,0,0.007570448185767126,50659.79732815446,0.0,-0.12255597048582922,0.02282576843846068,,0,0,,,-0.003065120678179878,0.04128058541047319,0.006739397792787504,-0.004368645457527122,0,0,0.009544264656792955,0.0,0.26880657455159607,0.25304254425094025,2.465574432058929
2025-07-12,117527.66,117743.19,117141.13,117646.37,790.084,,,,,,22839.0,22878.6,22661.3,22767.6,0.0,,0.016034758183607112,0.11331923874057903,0.01581848530601275,0.0,0,0,0.005117539963196465,49273.178816999025,0.0,-0.07972223798982048,0.021377165394356187,,0,0,,,0.0,0.039815855095497676,0.006744033558611467,-0.004368645457527122,0,0,0.009544264656792955,0.0,0.2770842519871982,0.2695621364548194,2.345549101001006
2025-07-13,117420.0,117640.61,117224.79,117420.29,444.14008,,,,,,22839.0,22878.6,22661.3,22767.6,0.0,,-0.0019216912515023221,0.10704313205506089,0.015851782839657012,-0.0019216912515022924,0,0,0.003541295971931316,231118.1718036485,0.0,-0.0570599913145976,0.02099107890718794,,0,0,,,0.0,0.051801000632902605,0.006309890466215264,-0.004368645457527122,0,0,0.009544264656792955,0.0,0.2989785059716805,0.21900809317377357,2.512208064854794
2025-07-14,119086.65,119470.54,118905.18,119177.83,978.39593,,,,,,22701.1,22904.8,22641.6,22874.8,0.0,,0.01496794123060008,0.1305624152394771,0.01587671412814086,0.0,0,0,0.004743835325748091,65366.05544249727,0.0,-0.039075064110922764,0.020746054035013006,,0,0,,,0.0047084453345982435,0.05675334814725841,0.006324582866961367,0.0,0,0,0.011506111528844001,0.0,0.3028389815886204,0.21408802781980354,2.5103140173778145
2025-07-15,119841.17,119940.83,117900.0,117989.89,3161.0031,,,,,,22874.6,23063.8,22838.1,22860.4,0.0,,-0.00996779350656074,0.11739188614960261,0.01608214703178029,-0.009967793506560761,0,0,0.017296651433440627,317121.32948040654,0.0,-0.04539316668760196,0.02069601742067776,,0,0,,,-0.0006295137006661067,0.05608810743637482,0.0063320102890355116,-0.00062951370066614,0,0,0.00987296810204549,0.0,0.30891505458312896,0.21737235587325446,2.53981293452708
2025-07-16,117758.08,118195.0,117420.53,117519.27,1201.47103,,,,,,22867.1,22943.8,22680.6,22907.2,0.0,,-0.003988646823893105,0.10042405729956405,0.016078330898543134,-0.013916682322542688,0,0,0.006590153257418984,301221.9609375447,0.0,-0.04415874350982418,0.020697473487655684,,0,0,,,0.0020472082728211216,0.04372707597676273,0.00590817513118128,0.0,0,0,0.011489837256408496,0.0,0.2953176763013851,0.2329934044676474,2.721365451750568
2025-07-17,118630.44,119158.28,117683.53,118299.21,1336.75369,,,,,,22913.5,23123.1,22864.1,23112.1,0.0,,0.006636698815436937,0.13149580248599801,0.01541463100419862,-0.007372344336190677,0,0,0.01246627090747267,201418.16179892066,0.0,-0.031154385517592975,0.020571096376994672,,0,0,,,0.008944785918837628,0.06315808842132387,0.005685823581139323,0.0,0,0,0.01120625127097927,0.0,0.21848851263693353,0.20494131068749716,2.711059123385361
2025-07-18,119177.56,120785.49,119020.48,120138.99,1804.48656,,,,,,23103.5,23168.4,23022.7,23077.7,0.0,,0.015551921268113222,0.14541594279088366,0.01555029541529919,0.0,0,0,0.014691400352208797,116029.7411871807,0.0,-0.03678002487384824,0.020533162987352197,,0,0,,,-0.0014883978522072239,0.06109246402133439,0.005715726068919985,-0.001488397852207191,0,0,0.006313454113711536,0.0,0.199549771631352,0.20639917967928606,2.7206111737481766
2025-07-19,117924.84,118109.95,117613.35,118000.7,646.96159,,,,,,23103.5,23168.4,23022.7,23077.7,0.0,,-0.01779846825747422,0.12748222577812296,0.01604066816745332,-0.017798468257474182,0,0,0.004208449610892065,36349.26428209207,0.0,-0.03534722470140683,0.02053386332193301,,0,0,,,0.0,0.07366104659818373,0.005116297042128871,-0.001488397852207191,0,0,0.006313454113711536,0.0,0.1981882331794071,0.22773109996855792,3.1352043642749936
2025-07-20,117840.01,118131.2,117650.0,117884.29,563.92621,,,,,,23103.5,23168.4,23022.7,23077.7,0.0,,-0.0009865195714940933,0.14120603895584027,0.015745490879715503,-0.018767429291689664,0,0,0.004081968852677461,571626.2606765422,0.0,0.010521241938700854,0.01874437487097074,,0,0,,,0.0,0.06517213844925385,0.005022348678663758,-0.001488397852207191,0,0,0.006313454113711536,0.0,0.2541122016683377,0.34849693038051693,3.135078931460293
2025-07-21,117265.11,117991.59,116515.0,117884.28,1716.16569,,,,,,23086.0,23281.8,23061.9,23204.4,0.0,,-8.482894531258722e-08,0.15437003972091268,0.015483000409299182,-0.018767512528613785,0,0,0.012525758311455916,18097487896.158253,0.0,0.05921809122269073,0.01656523860512781,,0,0,,,0.005490148498333847,0.07102009166562828,0.005042462370113271,0.0,0,0,0.00947665097998646,0.0,0.23480819483070614,0.3479141379121856,3.070517649450478
2025-07-22,117380.36,117950.0,116128.0,117453.46,2436.39879,,,,,,23199.9,23227.5,22971.0,23059.0,0.0,,-0.0036546009357650844,0.16332169121488715,0.015267606222829215,-0.02235352569552981,0,0,0.015512527259733344,666664.3406981284,0.0,0.09164036934457953,0.01545259477242434,,0,0,,,-0.006266052989950199,0.06430902301794994,0.005265924366783775,-0.006266052989950244,0,0,0.011123639359902859,0.0,0.2441539587763311,0.3362301586163423,2.8993157072244458
2025-07-23,119954.43,120090.0,119119.86,119308.0,1062.0363,,,,,,23052.3,23279.3,23010.1,23274.3,0.0,,0.01578957316370233,0.13266447003353998,0.013639012012233784,-0.006916905161263676,0,0,0.008131391021557645,67261.83262655392,0.0,0.008513903000394007,0.003737176765526163,,0,0,,,0.009336918339910572,0.0641236660905824,0.0052574732921359,0.0,0,0,0.011566405863978755,0.0,0.17467274777495306,0.31927093521011646,2.59420929261628
2025-07-24,118756.0,119138.57,118571.17,118944.89,1010.40115,,,,,,23262.7,23288.0,23164.4,23260.8,0.0,,-0.0030434673282596636,0.1212436488410018,0.013691465336093103,-0.009939321114652335,0,0,0.004770276385980169,331989.0510167765,0.0,-0.006731036285513525,0.002424656102973993,,0,0,,,-0.0005800389270569362,0.047340315361963814,0.004631150493625717,-0.0005800389270568825,0,0,0.005313660751134894,0.0,0.18439754739171157,-0.08141527335870755,2.9563789367563267
2025-07-25,118340.98,118451.57,117099.99,117100.0,4295.59166,,,,,,23261.3,23344.5,23199.5,23316.0,0.0,,-0.0155104603484858,0.09092013477102512,0.014050890171962014,-0.025295618017098405,0,0,0.011542100768573883,276947.86576342315,0.0,0.005573933178961266,0.0008549879868413111,,0,0,,,0.002373091209244782,0.046649429002370235,0.004625424141003855,0.0,0,0,0.006218905472636816,0.0,0.16489213199238226,-0.07203557823914615,3.037745159400877
2025-07-26,117614.31,117614.32,117138.38,117266.98,692.15335,,,,,,23261.3,23344.5,23199.5,23316.0,0.0,,0.0014259607173354727,0.09649559324024426,0.013998250310301125,-0.02390572785737594,0,0,0.0040586020037354275,485390.9982761341,0.0,0.0065228548250915175,0.000829013297380378,,0,0,,,0.0,0.03727628224805479,0.004409001253611511,0.0,0,0,0.006218905472636816,0.0,0.20378973149059323,0.00731756738073064,3.174918253800072
2025-07-27,117919.99,118260.0,117825.5,118150.38,573.1169,,,,,,23261.3,23344.5,23199.5,23316.0,0.0,,0.007533237404084403,0.1037182621299555,0.014013792480332004,-0.016552577976558656,0,0,0.003677516737567835,76078.33239211889,0.0,0.003519920770833851,0.0006426466689384119,,0,0,,,0.0,0.03423955713468274,0.0044024065406326725,0.0,0,0,0.006218905472636816,0.0,0.20335482374005212,-0.04857294094105113,3.1832045766205663
2025-07-28,119415.56,119690.32,118960.5,119494.04,1129.1822,,,,,,23394.7,23461.7,23313.8,23385.8,0.0,,0.01137245601749215,0.11367767852141708,0.014087273948651719,-0.005368365424080988,0,0,0.006107584947332997,99290.8836362482,0.0,0.0,0.0,,0,0,,,0.00299365242751759,0.03733571089553367,0.004409780402998977,0.0,0,0,0.006324350674340902,0.0,0.20903695206205367,,3.194545014899427
2025-07-29,118062.32,118450.0,117450.0,117919.49,1186.14424,,,,,,23385.8,23531.7,23301.8,23331.8,0.0,,-0.013176807814013092,0.0882505622852181,0.014364176693325546,-0.018474435318625533,0,0,0.008480362321784125,90017.50321982721,0.0,0.0,0.0,,0,0,,,-0.002309093552497643,0.03494040569372925,0.004451975360135391,-0.0023090935524976695,0,0,0.009853504658877646,0.0,0.23842636111357807,,3.226465392709358
2025-07-30,117950.75,118119.0,117412.53,118021.87,610.01661,,,,,,23335.4,23569.9,23241.1,23544.1,0.0,,0.0008682194945042188,0.10150000233325396,0.01412303042349046,-0.017622255689014946,0,0,0.005985924473150622,702598.349700542,0.0,0.0,0.0,,0,0,,,0.00909916937398747,0.03855756506396113,0.004615786227416712,0.0,0,0,0.013965282172603876,0.0,0.2575359124196091,,3.0597170515464
2025-07-31,117840.29,118542.39,117781.87,118172.36,1420.41816,,,,,,23592.8,23728.2,23189.8,23212.3,0.0,,0.001275102656821181,0.11819724881847415,0.01376164224448672,-0.016369623217242002,0,0,0.006435684283533002,1113955.0316605447,0.0,0.0,0.0,,0,0,,,-0.01409270263038298,0.03169446024747535,0.005169381194139098,-0.014092702630382953,0,0,0.023194599414965406,0.0,0.18026858544410262,,2.6621398396177214
2025-08-01,115764.07,115933.0,114313.13,115760.31,4615.46977,,,,,,23203.2,23231.9,22673.9,22753.1,0.0,,-0.020411287377183673,0.06348861180932208,0.01353202830537747,-0.03644678551068231,0,0,0.013993310833393547,226123.2926408344,0.0,0.0,0.0,,0,0,,,-0.019782615251396907,0.004050959124145548,0.006288973712522798,-0.03359652736779066,0,0,0.024524130777784127,0.0,0.27171154685067234,,2.1517035063124936
2025-08-02,113297.92,113909.3,113198.63,113751.5,941.81216,,,,,,23203.2,23231.9,22673.9,22753.1,0.0,,-0.01735318435135491,0.038022798421459614,0.013957781535522707,-0.0531675020740561,0,0,0.006247565966163068,54273.129253949985,0.0,0.0,0.0,,0,0,,,0.0,-0.0048852384451208986,0.006064083729373471,-0.03359652736779066,0,0,0.024524130777784127,0.0,0.2548914111832238,,2.301709399363917
2025-08-03,112546.35,113425.01,111920.0,113368.0,1650.61092,,,,,,23203.2,23231.9,22673.9,22753.1,0.0,,-0.0033713841136160383,0.049856905044662,0.013662862039077277,-0.05635963811581906,0,0,0.013275439277397456,489592.9886493196,0.0,0.0,0.0,,0,0,,,0.0,0.0016067545319282672,0.005944842351240499,-0.03359652736779066,0,0,0.024524130777784127,0.0,0.22140669384252679,,2.2982676830024684
2025-08-04,114208.81,115000.0,114107.6,114811.96,1159.02884,,,,,,22740.9,23247.0,22713.6,23245.6,0.0,,0.012736927528050224,0.06244410719573601,0.01380819951016721,-0.04434055921395709,0,0,0.007772709393690292,90997.45032489176,0.0,0.0,0.0,,0,0,,,0.021645402164979677,0.023286935544931886,0.007131134082243727,-0.012678335549033517,0,0,0.02294627800529999,0.0,0.262867211835308,,1.936323169314317
2025-08-05,115055.03,115127.81,114651.56,114664.83,768.15187,,,,,,23253.6,23300.0,22982.0,22988.6,0.0,,-0.0012814867022564735,0.06135760302121507,0.013815514824238158,-0.04556522407921028,0,0,0.004153409550251808,599417.7500788178,0.0,0.0,0.0,,0,0,,,-0.011055855731837427,0.011973622813273188,0.00745194639515078,-0.023594021432121,0,0,0.013832943284932533,0.0,0.26413125291295014,,1.8539446679033633
2025-08-06,114129.75,114139.38,113491.76,113679.97,683.68204,,,,,,22998.4,23344.5,22946.1,23312.5,0.0,,-0.008589032923172701,0.03839154130850164,0.013779275902003951,-0.0537628957926149,0,0,0.005696869905929865,79599.32743559455,0.0,0.0,0.0,,0,0,,,0.01408959223267181,0.02894508026323339,0.007831145642246963,-0.009836859340556597,0,0,0.017089544235924996,0.0,0.22033471512715944,,1.7595456573061186
2025-08-07,114992.27,115185.58,114580.53,114769.7,808.03504,,,,,,23334.3,23573.9,23233.8,23424.8,0.0,,0.009585945527607054,0.06542152723381234,0.013455273520656553,-0.044692318455482334,0,0,0.005271861824157447,84293.63537864338,0.0,0.0,0.0,,0,0,,,0.0048171581769436145,0.030794279427942772,0.007854166576220735,-0.005067086871020735,0,0,0.014518800587411725,0.0,0.24631600920549768,,1.7131361117336819
2025-08-08,117472.02,117630.0,116770.05,116788.74,1591.1612,,,,,,23425.4,23672.8,23408.5,23670.9,0.0,,0.017592099656965177,0.07319303228407881,0.013672271868684735,-0.02788645051868673,0,0,0.0073632954683816015,90447.43530063306,0.0,0.0,0.0,,0,0,,,0.010505959495918926,0.03513283043620863,0.007988323269445357,0.0,0,0,0.011165608405257056,0.0,0.27075343215370173,,1.711529978472471
2025-08-09,116674.74,116750.0,116506.38,116506.38,357.1299,,,,,,23425.4,23672.8,23408.5,23670.9,0.0,,-0.0024176988295275814,0.04697337023030901,0.013155739703151065,-0.0302367283094356,0,0,0.0020910442844417217,147714.18941700394,0.0,0.0,0.0,,0,0,,,0.0,0.036488072301818164,0.007977829281929017,0.0,0,0,0.011165608405257056,0.0,0.30046028740737785,,1.6490354390756852
2025-08-10,116462.25,116776.59,116460.63,116734.75,720.94878,,,,,,23425.4,23672.8,23408.5,23670.9,0.0,,0.0019601501651669295,0.008161692433636736,0.01091501529219126,-0.028335846672258566,0,0,0.0027066490483766987,367800.9546421954,0.0,0.0,0.0,,0,0,,,0.0,0.03967480103304699,0.007940517654479638,0.0,0,0,0.011165608405257056,0.0,0.4316876595873825,,1.3745957154413495
2025-08-11,119294.27,121669.35,118972.59,121459.83,4748.52547,,,,,,23671.1,23715.3,23497.9,23539.8,0.0,,0.04047706445595689,0.032414599787481846,0.012865739286184077,0.0,0,0,0.022202896216798666,117313.94953375078,0.0,0.0,0.0,,0,0,,,-0.005538445939951675,0.03391661835239557,0.008036270140405092,-0.005538445939951678,0,0,0.009235422560939253,0.0,0.27838818246684444,,1.6009570424875137
2025-08-12,118686.0,119108.06,118593.39,118968.74,1063.91339,,,,,,23543.7,23865.3,23508.9,23862.3,0.0,,-0.020509579175271297,0.013187243874120957,0.013452635018189269,-0.020509579175271336,0,0,0.004326094400932533,51873.94934671706,0.0,0.0,0.0,,0,0,,,0.013700201361099174,0.04808148421440994,0.008352102049258866,0.0,0,0,0.014935693541695386,0.0,0.17426208875633672,,1.610686607034086
2025-08-13,120134.09,120192.1,119268.03,119274.59,1160.78178,,,,,,23855.2,23984.1,23802.6,23843.5,0.0,,0.002570843399703149,0.000811895970920018,0.013181310593132274,-0.017991462691821693,0,0,0.007747417115414163,451516.1308435686,0.0,0.0,0.0,,0,0,,,-0.0007878536436135564,0.04234791123856829,0.008341847951637752,-0.0007878536436135357,0,0,0.007612137479816302,0.0,0.16174319922507938,,1.580140859452587
2025-08-14,123306.44,124474.0,123251.9,123568.65,2428.356036,,,,,,23851.1,23923.4,23711.6,23809.9,0.0,,0.03600146519053227,0.047281678116658954,0.014568281172382541,0.0,0,0,0.009890048972777527,67451.57033561262,0.0,0.0,0.0,,0,0,,,-0.0014091890871725798,0.04153470630435163,0.008349654947946405,-0.00219593249602921,0,0,0.008895459451740783,0.0,0.11194334298231348,,1.744774342827445
2025-08-15,118295.09,118754.33,118032.32,118749.03,926.15367,,,,,,23801.3,23881.6,23654.3,23716.4,0.0,,-0.03900358221927647,0.01046432640366124,0.01633101440054956,-0.03900358221927645,0,0,0.006080133875619824,23745.34285952958,0.0,0.0,0.0,,0,0,,,-0.003926937954380372,0.03532513794789405,0.008404528295579363,-0.006114247159745617,0,0,0.00958408527432491,0.0,0.15269109144140625,,1.9431185659704093
2025-08-16,117342.04,117898.99,117231.14,117666.79,936.15112,,,,,,23801.3,23881.6,23654.3,23716.4,0.0,,-0.0091136744443302,-0.00534593595341859,0.01637922036666706,-0.047761790713097545,0,0,0.005675773087716643,102719.2817261078,0.0,0.0,0.0,,0,0,,,0.0,0.026146477386304268,0.008277710667683718,-0.006114247159745617,0,0,0.00958408527432491,0.0,0.1441385735605747,,1.9787114139538022
2025-08-17,117380.66,117499.0,117172.21,117407.92,434.95514,,,,,,23801.3,23881.6,23654.3,23716.4,0.0,,-0.0022000260226355817,-0.022732586648181452,0.01611468431187195,-0.04985673955327663,0,0,0.002783372706032043,197703.6446334801,0.0,0.0,0.0,,0,0,,,0.0,0.02767606823903601,0.008267394368557087,-0.006114247159745617,0,0,0.00958408527432491,0.0,0.15703248445162138,,1.9491830317578203
2025-08-18,117405.01,117543.75,115780.0,115802.33,3537.96982,,,,,,23726.2,23809.2,23647.2,23716.1,0.0,,-0.013675312534282114,-0.018630143719486347,0.015980329505089146,-0.06285024559222742,0,0,0.015230695271848158,258711.98365748275,0.0,0.0,0.0,,0,0,,,-1.2649474625314738e-05,0.027663068676687885,0.008267444465772962,-0.006126819292356593,0,0,0.0068308027036485764,0.0,0.15738000165726104,,1.9329201716498443
2025-08-19,116227.05,116725.69,115516.82,115760.0,1063.91272,,,,,,23723.0,23767.1,23357.5,23405.2,0.0,,-0.00036553668652439253,-0.018020128042506744,0.015980084637023044,-0.06319280820823077,0,0,0.010442899101589456,2910470.151201894,0.0,0.0,0.0,,0,0,,,-0.013109238028174874,0.014191188896640394,0.008656303500267784,-0.01915573938807234,0,0,0.017500384529933456,0.0,0.14978283745127288,,1.8460612172293318
2025-08-20,112872.95,113413.23,112566.01,112962.01,1514.7512,,,,,,23383.9,23419.5,22970.7,23253.8,0.0,,-0.024170611610228154,-0.04175510084974865,0.016553912895758506,-0.08583601099469809,0,0,0.007500043598728468,62669.10402333263,0.0,0.0,0.0,,0,0,,,-0.006468647992753818,0.0021289065866816337,0.008694138924093365,-0.02550047564568378,0,0,0.019300071386182012,0.0,0.18066050460166785,,1.9040291396302216
2025-08-21,114271.23,114691.26,113954.13,114665.14,843.77276,,,,,,23256.0,23302.5,23054.2,23155.6,0.0,,0.015077015715283526,-0.023739785954368653,0.016812833180483863,-0.07205314616611895,0,0,0.006428544891673181,55964.138811852696,0.0,0.0,0.0,,0,0,,,-0.004222965708830406,0.004189253653670955,0.008650384773802977,-0.029615753720303607,0,0,0.010723108017067115,0.0,0.15809744125720596,,1.9435914336996702
2025-08-22,112500.0,112924.37,112335.6,112840.09,599.22209,,,,,,23158.9,23584.6,23012.9,23517.6,0.0,,-0.015916345630415663,-0.05421187179401221,0.016739237009957497,-0.08682266901839583,0,0,0.005217737773870878,37648.19685574913,0.0,0.0,0.0,,0,0,,,0.01563336730639664,0.010453590440958394,0.008951474833994288,-0.014445380369872172,0,0,0.02430945334557936,0.0,0.06603662891554728,,1.8699955728448905
2025-08-23,116936.0,117030.0,116300.0,116425.33,882.64315,,,,,,23158.9,23584.6,23012.9,23517.6,0.0,,0.03177275026987303,-0.02118258295921749,0.017816636267492365,-0.05780851372900807,0,0,0.006270113213335964,27779.870005091227,0.0,0.0,0.0,,0,0,,,0.0,0.011040033016921136,0.008949943980098175,-0.014445380369872172,0,0,0.02430945334557936,0.0,0.058840947934663976,,1.9906958524156488
2025-08-24,115438.06,115666.68,115196.0,115601.93,1193.35718,,,,,,23158.9,23584.6,23012.9,23517.6,0.0,,-0.007072344136795694,-0.012793082835183656,0.017638196905306318,-0.06447201616267557,0,0,0.004071558320868804,168735.4955532077,0.0,0.0,0.0,,0,0,,,0.0,0.00864642305712815,0.008942430786276316,-0.014445380369872172,0,0,0.02430945334557936,0.0,0.06664161607932947,,1.9724141682184921
2025-08-25,113493.59,113516.16,112159.0,113199.99,1458.78883,,,,,,23532.4,23558.6,23387.1,23444.9,0.0,,-0.020777680787855246,-0.03468145935027911,0.018025763680444833,-0.08391011797895331,0,0,0.011989046995498881,70209.38201913542,0.0,0.0,0.0,,0,0,,,-0.0030913018335203546,0.00552839252015791,0.0089640964130657,-0.017492027172569192,0,0,0.007315023736505594,0.0,0.07962845324323532,,2.0108823846815618
2025-08-26,110111.98,110111.98,108666.66,109856.01,3231.35418,,,,,,23450.6,23556.5,23316.3,23553.5,0.0,,-0.0295404619735391,-0.07020180552952948,0.018678222483135706,-0.11097183630313999,0,0,0.013156494578676146,109387.35788969409,0.0,0.0,0.0,,0,0,,,0.004632137479793075,0.010186138274146606,0.008999952613661537,-0.012940915167439823,0,0,0.010198059736344947,0.0,0.052307324711499584,,2.075366674832961
2025-08-27,111763.22,111825.16,111092.8,111295.21,1064.99284,,,,,,23555.4,23605.8,23439.5,23490.2,0.0,,0.013100785291583206,-0.06861287809835526,0.01872431349825569,-0.09932486921237699,0,0,0.006580337105253681,81292.2281660427,0.0,0.0,0.0,,0,0,,,-0.0026874986732332573,0.00446424753482888,0.009002764657393893,-0.01559363514833015,0,0,0.00707954806685338,0.0,0.03530861317300963,,2.0798380733519295
2025-08-28,111262.01,111714.28,110862.42,111652.47,651.68518,,,,,,23499.0,23753.4,23438.9,23713.0,0.0,,0.003210021347729075,-0.05314660027786755,0.01863177266461322,-0.09643368281518001,0,0,0.0076295669948009265,203015.20745616153,0.0,0.0,0.0,,0,0,,,0.009484806429915338,0.016338216511370796,0.009146341668984332,-0.006256731329335365,0,0,0.01326276725846582,0.0,0.03824989076433657,,2.0370715383483837
2025-08-29,112566.9,112638.64,111425.28,111472.82,1147.71097,,,,,,23709.3,23712.8,23353.8,23406.5,0.0,,-0.0016090105306223457,-0.055490139242836856,0.018625709499808758,-0.09788753053464602,0,0,0.010884805820827001,713297.902765779,0.0,0.0,0.0,,0,0,,,-0.012925399569856166,-0.005844351663473968,0.00932126552546648,-0.019101260146758666,0,0,0.015337619891910367,0.0,0.03280660838226224,,1.9981932138924345
2025-08-30,108377.4,108410.73,107912.97,107912.97,1016.98258,,,,,,23709.3,23712.8,23353.8,23406.5,0.0,,-0.031934690447411374,-0.08681717112191045,0.019411037426385124,-0.12669621299577194,0,0,0.004612605880460845,31845.69029149721,0.0,0.0,0.0,,0,0,,,0.0,0.008366254098042925,0.008941946109079215,-0.019101260146758666,0,0,0.015337619891910367,0.0,0.043326220520843124,,2.170782006710604
2025-08-31,108816.33,109480.02,108801.35,109439.43,1232.26953,,,,,,23709.3,23712.8,23353.8,23406.5,0.0,,0.014145287633173131,-0.05460317098321532,0.01935767838328334,-0.11434307973745769,0,0,0.006201329813212645,87115.13620682807,0.0,0.0,0.0,,0,0,,,0.0,0.028716966039792347,0.00809827747265966,-0.019101260146758666,0,0,0.015337619891910367,0.0,-0.03590277828873341,,2.390342211070687
2025-09-01,108246.36,108482.98,107631.68,107949.22,1699.00605,,,,,,23445.0,23512.2,23331.0,23463.0,0.0,,-0.013616755862123853,-0.05100838230704652,0.019265219066878517,-0.1264028537982732,0,0,0.007886115342009909,124773.09716589341,0.0,0.0,0.0,,0,0,,,0.0024138593980305156,0.031200144156180887,0.008100239814843556,-0.016733508505047682,0,0,0.007722797596215349,0.0,-0.04330047641580543,,2.378348755562497
2025-09-02,109237.43,109611.11,108883.8,109326.01,1165.52175,,,,,,23462.6,23462.6,22988.6,23342.5,0.0,,0.012754052322008436,-0.03565371180580057,0.019437255027129924,-0.11526095008725919,0,0,0.006652671217032413,91384.35430010197,0.0,0.0,0.0,,0,0,,,-0.005135745642074752,0.02590416250972405,0.008177235588651343,-0.021783315103741017,0,0,0.020306308236050123,0.0,-0.06156307756725408,,2.376992939297996
2025-09-03,111240.01,111782.21,110901.06,110961.93,1370.592,,,,,,23351.7,23491.1,23265.4,23421.4,0.0,,0.014963685220013012,-0.03353335314543893,0.019495791369037358,-0.10202199344251152,0,0,0.007941011840727796,91594.48784862435,0.0,0.0,0.0,,0,0,,,0.0033801006747349316,0.007562721547303752,0.007199759849298364,-0.01847684422708615,0,0,0.00963648629031557,0.0,-0.12977392928713785,,2.707835358228468
2025-09-04,111705.72,112180.0,111619.86,111844.46,571.01906,,,,,,23422.6,23663.8,23377.1,23649.4,0.0,,0.007953448538611463,-0.024596643975314803,0.0195632133289254,-0.09487997157855159,0,0,0.0050082051448949675,71795.0633963687,0.0,0.0,0.0,,0,0,,,0.009734687081045523,0.02874468214680337,0.007070823346009761,-0.008922023442836517,0,0,0.012122929122937609,0.0,-0.11320957781863343,,2.7667479024895116
2025-09-05,110730.87,111169.98,110435.75,111053.72,809.90979,,,,,,23669.1,23867.3,23471.4,23639.2,0.0,,-0.00706999702980371,-0.02310213487917001,0.01954389925001264,-0.10127916749110712,0,0,0.006611484964213679,114555.72626530843,0.0,0.0,0.0,,0,0,,,-0.0004313005826787064,0.01401394101876674,0.006624635064531074,-0.00934947595160561,0,0,0.01674760567193466,0.0,-0.09060150059867539,,2.950180584715757
2025-09-06,110660.0,111307.7,109977.0,110187.97,5000.29897,,,,,,23669.1,23867.3,23471.4,23639.2,0.0,,-0.007795776674567989,-0.03992107673018219,0.019489262607798367,-0.10828539439412824,0,0,0.012076635952182412,641410.4411441063,0.0,0.0,0.0,,0,0,,,0.0,0.009152692872511192,0.006574201594091749,-0.00934947595160561,0,0,0.01674760567193466,0.0,-0.10323215578336427,,2.964501876592075
2025-09-07,110187.98,111600.0,110180.0,111137.34,5681.29944,,,,,,23669.1,23867.3,23471.4,23639.2,0.0,,0.008615913334277803,-0.0483899389615815,0.0192587689516763,-0.10060245863331839,0,0,0.012776983865188784,659395.3102388199,0.0,0.0,0.0,,0,0,,,0.0,-0.0013391970731996272,0.006286684735880672,-0.00934947595160561,0,0,0.01674760567193466,0.0,-0.16546142850204446,,3.0634172265051824
2025-09-08,111137.35,112924.37,110621.78,112065.23,11582.40211,,,,,,23658.2,23858.8,23623.9,23769.6,0.0,,0.008349039125823854,-0.03811937166016155,0.019340700994462855,-0.09309335337077809,0,0,0.02054687256698618,1387272.0037273816,0.0,0.0,0.0,,0,0,,,0.005516261125587896,0.004169676691633928,0.0063676093445872335,-0.0038847889767541573,0,0,0.009882370759289084,0.0,-0.14797340647346569,,3.037351943926003
2025-09-09,112065.23,113293.29,110766.66,111546.39,15379.28248,,,,,,23773.8,23888.5,23701.2,23863.2,0.0,,-0.0046298035528057335,-0.04444571989060675,0.019342005107697038,-0.09729215298540524,0,0,0.0226509347366597,3321793.0494587487,0.0,0.0,0.0,,0,0,,,0.00393780290791601,0.008123898964551346,0.00640471248619066,0.0,0,0,0.007848905427603978,0.0,-0.1504288714515948,,3.0199599044924574
2025-09-10,111546.38,114313.13,110917.45,113960.0,17517.41823,,,,,,23877.7,24002.4,23761.4,23834.1,0.0,,0.02163772399985331,-0.061747410645972445,0.018210454344690916,-0.07775960973920161,0,0,0.029797121797121864,809577.2981643436,0.0,0.0,0.0,,0,0,,,-0.0012194508699588935,0.012502230265337921,0.00631713544014021,-0.0012194508699588564,0,0,0.010111562844831565,0.0,-0.09852758356998022,,2.882703036877798
2025-09-11,113960.0,115488.09,113430.0,115482.69,13676.73119,,,,,,23834.7,24024.7,23834.7,23985.9,0.0,,0.013361618111618068,-0.029302235192202652,0.018070296582445643,-0.06543698583742714,0,0,0.01782163196925874,1023582.6858635548,0.0,0.0,0.0,,0,0,,,0.006369025891475033,0.005179718635672348,0.005915244453990333,0.0,0,0,0.007921320442426591,0.0,0.005355450409053279,,3.0548637802479854
2025-09-12,115482.69,116665.63,114740.99,116029.42,15324.10719,,,,,,24003.1,24158.9,23952.7,24114.6,0.0,,0.004734302604139096,-0.027207555272250383,0.018088655134028894,-0.06101248172574513,0,0,0.016587517200379,3236817.7751089996,0.0,0.0,0.0,,0,0,,,0.005365652320738379,0.01136997504560977,0.005986459153291454,0.0,0,0,0.008550836422748075,0.0,0.015380408842720107,,3.021589967449088
2025-09-13,116029.41,116298.78,115127.27,115918.29,8269.40394,,,,,,24003.1,24158.9,23952.7,24114.6,0.0,,-0.0009577743299932218,-0.06191181986693228,0.016704169525848574,-0.061911819866932276,0,0,0.01010634301109855,8633889.364277365,0.0,0.0,0.0,,0,0,,,0.0,0.012797197804274463,0.0059773421641621085,0.0,0,0,0.008550836422748075,0.0,0.04020345538364518,,2.794576773642402
2025-09-14,115918.29,116165.19,115135.0,115268.01,6707.60197,,,,,,24003.1,24158.9,23952.7,24114.6,0.0,,-0.005609813602322822,-0.02931409208142588,0.015197481183315938,-0.067174319700021,0,0,0.00893734523568163,1195688.5716019,0.0,0.0,0.0,,0,0,,,0.0,0.01679006931912075,0.0059211188759299635,0.0,0,0,0.008550836422748075,0.0,-0.01840683839683704,,2.5666526606261453
2025-09-15,115268.01,116757.99,114384.0,115349.71,13212.51149,,,,,,24124.5,24325.8,24087.3,24308.0,0.0,,0.000708782948538822,-0.019691877376785683,0.015119570891755243,-0.06651314876386517,0,0,0.020580805968216175,18640861.929055046,0.0,0.0,0.0,,0,0,,,0.00802003765353776,0.024944763960803362,0.006073486723476842,0.0,0,0,0.009811584663485272,0.0,-0.016351000734707223,,2.489434271580519
2025-09-16,115349.71,116964.27,114737.11,116788.96,10926.9094,,,,,,24303.2,24419.3,24272.3,24303.6,0.0,,0.012477274541912609,-0.005271876036982759,0.015300782148785391,-0.05486577703972641,0,0,0.019069953187356093,875744.1864289683,0.0,0.0,0.0,,0,0,,,-0.00018101036695739037,0.02475923833296778,0.006074439266893758,-0.00018101036695744016,0,0,0.006048486643953983,0.0,-0.021568085420020863,,2.518875617609632
2025-09-17,116788.96,117286.73,114720.81,116447.59,16754.2454,,,,,,24306.0,24328.2,24020.5,24278.6,0.0,,-0.0029229646363835293,0.005572081321679745,0.015095475071084583,-0.05762837095007511,0,0,0.022034977280337,5731916.107465547,0.0,0.0,0.0,,0,0,,,-0.0010286541911486147,0.02371806494322426,0.006082146379645085,-0.0012094783610334646,0,0,0.012673712652294644,0.0,-0.024022202218913272,,2.481928140092553
2025-09-18,116447.6,117900.0,116092.76,117073.53,11657.23365,,,,,,24277.5,24595.4,24275.4,24493.5,0.0,,0.005375293726559649,0.011347011057360135,0.015123165257260028,-0.05256284664435515,0,0,0.01543679429500422,2168665.1104757143,0.0,0.0,0.0,,0,0,,,0.008851416473766971,0.04649821407208643,0.005657113580111315,0.0,0,0,0.013064690632208545,0.0,-0.014695760831586234,,2.67329589730519
2025-09-19,117073.53,117459.99,115100.0,115632.38,8992.09065,,,,,,24498.6,24668.9,24437.3,24642.1,0.0,,-0.01230978514101344,0.023639540408319615,0.01460238755126077,-0.06422559443677656,0,0,0.020409421651617004,730482.5585634969,0.0,0.0,0.0,,0,0,,,0.006066915712331866,0.0597020701992792,0.005506776021237185,0.0,0,0,0.00939854963659762,0.0,-0.12724215615056575,,2.6517078192154115
2025-09-20,115632.39,116121.81,115408.47,115685.63,4674.92752,,,,,,24498.6,24668.9,24437.3,24642.1,0.0,,0.0004605111474831336,0.008899740583755422,0.014354181364111837,-0.06379465989148533,0,0,0.006166193675048461,10151385.11130201,0.0,0.0,0.0,,0,0,,,0.0,0.06419613398054902,0.005396423742496903,0.0,0,0,0.00939854963659762,0.0,-0.09180474181311,,2.6599384054459323
2025-09-21,115685.63,115819.06,115188.0,115232.29,4511.52219,,,,,,24498.6,24668.9,24437.3,24642.1,0.0,,-0.003918723526854739,0.021199912194327375,0.014047919769174248,-0.0674633897837356,0,0,0.005476416376000145,1151270.4701870978,0.0,0.0,0.0,,0,0,,,0.0,0.04781525325713498,0.004760921381832149,0.0,0,0,0.00939854963659762,0.0,0.015442688736483245,,2.950666296679157
2025-09-22,115232.29,115379.25,111800.0,112650.99,20781.71356,,,,,,24637.4,24811.3,24534.2,24780.3,0.0,,-0.022400839209218093,-0.03241854672003075,0.0133953095097683,-0.08835299244589942,0,0,0.03177291207116777,927719.8987370618,0.0,0.0,0.0,,0,0,,,0.005608288254653759,0.053691703235023924,0.004807069445605,0.0,0,0,0.011182269786887106,0.0,-0.0026818632169346053,,2.7865795981415116
2025-09-23,112650.99,113290.5,111458.73,111998.8,12301.3203,,,,,,24782.6,24813.3,24569.0,24621.7,0.0,,-0.005789474198140687,-0.03116842426419686,0.01337732678493044,-0.09363094927394604,0,0,0.016355264520691328,2124769.647691691,0.0,0.0,0.0,,0,0,,,-0.006400245356190104,0.04694781780453794,0.005024784146855359,-0.006400245356190141,0,0,0.009922141850481457,0.0,0.012106087161971264,,2.6622636458256315
2025-09-24,111998.8,113940.0,111042.66,113307.0,12369.25967,,,,,,24633.7,24702.3,24418.2,24537.5,0.0,,0.011680482290881589,0.0009453181047101022,0.013027910527389571,-0.08304412162793715,0,0,0.02557070613466067,1058967.324489919,0.0,0.0,0.0,,0,0,,,-0.003419747621001057,0.04660288591548678,0.00503557523331618,-0.009798105753360504,0,0,0.011578196637799227,0.0,-0.06865260350242991,,2.587169102251508
2025-09-25,113307.01,113510.23,108631.51,108994.49,21231.14957,,,,,,24542.5,24585.0,24215.8,24428.5,0.0,,-0.03806040226993912,-0.007842265525572878,0.013768463079837019,-0.11794383122256324,0,0,0.04476116177982943,557827.6299116389,0.0,0.0,0.0,,0,0,,,-0.004442180336220125,0.037149468231897576,0.0051148325440638605,-0.014196761136870791,0,0,0.01511349448390203,0.0,0.0914685774741702,,2.691864502420764
2025-09-26,108994.49,110300.0,108620.07,109643.46,14243.01591,,,,,,24426.3,24542.6,24316.5,24522.5,0.0,,0.0059541541962351285,-0.014841159830688122,0.0135916263332845,-0.11269193278392205,0,0,0.01532175288886353,2392110.032673601,0.0,0.0,0.0,,0,0,,,0.003847964467732279,0.04394598598564503,0.005081327537455917,-0.010403425301549992,0,0,0.009220103986135122,0.0,0.12800632718967586,,2.674812730525563
2025-09-27,109643.46,109743.91,109064.4,109635.85,5501.78643,,,,,,24426.3,24542.6,24316.5,24522.5,0.0,,-6.940678449951498e-05,-0.0180615798289101,0.013574700150529804,-0.11275351798372799,0,0,0.006197881441152773,79257293.02598915,0.0,0.0,0.0,,0,0,,,0.0,0.034137392991186344,0.004853962139468905,-0.010403425301549992,0,0,0.009220103986135122,0.0,0.11815093057108512,,2.7966168244251755
2025-09-28,109635.85,112350.0,109189.99,112163.95,7542.3316,,,,,,24426.3,24542.6,24316.5,24522.5,0.0,,0.02305906325348861,0.0061999866873376774,0.014237249542993262,-0.0922944452334795,0,0,0.028173134059561872,327087.3689105836,0.0,0.0,0.0,,0,0,,,0.0,0.047679063508,0.00407429670859062,-0.010403425301549992,0,0,0.009220103986135122,0.0,0.10292052602063959,,3.494398080776348
2025-09-29,112163.96,114400.0,111560.65,114311.96,15541.12005,,,,,,24531.4,24775.5,24528.6,24615.2,0.0,,0.01915062727373651,0.05929769146377861,0.013270485335908392,-0.07491131447984573,0,0,0.02483860831360083,811519.7331481673,0.0,0.0,0.0,,0,0,,,0.003780201855438925,0.051639501847777325,0.004082776077639222,-0.006662550493738919,0,0,0.010030387727908019,0.0,0.10065472456536356,,3.250350393959839
2025-09-30,114311.97,114792.0,112656.27,113065.08,10666.07961,,,,,,24620.2,24719.5,24529.3,24644.2,0.0,,-0.010907695047832289,0.03312928439046159,0.013268617650232536,-0.08500189975369961,0,0,0.018889386537381796,977848.1874259786,0.0,0.0,0.0,,0,0,,,0.0011781338360037363,0.05287847392818246,0.004071632681648132,-0.005492266033905907,0,0,0.007717840303195102,0.0,0.11884939989344832,,3.258787346452912
2025-10-01,114048.94,114429.76,113966.67,114289.52,669.29496,,,,,,24650.1,24684.3,24571.5,24585.5,0.0,,0.010829515178337967,0.058734097383936756,0.013078334977090635,-0.07509291393893185,0,0,0.004051902571644334,61802.798273997665,0.0,0.0,0.0,,0,0,,,-0.0023818991892615715,0.047841282018497244,0.004137352414251256,-0.007861083199154137,0,0,0.004588070203981992,0.0,0.10233947657871544,,3.161031997593916
2025-10-02,118594.99,119456.92,118368.05,118592.06,2320.02994,,,,,,24650.1,24684.3,24571.5,24585.5,0.0,,0.0376459713891526,0.08475613442766283,0.014497562385630153,-0.04027388823945229,0,0,0.009181643357911107,61627.559021970366,0.0,0.0,0.0,,0,0,,,0.0,0.05325050872871362,0.003952564498990184,-0.007861083199154137,0,0,0.004588070203981992,0.0,0.10387190982188364,,3.6678783383675717
2025-10-03,120529.35,120550.9,120078.75,120221.91,856.49101,,,,,,24650.1,24684.3,24571.5,24585.5,0.0,,0.013743331551876237,0.0834518649774747,0.014463978632623786,-0.02708405408653401,0,0,0.003927320735463229,62320.433991038524,0.0,0.0,0.0,,0,0,,,0.0,0.04970240890809263,0.0039523290157739786,-0.007861083199154137,0,0,0.004588070203981992,0.0,0.08055077316950185,,3.6595996889177114
2025-10-04,122232.21,122295.56,121982.23,122091.01,475.64697,,,,,,24650.1,24684.3,24571.5,24585.5,0.0,,0.01554708289029838,0.09161428290681539,0.014623267647873535,-0.011958049230124303,0,0,0.0025663642228858762,30593.949193987955,0.0,0.0,0.0,,0,0,,,0.0,0.03958239955347698,0.0036518075018436144,-0.007861083199154137,0,0,0.004588070203981992,0.0,0.04730726284985255,,4.004380733837603
2025-10-05,122390.99,122410.0,122157.7,122244.41,261.13591,,,,,,,,,,,,0.001256439765712658,0.10076825882104634,0.014503495259897569,-0.01071663403298483,0,0,0.00206389805472498,207836.3314842785,0.0,0.0,0.0,,0,0,,,0.0,0.04003096551490737,0.003645595219053425,,0,0,,,0.03779425014507058,,3.9783504763753266
2025-10-06,123482.32,124358.46,123084.0,123584.95,1474.47086,,,,,,,,,,,,0.010966063806107762,0.12158296409308567,0.014412446826122449,0.0,0,0,0.01031242072760483,134457.49919891707,0.0,0.0,0.0,,0,0,,,0.0,0.04003096551490737,0.003645595219053425,,0,0,,,0.021833540440780418,,3.9533756290442814
2025-10-07,124658.54,125082.27,124600.0,125046.94,535.4452,,,,,,,,,,,,0.011829838503798484,0.12515685547269717,0.014460325082381618,0.0,0,0,0.0038567117276120796,45262.219531219875,0.0,0.0,0.0,,0,0,,,0.0,0.04003096551490737,0.003645595219053425,,0,0,,,0.01899544945156275,,3.9665087724820127
2025-10-08,121332.96,122089.68,121276.0,121832.92,790.37194,,,,,,,,,,,,-0.025702508194123008,0.08716075449985694,0.015415292497094205,-0.025702508194122974,0,0,0.006678654669033567,30750.758895707033,0.0,0.0,0.0,,0,0,,,0.0,0.034325356758212244,0.003564633288386792,,0,0,,,0.02748953637017545,,4.32449792306442
2025-10-09,123306.01,123348.32,122583.0,122700.8,528.48578,,,,,,,,,,,,0.007123526219350307,0.09999794704248166,0.015366480263663738,-0.0187620744657966,0,0,0.006237286146463649,74188.68434534328,0.0,0.0,0.0,,0,0,,,0.0,0.030268363002447174,0.003530076132017758,,0,0,,,0.039232054578644864,,4.353004342950814
2025-10-10,121662.41,121874.13,121595.75,121786.26,357.09667,,,,,,,,,,,,-0.007453415136657648,0.06867550017550017,0.01508444931364097,-0.026075648072635824,0,0,0.0022858079392536128,47910.41211961961,0.0,0.0,0.0,,0,0,,,0.0,0.03152625859587732,0.0035105996244568756,,0,0,,,0.07447374571541608,,4.296817626361597
2025-10-11,112774.49,113178.66,111620.3,112143.65,4004.34367,,,,,,,,,,,,-0.07917650151995803,-0.02891377053998312,0.021037107761611936,-0.10318757100333689,1,0,0.013896105575304537,50574.893906390724,0.0,0.0,0.0,,0,0,,,0.0,0.02499801966988935,0.0033669299895128352,,0,0,,,0.058803148077075026,,6.248138614628474
2025-10-12,110644.4,110685.63,109565.06,110039.84,1449.71411,,,,,,,,,,,,-0.018759956537886868,-0.05162121813588316,0.021261708765869882,-0.12001173319395105,0,0,0.010183311789620987,77277.00937377558,0.0,0.0,0.0,,0,0,,,0.0,0.019527589095402753,0.003258383499357533,,0,0,,,0.05305299244276417,,6.525212123723582
2025-10-13,114958.81,115888.0,114766.69,115283.65,1831.14783,,,,,,,,,,,,0.0476537406815567,-0.005474890977083979,0.023082135794982996,-0.078077000524763,0,0,0.009726531038876699,38426.10085901809,0.0,0.0,0.0,,0,0,,,0.0,0.019527589095402753,0.003258383499357533,,0,0,,,0.03438249297476082,,7.083900639850334
2025-10-14,115166.0,115409.96,114542.0,114711.0,1023.79943,,,,,,,,,,,,-0.004967313231321158,-0.0048323034291993805,0.023076972603848424,-0.08265648083831562,0,0,0.007566493187227088,206106.8672850791,0.0,0.0,0.0,,0,0,,,0.0,0.019527589095402753,0.003258383499357533,,0,0,,,0.034198676119972134,,7.08231605802018
2025-10-15,113028.13,113112.41,112384.32,112726.98,1477.97662,,,,,,,,,,,,-0.017295812956037326,-0.02273720497433418,0.023293715825499484,-0.0985226827621692,0,0,0.006458879675477836,85452.80694400801,0.0,0.0,0.0,,0,0,,,0.0,0.011415994734243817,0.0029469763753740825,,0,0,,,0.03847173813920067,,7.904249581928468
2025-10-16,110763.28,111109.65,110361.0,111005.02,1023.51951,,,,,,,,,,,,-0.015275491279904685,-0.04952471534980707,0.023311669309970834,-0.11229319166066758,0,0,0.006744289582579186,67003.98836314892,0.0,0.0,0.0,,0,0,,,0.0,0.011599104659392179,0.0029459676861479673,,0,0,,,0.04505084797704899,,7.913050197081486
2025-10-17,108194.27,109115.08,107934.4,108980.44,890.83243,,,,,,,,,,,,-0.018238634613101268,-0.06412455594830258,0.023512458142427164,-0.12848375178153099,0,0,0.01083387073863904,48843.126717875355,0.0,0.0,0.0,,0,0,,,0.0,0.012640761823169422,0.0029348678035892818,,0,0,,,0.047301875452278715,,8.011392540320424
2025-10-18,106431.68,106980.72,106322.2,106951.59,575.43807,,,,,,,,,,,,-0.01861664350043002,-0.08645797218209794,0.023662777531457888,-0.14470845907944652,0,0,0.006157178214928867,30909.855521923324,0.0,0.0,0.0,,0,0,,,0.0,0.003756098556759957,0.0024657549794286594,,0,0,,,0.0195157090571444,,9.596525917462245
2025-10-19,107185.0,107267.2,106734.17,106939.99,493.36618,,,,,,,,,,,,-0.00010846028563005206,-0.07517262898160537,0.023597295040831044,-0.14480122424427178,0,0,0.004984384232689743,4548399.38084676,0.0,0.0,0.0,,0,0,,,0.0,-0.002296882165075176,0.00219589107472998,,0,0,,,0.06123617153111147,,10.74606470773402
2025-10-20,108642.77,108642.77,107402.52,108016.9,1452.56796,,,,,,,,,,,,0.010070227236789409,-0.06628939134445666,0.023701447855325516,-0.13618917823978746,0,0,0.011481999575992276,144243.66833120483,0.0,0.0,0.0,,0,0,,,0.0,-0.002296882165075176,0.00219589107472998,,0,0,,,0.061440239604403694,,10.793495266283784
2025-10-21,110532.09,110532.09,110128.07,110152.11,549.02436,,,,,,,,,,,,0.019767369735661733,-0.04408642751089986,0.024027858284170544,-0.1191139103443875,0,0,0.0036678371390252034,27774.260794389542,0.0,0.0,0.0,,0,0,,,0.0,-0.002296882165075176,0.00219589107472998,,0,0,,,0.061756004620624895,,10.942140591249148
2025-10-22,108297.66,108643.61,107841.2,108051.58,2182.45282,,,,,,,,,,,,-0.019069357818020882,-0.040828846688342524,0.02393409825229458,-0.1359118423849476,0,0,0.0074261755357950664,114448.09501957081,0.0,0.0,0.0,,0,0,,,0.0,-0.007861083199154129,0.0019163659130604568,,0,0,,,0.16100901418670235,,12.48925019834536
2025-10-23,107567.45,108443.09,107500.0,108315.03,696.23445,,,,,,,,,,,,0.002438187391614166,-0.03289115597667125,0.02392573208632551,-0.1338050335338074,0,0,0.008706917220998752,285552.9467772378,0.0,0.0,0.0,,0,0,,,0.0,-0.0014702477895515154,0.0015258345012657815,,0,0,,,0.17435499221461156,,15.680321334498798
2025-10-24,110078.19,110709.22,109983.93,110550.48,611.12551,,,,,,,,,,,,0.02063841001567379,-0.02432788795043561,0.024142205147031776,-0.1159281466623654,0,0,0.006560713259680177,29611.06080484273,0.0,0.0,0.0,,0,0,,,0.0,0.001956189505858408,0.001386638114384055,,0,0,,,0.23360624919203468,,17.410477032059195
2025-10-25,111004.9,111044.86,110672.86,110876.15,256.03075,,,,,,,,,,,,0.002945894038632879,0.017263808473253928,0.023081853051960702,-0.11332376465989498,0,0,0.0033550948513273596,86910.75698406575,0.0,0.0,0.0,,0,0,,,0.0,0.006426919376957274,0.0010951686287318596,,0,0,,,0.06999272269809154,,21.07587972081584
2025-10-26,111646.27,111899.56,111544.15,111730.75,460.35098,,,,,,,,,,,,0.0077076990858719885,0.01903706796556759,0.02309748487054431,-0.10648953105129963,0,0,0.003180950633554357,59726.04503766369,0.0,0.0,0.0,,0,0,,,0.0,0.00256906922214295,0.0008535948657366239,,0,0,,,0.055008899264810736,,27.05875493178238
2025-10-27,114559.41,115176.47,114362.26,115028.72,1410.72946,,,,,,,,,,,,0.02951712039881582,0.04918892862143176,0.02367937449300774,-0.08011567496173838,0,0,0.0070783192232340445,47793.58429966471,0.0,0.0,0.0,,0,0,,,0.0,0.00256906922214295,0.0008535948657366239,,0,0,,,0.04932229667832308,,27.740439919556298
2025-10-28,114107.65,114374.2,113788.32,114246.57,663.17207,,,,,,,,,,,,-0.006799606220081356,0.018567641385668132,0.02338402988801572,-0.08637052614002386,0,0,0.00512820647482012,97530.80887733768,0.0,0.0,0.0,,0,0,,,0.0,0.00256906922214295,0.0008535948657366239,,0,0,,,0.05437520316515486,,27.394443057486928
2025-10-29,112898.44,112898.45,112254.2,112321.57,714.32724,,,,,,,,,,,,-0.016849521171620307,-0.01741191385398344,0.02333787484178766,-0.10176474530284384,0,0,0.005735763843044572,42394.48758094483,0.0,0.0,0.0,,0,0,,,0.0,-0.0012065715492866058,0.0004917646403158441,,0,0,,,-0.1172637151259957,,47.45644229803883
2025-10-30,110021.3,110611.74,109703.43,110556.01,810.56277,,,,,,,,,,,,-0.015718797377921367,-0.022191378629016212,0.023429503109926416,-0.11588392326913403,0,0,0.00821583557510815,51566.429342375945,0.0,0.0,0.0,,0,0,,,0.0,-0.0023818991892615715,0.00043487330522057663,,0,0,,,-0.09115522844570474,,53.87537950679152
